comment,sentiment,aspect
"Máy mạnh, thiết kế đẹp, màn hình tiệc vời. nhân viên tư vấn ok",positive,màn_hình
Nv hỗ trợ tốt,positive,khác
"Mình mới mua IP 17 Promax ở Hải Phòng, nhân viên tư vấn bán hàng ko nói và khi về mình mới để ý phát hiện ra là IP mã ZP/a và đã được kích hoạt từ trước 28/1/2026 trong khi ngày mình mua là 3/4/2026 Quá thất vọng",negative,khác
Mình mới mua em Tecno pova 7 chưa được 1 tháng. Giờ muốn đổi lên Poco M6 thì không biết phải bù thêm bao nhiêu tiền vậy ạ.,neutral,giá
"Máy rất mượt, nhưng thấy hơi hao pin. Mới dùng thấy ổn vs tầm giá",positive,pin
Em có con s10plus không lên nguồn có thu củ đổi mới không?,neutral,khác
"Đặt 9h15 10h05 đã giao hàng dù trời mưa khi ra lại tgdd để cài app hỗ trợ nhanh máy dùng tik zalo youtube pin 11,5 tiếng mới hết dùng wifi xạc 110p mới đầy pin",negative,pin
Ngày đầu tiên bàn phím hơi lag . Tải các app khác mở lên thì lagapp mắc dù wifi rất mạnh,positive,giá
Dạ cho mình hỏi trừ hết quà thì giá còn bao nhiêu nhỉ ?,neutral,giá
Cho e hỏi lên đời từ iphone 11 thì bù thêm nhiêu vậy ạ,neutral,khác
Mình mua ở tgdđ ngã ba đông yên yên phong bắc ninh màu sa mạc 31590 rất OK thua mỗi 17 cấu hình khung viền thì 16prm titan ăn đứt 17prm,positive,khác
"Iphone 11 64gb đã thay pin , thân máy còn mới ko xước có thu cũ đổi máy đc ko ạ",negative,pin
Mình dùng 67 tháng thì thấy rất ok chỉ là % pin tụt hơi nhanh. Kh bt có bảo hành thay pin chính hãng của Apple kh ạ,positive,pin
"Đã sử dụng hơn 5 tháng,xài mượt, nhưng tuột nhanh ,cảm thấy thất vọng",negative,hiệu_năng
"ss s25 mượt, màn hình đẹp, mỏng nhẹ. tuy nhiên phần tối ưu phần mềm thứ ba một vài ứng dụng chưa tối ưu bằng iphone.",positive,màn_hình
Có sài sạc dc sạc 67w hay 80w không shop,positive,khác
Tại Bạc Liêu còn không ạ?,neutral,khác
Máy bao ngon không nóng máy pin trâu.... ai thích bần bần mua sài thì ok...,positive,pin
"Mới sạc 42 lần. Không sử dụng khi sạc, không sạc qua đêm, không có chơi bất kì game nào.",negative,khác
Về cơ bản thì quá ok.,positive,khác
"Vùng Hải châu, Nghệ An (Diễn Mỹ) có shop nào k nhỉ?",neutral,khác
"Máy chạy mượt, pin trâu, nhân viên rất nhiệt tình",positive,pin
Pin dùng ok nhưng để qua đêm tắt hết mạng wifi .. mà vẫn tụt 10%,positive,pin
Cho e hỏi 17 màu tím oải hương 256 ở tp.hcm có hàng ko ạ,neutral,khác
Mới mua con máy này cho mẹ xem video tiktok YouTube xem mượt lắm.,positive,khác
"Mình mua iphone 16promax hôm 14/2 , giờ mình muốn bán lại thì thâu bn",neutral,khác
"Máy mới mua 3 4 ngày lúc mua test rất kỹ là khung màn cam rất ok, về dùng được 3 4 ngày thì phát hiện bụi lọt vào camera khả năng bụi nằm sẳn ở cam trong quá trình sử dụng thì nó lọt ra, đã tới cửa hàng ở chi nhánh trên ảnh nhân viên hắc dịch tư vấn nói là lúc mua máy anh phải kiểm tra để đổi ngay lúc đó nhưng kiểm tra thì k có về sử dụng mới phát hiện ra, nhân viên k chấp nhận 1 đổi 1 mà yêu cầu gởi máy lên hãng để bung máy lấy bụi ra trong khi máy mới mua 3 4 hôm mà kêu bung máy lấy bụi ra chứ k chấp nhận 1 đổi 1 do lỗi nhà sản xuất, vậy chính sách 1 đổi 1 nó có tác dụng gì có phải lừa đảo không, tôi không chấp nhận cách xử lí như vậy số tiền không ít mua phải sản phẩm lỗi mà không được 1 đổi 1, tôi mang đi chi nhánh khác thì nhân viên yêu cầu gửi đi hãng thẩm định lỗi rồi mới quyết định đổi máy phải mất tận 15 ngày, lần mua hàng giá trị cao như này khiến tôi cực kỳ thất vọng về thế giới di động, nếu ở bên nước ngoài thì sẽ được đổi ngay lập tức còn mua chính hãng ở việt nam giá cao nhưng bù lại thêm cục tức, bỏ số tiền không ít để mua sản phẩm chính hãng đắt hơn các cửa hàng khác mà chính sách bảo hành quá chán",negative,màn_hình
Mua đặt gạch trước cũng ko được ưu đãi hơn là mua từ bây giờ,neutral,khác
"Điều đầu tiên mình rất ưng khi đi mua hàng ở TGDĐ đó là chính sách hỗ trợ khách hàng siêu tốt, mình mua con Galaxy A15 4tr5 dùng được 1 năm, đến khi mang ra TGDĐ thì vẫn được hỗ trợ thu cũ lên đời con Xiaomi 15T Pro này, mà còn được thu lại với mức giá khá cao, giá thu khoảng tầm 85% so với giá mua lúc trước. Các bạn nhân viên hỗ trợ mình cũng rất tận tình và chu đáo. Máy dùng oke, không có gì phải bàn cãi, có điều pin tụt hơi nhanh so với dung lượng 5500mah, chắc do chip khoẻ quá nên ngốn điện hơi nhiều. Nói chung là 10/10, không có nhưng",positive,pin
"Điện thoại mk mới mua hôm 2710 đến hnay là 211 mới dùng đc mấy hôm mà đt tụt pin nhiều quá có 7tiếng đồng hồ mk tắt hết wifi, 4g và các tác vụ ứng dụng chạy ngầm và không dùng điện thoại trong thời gian đó nhưng vẫn bị tụt mất 6% pin ra cửa hàng thì các kêu bình thường và k hỗ trợ mấy mới mà vậy thì",neutral,pin
Dùng tốt so với giá tiền,positive,giá
thanh toán bằng thẻ visa của vietcombank được ưu đãi gì ạ,neutral,khác
Mau hết PIN,negative,pin
"Mình có mua 1 máy ở điện máy xanh thới lai cần thơ. Khi mua thì nv đưa máy đã khui seal. Về xài đc vài ngày thì khi lướt tik tok loa bị rè. Đem lên bảo hành thì nói muốn 1đổi 1 thì đợi test máy 15 ngày. Với lại do ứng dụng tik tok chưa cập nhật phần mềm. Về xài thêm thì lại bị nv, mình ra bảo hành nv lại nói do đt 2 loa nên rè, bịch lại 1 loa, và do ng quay clip xài hệ điều hành khác nên clip nghe rè.. M ng nếu có mua máy dòng này nên cân nhắc kĩ dòng đt này. Để đt thiết kế 2 loa mà bị rè thì cũng như ko.",negative,thiết_kế
"Cải tiến về khả năng gập vẫn chưa hoàn hảo lắm ạ, đôi khi cũng gây khó chịu khi sử dụng.",negative,khác
"ss s25 mượt, màn hình đẹp, mỏng nhẹ. tuy nhiên phần tối ưu phần mềm thứ ba một vài ứng dụng chưa tối ưu bằng iphone.",positive,màn_hình
Hqua e mới mua con ss a56 12G 256 mà lỡ quên mk .giờ đem ra tgdd cài lại chương trình giúp dc ko ạ.phí hết bao nhíu ạ và mất bao lâu mới xong ạ,neutral,khác
"Máy mua từ 3/1/2025 đến nay là 9/11/2025 còn chưa đầy 1 năm chưa hết bảo hành pin đã tụt còn 84%, chắc 1 năm thay pin 1 lần hả shop, tiền đâu mà trả gọi điện tư vấn thì bảo đi thay pin, thà bỏ tiền mua máy mới còn hơn",negative,pin
.tôi muốn lấy một cái giờ còn hàng nguyên hộp không shop,neutral,khác
Sản phẩm ok,positive,khác
Bên mình còn Xiaomi Redmi note 14 pro plus 5g 12/512gb ko ạ,negative,khác
"Mới mua hôm tối 30/12/2025, tới nay 5/2/2026. ít sử dụng, lúc sạc pin thì tắt hết wf và mạng di động,.... sạc đc tầm 98%. Tớ chỉ nt zalo là lướt fb 1xisu rồi đi ngủ. sáng dậy thấy tuột 13%pin trong k mở tap nào cả, cũng để chế độ k làm phiền. 85% tớ tắt máy xong tầm 34p sau xem lại còn 84%, khởi động lại máy xong còn 82%. tính ra mới mua đc 7 ngày thôi á mà sau tuột pin nhanh vậy",negative,pin
"Xài rất tệ, máy ko đc mượt cấu hình rất chậm, nói chung rất là tệ",positive,khác
E ms mua hôm trc tết vài hôm Bh e tải ngân hàng s ko dc mà tải gem thì dc hỗ trợ giúp e,neutral,khác
"mua 8/7/2025.. sau khi xóa các app ko cần thiết.. chạy rất mượt.. màn hình sáng đẹp.. pin lâu.. mở khóa khuôn mặt, vân tay đều ổn... camera chụp hơi xấu.. máy giá rẻ như thế là ổn..nghe gọi, wifi, 4g ổn đinj",negative,pin
"Mình mới mua đc 5 ngày, trước mắt thấy OK tất cả ko có lổi gì",positive,khác
Có ưu đãi gì cho sinh viên hong ạ,neutral,khác
Shop bên Tam Đa Bắc Ninh có săn hàng ko shop,neutral,khác
"Sau khi dùng được 15 Ngày tôi cảm nhậnMáy mượt , tốt , dùng lâu sẽ bị ấm và hơi nóng máy Quan trọng nhất là máy rất dễ bị hở và bung nắp lưng nhé . hôm trước tôi mang qua hãng và bảo hành lắp lưng rồi , hôm nay lại bị , cách nhau đc 4 ngày",negative,khác
14 thường 128 màu vàng có giá bao nhiêu ạ,neutral,giá
Sạc nhiêu w,positive,khác
Xin giá với ạ,neutral,giá
"Loa và âm thanh sống động, hỗ trợ stereo chất lượng cao.",positive,loa_âm_thanh
Mình vừa mua hôm 8/5 để đt qua đêm thấy tụt 3% pin qua ngày 10/5 cũng tụt 3% pin,negative,pin
Sản phẩm dùng ok,positive,khác
Mới mua Máy 14tr được 2 ngày nói Xiaomi dòng cao cấp pin 5500 gì mà tụt nhanh vãi ra chán hết muốn nói cảm thấy thất vọng vô cùng,negative,pin
"RAM 12GB mình chơi game nặng, mở nhiều ứng dụng cùng lúc không thấy lag, hiệu năng rất ổn định.",positive,hiệu_năng
Bên shop có thu cũ ip mã LLA ko ạ hay chỉ thu mã VNA thôi ạ?,neutral,khác
"sản phẩm đúng với mô tả , đẹp , chất lượng",positive,thiết_kế
iphone 14 có sẵn ở FPT Cam Ranh ko Em?,neutral,khác
Có hỗ trợ trả góp qua CCCD không ạ?,neutral,khác
Còn hàng ko shop,neutral,khác
trải nghiệm tuyệt vời,positive,khác
điện thoại poco có điều khiền hồng ngoai ko shop,neutral,khác
Tốt xài mượt,positive,khác
Tốt dùng mượt,positive,khác
Phải sạc dự phòng có sạc không dây không,neutral,khác
"Iphone 16e rất tốt vượt mong đợi. Lúc mua giá 15.790.000đ, bây giờ giảm còn 13.990.000đ quá rẻ nên mua",positive,giá
Thiết kế nhựa dù đẹp nhưng dễ bám vân tay và trầy xước.,negative,thiết_kế
Máy đẹp..xài êm nha,positive,thiết_kế
"Sử dụng hay sạc pin máy đều nóng, để qua đêm tụt pin, pin không được trâu như ip11",negative,pin
"Đã mua dùng được 1 tuần , nói chung cũng ưng",positive,khác
Mua cũng đc 2 tháng xài ok màn hình to nét tần số quét 144hz mượt mà. Pin siêu trâu xài 3 ngày mới sạc. Sạc rất nhanh nữa chứ,positive,pin
Mới mua mà sài máy bị treo hoài,negative,khác
vừa mua sao sạc lâu vô pin quá vậy ạ,negative,pin
mình đẫ đặt trước iphone air (đã đặt cọc) nay muốn đổi lai nhận iphone 17 pro max được không ?,positive,khác
"trả góp này hơi cao nhỉ...., ưu đãi túi lộc này còn bao lâu nữa sẽ hết ạ?, Mình ở huyện Nhà Bè gần Quận 7 thì có chi nhánh nào còn hàng không",neutral,khác
Dùng 2 tuần thấy ngon. Khuyến mãi lúc mua giảm 3 triệu. So với tầm tiền điện thoại android đáng mua.,positive,giá
"Máy gửi đi bảo hành quá hạn 15 ngày rồi vẫn chưa được đổi máy, tại sao",negative,khác
Lúc lên nhận máy không thấy nhân viên nói gì đến voucher 50k khi mua simmặc dù trong sản phẩm có đề cập đến voucher đó ạ,neutral,khác
"Đang xài rất ổn , pin thời lượng cả ngày là có thật , đáng giá với túi tiền vừa phải đối với sv dân lao động như mình , nên mua",positive,pin
ip 14 màu trắng ở thạch thất hà nội còn hàng k ạ,negative,khác
"Mình vừa mua hôm qua, tại cửa hàng FPT Nguyễn Văn Linh Đà Nẵng, nhân viên phục vụ rất tận tình. Máy chạy mượt mà. Rất hài lòng về cả chất lượng DV và máy.",positive,hiệu_năng
Mặt hàng này ở phường 8 vĩnh long còn hông ạ,negative,khác
Shop cho em hỏi là ip13 bản màu hồng (256GB hoặc 512 GB) full box giá thế nào,neutral,giá
"Lúc đầu phân vân iPhone 15 Pro Max với S25 Ultra, nhưng mình chọn Samsung vì camera đa năng hơn và dễ tùy chỉnh. Chụp đêm, tele xa đều nhỉnh hơn thật.",neutral,camera
Mình HSSV thì được giảm bao nhiêu tiền vậy ạ,neutral,giá
"Đã mua và trải nghiệm, cực kì hài lòng nha các bạn",positive,khác
Xưa giờ chỉ mua đth ở tgdd. Vừa mua con 16prm mà nó đơ đơ zã man. Nt bàn phím thì giật giật. Vài album ảnh thì chậm bấm vài ảnh xem đợi vài giây nó lại nhảy qua ảnh khác. Đưa xuống quầy thì chạy lại cái j j đó rồi bảo cầm lên đc rồi. Hết đơ rồi. Về vẫn đơ như thường. 1 con đth 31 triệu làm như 3triệu1 không bằng. Quá tệ,negative,khác
"Máy này bản 256GB là cao nhất hả shop, em dùng nhiều app ko biết có đủ không",neutral,khác
"Máy đẹp, hiệu năng ổn nhưng camera chụp đêm hơi mờ nếu không chỉnh tay. Pin dùng ổn, không phải sạc nhiều lần trong ngày.",neutral,pin
Ở Bình Phước cũ còn hàng ko ạ,neutral,khác
Galaxy S24 FE có hỗ trợ công nghệ sạc nhanh không? Công suất là bao nhiêu W?,neutral,hiệu_năng
Cho tôi hỏi có chương trình lên đời poco m8 không,neutral,khác
con 17pro max trả góp thì giá bn ạ,negative,giá
Điện thoại e là 15plus loại 1 thì đổi mới sang iphone 17 prromax thu cũ thì có đc trả góp k ạ và giá là bao nhiêu ạ,neutral,giá
Cáp sạc đi theo máy bị hư đem đi khi còn bảo hành. Cửa hàng gọi lại thông báo không phải cáp chính hãng của apple. Thề từ nay về sau không mua đồ của TGDĐ nữa,negative,khác
Cho em hỏi tại sao em mới mua đt đc hơn tháng mà cứ sạc tới 80% thì đt lại nóng và không còn sạc đk nữa,neutral,khác
"8GB RAM đủ dùng, nhưng khi mở nhiều ứng dụng nặng như camera, trình duyệt, mạng xã hội đôi lúc có hiện tượng reload.",neutral,camera
"Mới mua luôn dùng rất tốt, nên mua.",positive,khác
"Mình mua điện thoại được hơn 10 ngày mà vẫn chưa thấy giao loa khuyến mãi, mong shop kiểm tra giúp",neutral,loa_âm_thanh
"Pin sài 10p tụt 2%, mình mới mua ngày hôm qua. Mình muốn trả hàng và đổi sang sản phẩm khác",positive,pin
"Pin trâu lắm, dùng thoải mái từ sáng đến tối vẫn còn dư, tiết kiệm điện năng cho cả ngày thứ hai. Không cần phải kè kè củ sạc theo người.",positive,pin
"Pin 5000mAh cực kỳ trâu, mình dùng liên tục cả ngày dài để chạy xe công nghệ mà đến tối vẫn còn dư pin. Điểm trừ là máy không có sạc nhanh, mỗi lần sạc đầy mất khá nhiều thời gian chờ đợi.",negative,pin
"Oppo A58 là lựa chọn hoàn hảo trong tầm giá, vừa đẹp, vừa mạnh mẽ.",positive,giá
Em mới đủ 18 tuổi. Trả góp không đưa trước được không,negative,khác
"Mình chọn POCO X7 vì thích màn hình 1.5K 120Hz, vuốt mượt không bị giật, xem phim và chơi game đều đã, RAM 12/512 thoải mái lưu ảnh quay video cả tháng.",positive,màn_hình
"Mới mua nhưng cảm ứng kh đc nhạy, có lúc nhấn kh ăn",negative,màn_hình_cảm_ứng
"Mình nhận hàng từ 27/9 , mình cũng bị tình trạng reset + panic full, thì lỗi này lq đến cứng lẫn mềm , nên mn ai gặp tình trạng đó thì vào SOS tắt hết , nếu còn bị thì tắt cái chú ý bên face ID Trợ năng Face ID dòng 2 . Mình thử và tạm thời 6 ngày rồi chưa bị",negative,bảo_mật
5 g hay 4 g,neutral,khác
"Hôm qua tưởng tt 13,5 củ nay nhìn lại tt 12,5 củ. Đúng giá trên hệ thống. Máy xài ngon",positive,giá
"Mới dùng được 1 ngày, trải nghiệm ban đầu thấy tương đối tốt trong mức tầm giá này Có điều thấy pin hao hơi nhanh, nhưng bù lại có sạc nhanh thì cũng tạm ổn. Nói chung máy mới về muốn sử dụng ổn phải biết vào cài đặt hiệu năng để tối ưu hóa khi sử dụng.",neutral,pin
Ở năm 2025 thì iPhone 14 vẫn đáp ứng đủ nhu cầu của mình sử dụng nhỏ gọn vẫn đủ mạnh để dùng những app nặng pin đủ tốt để dùng từ sáng đến chiều tối wifi 5G hỗn hợp Mua tại 414 Bình Long Tân Phú được chị Sương hỗ trợ rất nhiệt tình,positive,pin
Máy dùng ổn nhưng pin tụt rất nhanh. Pin tụt nhanh thì có thể đổi mới trong vòng 1 tháng không ạ,negative,pin
"mình có điện thoại ss A71 bị sọc màn hình,theo chương trình thu cũ đổi mới thì khi mình mua iphone 13 có được giảm tiền không ạ? và cụ thể là giảm được bao nhiêu?",neutral,màn_hình
"Nv thế giới di động giờ làm việc rất tệ, cứ nghĩ vào thế giới di động mua đắt chút nhưng yên tâm, nhưng có khi không bằng bên ngoài, khách ra mua dt lừa bán dt dán kính cường lực trước rồi, về Sài có vấn đề bảo đổi thì kêu trừ 2tr, mới Sài có 1 ngày",neutral,giá
"Vừa mua ở thế giới di động Bắc Ninh , Sau một ngày sử dụng , Mình thấy pin trâu hơn con xiaomi 13t của mình . Và giờ mọi thứ vẫn bình thường , sử dụng một thời gian nữa sẽ đánh giá tiếp vì vừa chuyển từ adr Qua ios nên chưa quen với các thao tác lắm . Nhân viên ở cửa hàng rất vui vẻ và nhiệt tình tư vẫn , Ý định trước khi đi mua là Màu trắng đến cửa hàng nghe tư vẫn mua luôn màu Đen .",positive,pin
"Máy gửi đi bảo hành quá hạn 15 ngày rồi vẫn chưa được đổi máy, tại sao",negative,khác
mua đc 10 ngày pin tụt nhanh tắt nguồn mở lên mất 34% đem ra nhân viên bảo do hdh mới .vài ngày sau đang xài bị tắt nguồn lỗi panic full và reset couter đem ra kiu gửi hàng đợi 15 ngày gửi máy .bỏ ra gần 40tr trong time còn đổi trả mà gửi hãng thẩm định .đó giờ tin tưởng mua rất nhiều sp bên này mà từ nay thì k bao giờ mua nữa,negative,pin
Có mua thông qua ví trả sau momo cho iphone 14 được không ạ shop,neutral,khác
PoIp16pro muốn lên đời 17prm thì như thế nào vậy shop?,neutral,khác
Cho mình hỏi ss a05 có hỗ trợ thu cũ k ạ,neutral,khác
"Mình nhận hàng từ 27/9 , mình cũng bị tình trạng reset + panic full, thì lỗi này lq đến cứng lẫn mềm , nên mn ai gặp tình trạng đó thì vào SOS tắt hết , nếu còn bị thì tắt cái chú ý bên face ID Trợ năng Face ID dòng 2 . Mình thử và tạm thời 6 ngày rồi chưa bị",negative,bảo_mật
Dạ máy này trả góp với giá 6tr290k nếu thêm thẻ sinh viên thì dc giảm thêm 200k nữa là trả góp với giá 6tr090k đúng ko ạ,negative,giá
Mua máy sao lại không phải VNA mà lại là ZPA. Khá nhiều lần mua ở tgdd rồi nên tin tưởng không kiểm tra. Mua hồi chiều xong tối về cài lại máy mới thấy. Mà khi mua cũng không thấy nhân viên bên cửa hàng báo gì luôn,neutral,khác
Bên shop có bán miếng dán màn hình oppo reno13 5g khộng ạ,neutral,màn_hình
Máy có hỗ trợ 5g kg ạ,neutral,khác
"Khi máy có lỗi nhỏ màn hình (tối màu bên cạnh), mình mang ra chi nhánh FPT Shop gần nhà được hỗ trợ bảo hành nhanh, kỹ thuật làm gọn, không mất nhiều ngày",negative,màn_hình
"Mình dùng được 3tháng rồi tất cả điều ổn. Chỉ mỗi tội cuộc gọi zalo hay messenger gặp chút gió hay quạt gió là bên kia ko nghe được, còn cuộc gọi sim thì vẫn nghe nói bình thường",neutral,khác
Rất hài lòng về dịch vụ của nhân viên bán hàng và làm dịch vụ của FPT,positive,khác
"Máy dùng dc 6 tháng thì nóng , ko lên nguồn. Gửi đi bảo hành 10 ngày . Chiều ra DMX lấy về thì tiếp tục nóng, ko lên nguồn. Quá phiền phức, ảnh hưởng đến công việc.",negative,khác
"Giá sau giảm là 4890k là 17690k hả shop,khu vực Lương tài - Bắc Ninh ( cũ) thì mua có địa chỉ nào gần nhất ạ",neutral,giá
Mua điện thoại mới đặt lấy tại siêu thị mà tới lấy hộp không còn nguyên seal. Vỏ hộp thì lấm lem. Mua mới mà nhìn như mua cũ từ hồi nào. Không lẽ tới rồi không lấy mà đòi lại tiền cọc à. Nhân viên giải thích là mở ra kiểm tra vì vận chuyển đi. Vận chuyển cả hộp nguyên chứ có chuyển mình cái điện thoại đâu mà chầy xước điện thoại phía trong được. Nghe không hợp lý chút nào. Rồi lấy điện thoại ra thì mở nguồn không lên. Bảo hết pin. Lần đầu mua cái điện thoại mới mà vừa không seal vừa mở nguồn không lên vì hết pin. Mình không làm căng lên vì có làm căng thì có tác dụng gì đâu. Đặt vì thích thiết kế lưng máy Oppo reno13 nếu không thì gặp trường hợp đó chắc người ta không thèm lấy luôn. Không hài lòng với lần mua này ở đmx chút nào. Ai có đặt hàng đợi lấy lưu ý nhé.,negative,pin
"đt tệ mọi người tránh, đánh 2 sao ko gửi đc",negative,khác
"Mới mua hôm qua, thật sự máy rất chậm, chuyển đổi các tab rất và chụp màn hình rất lâu, thua cả máy cũ, thật sự thất vọng về máy của Hãng. Đổi máy khác lại chịu phí 20%, mới mua 1 ngày, hzz.",negative,màn_hình
Giá có thể cao hơn một chút so với kỳ vọng của người dùng phổ thông.,neutral,giá
Có thu lại dt sam sung k lên nguồn k ạ,negative,khác
"Phiên bản A56 ram 12G có thể nói là chiếc điện thoại tuyệt vời với mức giá chỉ hơn 11 tr, điện thoại mượt và xử lý nhanh.",positive,hiệu_năng
Kết nối bluetooth thường xuyên bị lỗi,negative,khác
Tốt dùng mượt,positive,khác
"Máy mát không nóng, pin được cả ngày, nhỏ gọn cầm tay, bữa cầm đi event zoom nét căng, mê Samsung từ lúc có Ninh Dương Hà",positive,pin
"Phiên bản A56 ram 12G có thể nói là chiếc điện thoại tuyệt vời với mức giá chỉ hơn 11 tr, điện thoại mượt và xử lý nhanh.",positive,hiệu_năng
Con này h giá sao,neutral,giá
"Giá cả hợp lý, phù hợp với nhiều đối tượng người dùng.",neutral,giá
"máy rất đẹp, mình mua ở tgdd nguyễn duy trinh hôm 26/2 , nhân viên nhiệt tình dễ thương",positive,thiết_kế
"Thích thiết kế mỏng nhẹ, cầm tay đầm, mặt lưng có hiệu ứng màu đẹp, viền kính Gorilla Glass 5 giúp máy nhìn chắc chắn hơn so với máy nhựa rẻ.",positive,giá
"Chụp ảnh đẹp, camera rõ nét, không ngờ trong tầm giá này lại tốt như vậy.",positive,camera
máy này dùng dc 5G không ạ,positive,khác
"ip 15 khi mua ngoài cửa hàng giá giống trên web k ,có thêm chi phí j k, có được tặng hay khuyến mại gì k,hs-sv đc giảm giá k ạ",neutral,giá
"ở trần quang khải rạch giá còn không , trả góp có tính lãi không",neutral,giá
"Đt này cáp sạc đầy đủ ko, cái khuyến mãi đc tặng hết hay chỉ chọn đc 1",negative,khác
tôi mua máy dc 1thang giờ đổi máy khác thì sao ạ,neutral,khác
Đặc quyền Bảo hành thêm 1 năm iPhone (BT)400.000đ800.000đ,negative,khác
"Bỏ mấy chục triệu ra để nhận về cục tức. Chế độ bảo hành kiểm tra thì lề mề, bên này đùng đẩy trách nhiệm cho bên kia. Sợ thật sự",negative,khác
OK. Mượt mà.,positive,khác
Mình mua máy được 1 ngày thì phát hiện lỗi gọi video loa mình nói cú bị nhại tiếng mình rất fake. Và nhắn tin thao tác nhanh thì cảm ứng và phần mềm đều bị chậm nhịp. Và nhiều khi bị đơ 23 giây để nhảy số. Rồi khi ấn nhẹ thì k ăn . Ấn mạnh mới ăn. Dùng thao tác nhắn tin cảm thấy rất thất vọng. Vấn đề là máy lúc bị lúc k. Nên nhân viên họ k cho đổi . Bắt mang đi thẩm định 3 đến 5 ngày. Trong máy mới mua 1 ngày. Nói chung mọi người đừng nên mua ip16. Thất vọng lắm. Bình luận có bấy nhiêu câu ma nhắn sai rồi biết bao nhiêu lần. Đến giờ chưa có ai giải quyết cho tôi,negative,hiệu_năng
tụt pin nhanh hơn tụt quần. bỏ gia 30tr mà như mua cái đt 3tr.,negative,pin
S22 đổi bù bao nhiêu ạ?,neutral,khác
Mau hết pin trong không không k sd gì nhiều,negative,pin
Hàng này ở Huế có khg shop,neutral,khác
Mua đợt này có khuyến mãi gì không shop,neutral,khác
"Trợ giá thu cũ là như nào nhỉ? Mình không hiểu rõ lắm, những điện thoại nào có thể thu?",negative,giá
bật cảm biến tiệm cận ở đâu ạ,positive,khác
"mình thích con này được cái màn hình to 6.9 inch.nghe nhạc, xem video tuyệt vời luôn. có hỗ trợ sạc không dây...",positive,màn_hình
"Máy đẹp,dùng OK",positive,thiết_kế
Giá hiện giờ bn rồi bao gồm sạc k,negative,giá
"Điện thoại mình mua hồi tháng 5/2023 đến giờ là gần 1 năm,pin còn 90% điện thoại nhỏ gọn màu xinh,",neutral,pin
cho mình hỏi sản phẩm đang có giá 12490000 đến khi nào vậy ạ?,neutral,giá
Sử dụng điện thoại rất ok nhân viên thế giới di động rất nhiệt tình và chu đáo đã sử dụng 2 tháng rất ok,positive,khác
"Thiết kế máy mỏng & nhẹ, cầm bằng tay thoải mái, không bị cấn khi bỏ túi, nhìn màu máy đẹp + viền mỏng nhìn sang hơn máy tầm trung khác.",positive,thiết_kế
Sử dụng điện thoại rất ok nhân viên thế giới di động rất nhiệt tình và chu đáo đã sử dụng 2 tháng rất ok,positive,khác
Mình cảm ơn hãng đã cho mình đổi trả sang dòng khác khác mà ko bị mất phí. Điện thoại tốt trong tầm giá.,positive,giá
sam sung a70 lên đời sam sung s25 plus cần bù bao nhiêu vậy ạ,neutral,khác
Mình muốn đổi từ ip14 plus sang s25plus thì đc trợ giá tnao ạ,neutral,giá
Bảo hành rơi vỡ Bolttech cho iPhone 1.439.000đ1.799.000đ,negative,khác
2 camera chất lượng ảnh chưa thích lắm nhưng đã được cải thiện khá nhiều,positive,camera
fpt ở phan thiết có máy này k ạ,negative,khác
Tại sao lên ios 26.3.1 ip của tôi lại không sử dụng được các chức năng thu phóng ở nút chụp ảnh như ios 18.6. Nút chụp ảnh chỉ chụp ảnh mà không thể thu phóng được nữa,negative,camera
Nếu mình trả trước 7tr thì số tiền còn lại trả góp như thế nào ạ,neutral,giá
Rất tuyệt vời,positive,khác
dạ chi nhánh Di Linh Lâm Đồng tết còn loại này ko ạ ?,neutral,khác
Từ 14prm chuyển qua khác biệt rõ rệt,negative,khác
Nhân viên nhiệt tình quá,positive,khác
Bản xanh vũ trụ có được giả giá 700k ko sho,neutral,giá
Cho mình hỏi địa chỉ bên hàng đậu còn máy ko ạ,neutral,khác
"Chào FPT, cho mình hỏi OPPO Reno14 5G 12GB 256GB màu trắng có còn hàng ở Thủ Đức hay Quận 9 tại TP HCM không ạ",neutral,khác
ko có bản 256 gb à,neutral,khác
"Ưu điểm Thiết kế đẹp, pin trâu, camera sau ổn, chơi liên quân ổn đinh 60fps đồ họa trung bình. Nhược điểm Dùng các tác vụ fb,tiktok,ytb... hơi khựng, không được mượt cho lắm. Camera trước khá tệ.Tóm lại ai cần đt bền, pin trâu, dùng các tác vụ thông thường. Thì em nó là 1 gợi ý khá toàn diện.",positive,pin
Năm nay IP lâu xuống giá nhỉ,positive,giá
Con này con hàng ko shop,neutral,khác
"Pin trâu lắm, dùng thoải mái từ sáng đến tối vẫn còn dư, tiết kiệm điện năng cho cả ngày thứ hai. Không cần phải kè kè củ sạc theo người.",positive,pin
"Tản nhiệt chấp nhận được, dùng nặng thì máy ấm, nhưng không quá khó chịu.",neutral,khác
"iPhone 15 màu hồng ở chi nhánh phố nối, Hưng Yên có hàng không ạ",neutral,khác
Shop ơi ip 14 pro max 256g lên ip17 bn ạ,positive,khác
Đặc quyền HSSV - Giáo viênGiảm ngay200.000đXác thực ngay,positive,giá
E Sài được gần năm thì khi sạc hay bị chạm điện nút cam ứng camara bên hông,negative,màn_hình_cảm_ứng
Ip17prm thì ngon rồi. Pin trâu cực kì cam đẹp sạc nhanh ok nhất là không nóng máy nha đẹp nua Ai mà mua ip16prm hối hận lổ tiền thôi. Tôi mới đầu mua cũng sợ lổi mà mua roi quá ngon 37.990 đúng đồng tiền,positive,pin
"Trước dùng iPhone, sam sung nay sang oppo thì thấy máy tầu nhiều quảng cáo quá",negative,khác
Máy này camera sau mình chụp hình mình phóng to ra hình ảnh có bị mờ không fpt,negative,camera
"zalo bị lỗi bong bóng chát, mỗi lần bị là phải khởi động máy lại, điện thoại mua 5 ngày mà khởi động máy khoảng 10 lần rồi",negative,khác
Dạ cho e hỏi còn hàng ở tphcm k ạ,neutral,khác
Cho mình hỏi đặc quyền bải hành trọn đời kaf sao ak,neutral,khác
Sinh viên có giảm thêm gì không shop,neutral,khác
Dạ cho e hỏi ip 16prm trắng 512gb máy VN pin 96% mình đổi sang máy 17 màu tím có bù thêm k ạ,neutral,pin
Tốc độ mạng đi động yếu hơn khi sài so với máy củ Oppo f9,negative,hiệu_năng
sau 1 tháng dùng thì tôi thấy con này có vài ưu điểm là màn tràn viền lên xem phim 3d khá thích cảm ứng khuôn mặt khá nhạy xem phim 3d lướt YouTube thoải mái trợ lý AI dùng khá tiện và hữu ích nhược điểm là vân tay con máy này nhận diện hơi chậm máy thi thoảng có hơi lác 1 chút,positive,màn_hình
Hỗ trợ 5G giúp kết nối nhanh chóng và ổn định hơn bao giờ hết.,positive,hiệu_năng
Dùng OK. Mượt mà. Mặt lưng giống như con cáo cấp,positive,khác
"mua được 2 ngày bị rè loa bên chi nhanh mang qua bh cũng có xác nhận nhưng ko chịu đổi bh cho khách , cứ hẹn ngày này qua ngày khác thì ko thể chấp nhận nổi cách làm việc và chính sách như thế này dc",negative,hiệu_năng
"Mình mua ip 15 plus 128g fullbox tại tgdd mà về sử dụng đc gần 5 ngày thấy máy bắt mạng kém quá vậy, wifi, 4g căng đét mà gọi zalo, mess k liên lạc đc, thỉnh thoảng nhăn tin cg k nhận đc luôn, khi mở ứng dụng ra mới thấy 1 loạt cuộc gọi nhỡ và tin nhắn, thất vọng thật sự khi bỏ ra 1 số tiền lớn mà lại bị như vậy mong nv hỗ trợ sớm",negative,giá
Tôi có thể mua trả góp không ạ,negative,khác
"Sản phẩm dùng ổn định, ít nóng máy khi sử dụng lâu. Đội ngũ kỹ thuật hướng dẫn mình cách tối ưu pin và bảo mật rất chu đáo. Cảm ơn shop đã cung cấp sản phẩm chính hãng với mức giá và ưu đãi cực kỳ hấp dẫn.",positive,pin
giá mua tại cửa hàng có giống như giá đang hiện trên trang web không? nếu mua trực tiếp tại cửa hàng thì có được áp dụng chương trình quy đổi điểm không?,neutral,giá
Long an tây ninh 17 có mau den 256gb không shop,negative,khác
Bảo hành rơi vỡ Bolttech cho iPhone 1.439.000đ1.799.000đ,negative,khác
Shop có chính sách mua thêm gói bảo hành không,neutral,khác
"Máy có tính năng mở khóa khuôn mặt, chặn cuộc gọi/tin nhắn kg shop",negative,bảo_mật
"Với số tiền bỏ ra thì em này quá ok , pin xài cả ngày , mượt cam khá ok ngoại hình đẹp , sang , chơi game cũng quá ok luôn , sẽ cứ mua mà xài ko hối hận đâu",positive,pin
Thế bình đại có máy nào tầm giá 4tr7 ma chiến game ngon không tài chính có hạn,neutral,giá
Mới lấy máy buổi tối. Sáng hôm sau đi làm quay video thì 8s là đứng màn hình thậm chí khởi động lại . Màn hình thì chậm lúc ăn cảm ứng lúc không,negative,màn_hình
"Nói chung con vợ này quá oke rồi hẹ hẹ hẹ, tiếc mối 120hz thì nai xừ",positive,khác
11prm 256g muốn lên đời 17 cần bù nhiêu ạ,neutral,khác
"Với tầm giá khoảng 29,9 triệu cho bản 256GB thì mình thấy Galaxy S26+ là lựa chọn cân bằng giữa màn hình lớn, hiệu năng tốt và thiết kế đẹp",positive,màn_hình
"SẢN PHẨM NÀY BÂY GIỜ Ở Q7 ,SG CÓ GIÁ BAO NHIÊU SHOP?",neutral,giá
Mới mua máy đc 1 tuần hôm qua xem kỹ camera lại thấy bị dính 23 hạt bụi kh biết như nào luôn,negative,camera
"Ở phước đông còn hàng k ,mình làm việc tới mấy h",neutral,khác
256gb màu tím có hàng ở tuy hoà không ạ,neutral,khác
Nếu thanh toán luôn thông qua thẻ tín dụng của Techcombank thì có được hưởng ưu đãi giảm 1 triệu không shop?,neutral,khác
"Sau 2 tháng trải nghiệm, máy cấu hình ổn định có thể genshin ở mức cấu hình cao, mlbb max setting, chụp ảnh thì ổn định chế độ AI chụp ảnh thì hơi phóng đại độ sáng, pin có thể sử dụng trong ngày, sạc nhanh 120W, thông báo thì có vẻ hơi trễ 5 tới 15 phút do hệ điều hành hyperos không phải do máy, nhưng tất cả trải nghiệm điều rất ok, đáng để mua để làm máy chính",positive,pin
"Trước giờ điều mua hàng TGDD, rất tin tưởngVì vậy hôm nay không để ý, lúc tính tiền xong, chưa khui hộp gì hết, hết mới phát hiện cái hộp đt bị móp méo, nói nhân viên đổi cho cái khác để làm quà tặng, mà nó không đổi, chán",negative,giá
"15 plus giá sao ạ, em là sv fpt có đc giảm k ạ nếu giảm thì đc giảm bao nhiêu % ạ",neutral,giá
Máy dùng rất OK,positive,khác
Tại store kim chung đông anh còn những màu gì ạ,negative,khác
"Con máy này đáng đồng tiền bỏ ra, mọi người nên cân nhắc mua ngay đi nha.",negative,giá
mình mới mua máy được 4 ngày giờ muốn mua thêm bud 3 pro có được ưu đãi gì nữa không bạn,neutral,khác
"Thiết kế mỏng nhẹ, cầm nắm bằng một tay rất thoải mái và chắc chắn. Dù vỏ bằng nhựa nhưng hoàn thiện khá tốt, các cạnh bo cong giúp máy không bị cấn tay khi sử dụng lâu.",positive,thiết_kế
"Bên mình có bảnh 17pro màu trắng 256g sẵn k ạ , ở Tây phương",neutral,khác
sản phẩm dùng tốt,positive,khác
"Mới dùng được 2 tuần.Rất mượt, pin dùng được cả ngày, kích thước ổn không quá to cồng kềnh, gọn nhẹ dễ bỏ túi.Màn hình độ sáng tốt ngoài trời dễ nhìn không bị tối.Chụp hình chân thật và nét. Chụp đêm khá tốt.",positive,pin
Camera sau bị tróc sơn,negative,camera
Giá hiện tại là bao nhiêu và còn ở Phong điền-Cần Thơ không ạ,neutral,giá
Từ 14prm chuyển qua khác biệt rõ rệt,negative,khác
"Mình mua đt đâu hồi 26/2 á, mua dt dán luôn 13tr mấy mà theo giờ xài chưa được tháng nữa cảm nhận dt rất tệ, cam chụp hình xấu lắm, dt xài rất mau nóng máy, qua nay tầm 15p dt nóng dữ lắm mặc dù là tui chỉ xem tictok đóng hết ứng dụng chạy nền nhưng dt vẫn nóng, với số tiền này mua dòng xixaomi sẽ ok hơn rất nhiều, dt hk nhanh mượt như qc đâu, ai muốn mua dòng 15f này nên cân nhắc, mua rồi sẽ hối hận",negative,hiệu_năng
Mua sp không dc cộnh điểm tích luỹ ha shop,negative,khác
"Lâu lâu màn hình màu bị nhạt, đt mới mua 3 ngày bị rồi mà gửi hãng thì mất hơn tuần ko có đt sử dụng bất tiện, pin sài hao, nhanh tụt",negative,pin
Điện thoại rất tốt,positive,khác
Máy xài rất tệ giựt lag thậm chí xem Facebook còn lag nữa mang tiếng ram 8 mà xài đa nhiệm ko nổi,negative,hiệu_năng
"thời lượng pin chưa quá xuất sắc nhưng vẫn coi là ổn ,màn hình ok có cường lực khá an tâm sử dụng. camera khá ok chụp ảnh khá nét nhưng chưa quá ấn tượng vì dù sao cũng chỉ 50mp.Sạc 45w ok cũng khá nhanh,kết nối 4g tương đối ổn định,5G thì chưa dùng nên ko rõ.chipset và ram thì không phải đánh giá ok trong tầm giá rồi.Hệ sinh thái hyperOS chưa đc ổn định cho lắm nhưng cũng mượt mà trong quá trình sử dụng tương lai vs các bản cập nhật sau chắc sẽ dần tốt hơn. Thang điểm 8,2 cho sp này ,nhu cầu gaming ko cao và chủ yếu làm việc hằng ngày thì máy đáp ứng đủ tốt và khá là thoải mái rồi. Nhân viên vui vẻ nhiệt tình trong quá trình mua máy tư vấn cũng rất hài lòng.",positive,pin
Mình mới mua máy gần 1 tháng sao sạc máy nóng quá ạ. Cốc sạc cũng nóng. Chụp hình hay quay phim máy cũng nóng luôn ạ.,positive,camera
Xs max bản mỹ lên đời s25 ultra bù thêm bn shop,neutral,khác
Máy hay bị lag và đơ. Âm thanh lúc nhỏ lúc tớ. Cho mình hỏi có ra đổi máy đc ko ạ,neutral,loa_âm_thanh
Mình là female nhé,positive,khác
Bên mình có dán ppf mặt sau máy này không,negative,khác
mình mua được 4 tháng rồi mà sao tình trạng pin tuột nhanh từ 100% tuột thành 98%,negative,pin
fpt k kinh doanh dòng x seri nhỉ,neutral,khác
Đã mua và dùng rất thích nhưng mỗi tội màn hình hơi nhỏ,positive,màn_hình
"Con máy này dùng phê phà, mở nhiều app mà không thấy lag tí nào. Pin cũng trâu hơn mong đợi.",positive,pin
Cho hỏi shop ở Nghệ An còn máy này không ạ,neutral,khác
"Máy mượt, ba mình sử dụng rất thích nhưng mới mua tháng trước 5tr1 giờ check lại còn 3tr8",positive,khác
"Pin lâu, hiệu năng vượt trội, rất hài lòng",positive,pin
Camera chụp ảnh đẹp trong điều kiện ánh sáng đủ.,positive,camera
máy yếu chơi game lag,negative,khác
"Chắc là mình may mắn máy rất tốt sạc cũng không nóng giữ pin lâu Mấy bạn cứ bảo là nóng máy pin thì tuột nhanh mình không biết mấy bạn dùng cục sạc gì Chứ theo các nhân mình,mình dùng sạc anker Năm năm rồi Máy nào dùng cũng ổn Pin không là vấn đề Chứ dùng phụ kiện của Apple rất tệ Sạc nhanh nóng máy khả năng rất cao.",positive,pin
"máy mới mua 2 ngày. pin để chế độ thường thấy mau hết lướt fb, zalo không không cũng thấy tụt pin nhanh. Khi sạc đầy Pin mở Wf để qua đêm pin tụt 2% trong khi đó cả đêm k dùng.",negative,pin
"Số tốt pin trâu, mượt,",positive,pin
E ở quốc lộ 80 ấp Lân Quới 1 xã Vĩnh thạnh cần thơ còn hàng k ạ,neutral,khác
Trung tâm Thái Nguyên còn poco m6 pro 256 ko shop,negative,khác
"Sử dụng chip Snapdragon 6 Gen 3, mang lại hiệu năng ổn định, mượt mà cho các tác vụ hàng ngày và chơi tốt các game ở mức setting cao",positive,hiệu_năng
"Sao camera nó vàng vậy ạ, do máy hay là mình phải chỉnh lại nữa ạ",neutral,camera
"Giá hiện tại mình thấy khá tốt, nếu mua đúng đợt khuyến mãi của FPT thì lời hơn nhiều so với những nơi bán sớm, máy chính hãng, bảo hành đầy đủ khiến mình cảm giác đầu tư xứng đáng.",neutral,giá
"Mới múc tức thì sáng nay, chất lượng buld của Xiaomi giờ ngon thật",positive,khác
mát mượt xài rất tốt giá ok hợp lý,positive,giá
"Xưa giờ mua ở TGDD thì chưa phải đổi trả lần nào nhưng mới đây mình mới mua Iphone 13 thường sử dụng 4 ngày thì có hiện tượng thi thoảng có màu đốm lạ trên màn hình, mang ra nhân viên kỹ thuật thẩm định để đổi trả thì giờ bắt mang đi hãng hẹn 1 tháng trời trong khi mình còn công việc nữa nên việc mang điện thoại đi trong thời gian lâu rất là bất tiện, mìng thấy bên cửa hàng giới thiệu khi mua thì lỗi gì đổi nấy trong 1 tháng, mà giờ mang ra thì lại nói mang đi thẩm định trong vòng 30 ngày thì thất vọng quá ạ",negative,màn_hình
Mua mới 100% mà máy bị bó siu từ trước. Cảm giác như mua phải máy qua sử dụng roiif ấy. Khá chán.,negative,giá
"Sản phẩm tìm kiếm nhiều: Macbook Neo | Samsung A37 | Samsung A57 | Samsung S25 | Samsung A56 © 2007 - 2024 Công Ty Cổ Phần Bán Lẻ Kỹ Thuật Số FPT • Địa chỉ: 261 - 263 Khánh Hội, P. Vĩnh Hội, TP. Hồ Chí Minh • GPĐKKD số 0311609355 do Sở KHĐT TP.HCM cấp ngày 08/03/2012.GP số 47/GP-TTĐT do sở TTTT TP HCM cấp ngày 02/07/2018Điện thoại: (028) 7302 3456 Email: fptshop@fpt.com Chịu trách nhiệm nội dung: Nguyễn Trịnh Nhật Linh.",neutral,khác
Đẹp cầm vừa tay gọn thêm ốp nữa là ok Mình mua đc hơn 1th r chưa thấy vấn đề gì Nhân viên TGDĐ phương lâm tân phú đồng nai phục vụ khách hàng rất tốt vui vẻ chỉn chu cài đặt từ a đến z rất ưng ý,positive,thiết_kế
Dùng 3 lần máy được mỗi cái máy hài lòng là Samsung galaxy a03s còn hai cái máy Samsung galaxy a05s với cả Xiaomi 14 note làm ăn quá chán Samsung galaxy a05s bảo hành tháng rời nói thật không bao giờ hài lòng còn bảo hành cứ để đấy lúc nào có lỗi lầm gì mới mang đi không bao giờ mua máy của thế giới di động đang nói thằng bực mình,negative,khác
có hỗ trợ NFC không?,neutral,khác
"Màn hình để chế độ sống động cho đẹp, chứ chế độ mặc định nhợt nhạt lắm Khi xem ảnh, video trong bộ sưu tập thì nên tắt chế độ ProXDR đi để tránh thất vọng khi gửi qua máy khác vì chế độ đó tăng sáng cho ảnh, video trong máy rất cao so với thực tế.Chụp ảnh chọn bộ lọc 800T trông nghệ hơn.Tối ưu xong pin mới tốt ae ạ Cứ set hạn chế pin chạy nền các app không cần thiết, màn hình để full hd+, tắt quét liên tục wifi với bluetooth trong vị trí, set 1 sim về 3G nếu đang dùng 2 sim,... là ổn Bạn nào gần TTBH Hãng OPPO thì có thể ghé để dán miếng dán theo máy 2 lần/ 1 năm.Phần mềm thì FB tối ưu chưa ok, xem reel bị mất phần dưới.Khá to và đầm tay, cảm giác cầm nắm như 16 PRM, nút chụp ảnh tiện để mở máy ảnh nhanh thôi, còn lại khó dùng hơn trên ip.Đánh giá 9/10 điểm.",negative,pin
Có trả chậm k lãi suất k ạ,neutral,khác
"Không biết máy sạc bao lâu đầy vậy ạ, sao em sạc từ 16% lên 59% tận gần 50p, đã bật sạc nhanh",positive,hiệu_năng
Máy Dùng Rất Tốt,positive,khác
M7 pro mau hết pin chỉ lướt Facebook thôi mà 1 phần trăm pin chỉ được có khoảng 4 phút mấy chưa được 5 phút nữa trong khi mới mua 27/10,negative,pin
"mình mua T9 năm ngoái, đến giờ gần được 9 tháng nhưng dung lượng pin giảm nhanh lắm, không biết có chính sách bảo hành gì không ạ",neutral,pin
Co chương trình giảm giá gì k,neutral,giá
cho mình hỏi chút. iphon 15 128g này là máy mới nguyên tem hay sao ạ,neutral,khác
Mua tối muộn 22/2 giá 33.390.000đ về thấy lỗi đã báo ngay cho TGDD. Sáng 23/2 ra báo thì kêu gửi về hãng check. Chờ đợi 5 ngày chỉ nhận lại câu lỗi do người sử dụng không kiểm tra lúc mua báo . Bỏ ra hơn 30 triệu mua cái bực vào ng. Vậy thử hỏi bảo hành lỗi đổi 30 ngày làm gì. Quýết định trả lại và mất 10% lấy về 30.051.000đ . Thực sự sẽ không còn lần nào mua bên này nữa. Thân ái,negative,giá
Sao đặt hàng mấy ngày rồi vẫn chưa thấy liên hệ?,neutral,khác
Quá mượt so với 15prm,positive,khác
Cho mình hỏi khu vực q6 q8 TpHCM cửa hàng nào có hàng vậy shop,neutral,khác
"iPhone 17e 256GB(00926263)Phân loại: 256 GB, Trắng17.790.000đ17.990.000đ-1% Mua ngay Trả góp(Chỉ từ 750.491đ)",positive,khác
"máy cũ hay máy mới vậy ạ, mình ở Hanoi",positive,khác
"Mua máy này thì có thu lại samsung s22 5g bị sọc màn không ạ, và có được trợ giá thu cũ đổi mới không ạ",neutral,màn_hình
"Sản phẩm thì okay, nhưng thái độ phục vụ quá tệ. Mình mua máy mới mà cái họp bị đốm trắng quá trời trên hình của iphone. Mình nói họp vậy mình không lấy thì nhân viên khó chịu. Làm việc thì lề mề chậm chạp. Không quay lại mua ở TGDĐ nữa.",negative,khác
"Vừa mua trưa nay xong, mua hẳn 3 con cho cả nhà. Dùng gọi thì nghe toàn tiếng ồn với tiếng sột soạt như của giấy. Đọc trên mạng mới thấy nhiều người bị và chưa có cách giải quyết.",neutral,loa_âm_thanh
"cửa hàng ở phan huy ích, tân bình còn màu trắng không ạ",neutral,khác
Mới mua đc 3hôm đã hạ 5lít dùng ổn pin trâu 2ngày ko phải sạc,positive,pin
máy có nhận diện vân tay sinh học không ạ. Ví dụ như NPC ạ,neutral,bảo_mật
"Mình thấy nâng cấp lên Samsung Galaxy S26 rất đáng. Hiệu năng tốt, pin ổn và camera đẹp. Hôm trước lướt Shopee thấy gian hàng của shop có sale cả em này, khá ngạc nhiên nhưng mà hết nhanh quá không kịp đặt, tiếc quá.",positive,pin
iphone 14 ở khu vực ngũ hành sơn đà nẵng còn hàng k,negative,khác
Mình muốn tư vấn về điện thoại a56 5g này. Ib qua zalo 09xxxx3131,positive,khác
Mình mới mua con 14 cũ bên mình k biết h muốn đổi trả thì mất bn phần trăm nhỉ,neutral,khác
Dụ tặng túi lộc là sao vậy ạ. Í là giảm 4trịu hay là tặng quà tương ứng với số tiền đó á. Với cả khi mua iPhone 14 có cần mua gói bảo hành k hay không. Và khi e đem thẻ sinh viên ra mua thì được giảm 200k đúng k ạ hay chỉ tính khi đặt hàng onl,neutral,giá
"12 pro max , và 14 pro max bù bn lấy 17",positive,khác
"Hôm kia, mình thấy có chiếc màu xanh lam khói. Mình lập tức đặt mua và đến nhận hàng tại 708 Nguyễn Trãi TPHCM. Anh nhân viên hỗ trợ mình rất nhiệt tình, hướng dẫn mình cách sử dụng cũng như bảo quản chiếc điện thoại. Chiếc điện thoại màu xanh nhẹ rất đẹp và hợp với sở thích của mình.",positive,thiết_kế
Đặc quyền Bảo hành thêm 2 năm iPhone (BT)1.000.000đ2.000.000đ,negative,khác
"Sản phẩm có ở Ngã Tư Phố Nối, Bần Yên Nhân ko shop",neutral,khác
"Nhân viên nhiệt tình ship hàng tận nơi ,máy mới nguyên seal,bill đầy đủ, máy năm nay có thiết kế mới khá đẹp mỗi tội là khung nhôm không cứng cáp bằng khung titan cũ",positive,thiết_kế
"Mới mua về bấm lỗi mật khẩu đem ra nhân viên nói cái này kỹ thuật viên bên TGDD làm k được đâu xong chỉ chỗ cho sữa nói chỗ đó làm được , vậy dẹp luôn đi chứ bán buôn gì nữa trời....",negative,khác
Hàng quá đẹp,positive,thiết_kế
"Mình trước đã mua con máy khác ở đây rồi nên tin tưởng lắm. Nay tặng vợ e này, vợ thích mê luôn, cảm ơn shop nhiều.",positive,khác
Ta có nên lên ios 18.4 kg ạk,neutral,hệ_điều_hành
Camera chính đẹp không ạ,positive,camera
"Sự thật rất đau khi xem trên web giá 12.790.000 đ và khi vào cửa hàng tgdd quen thuộc mua và làm thủ tục trả chậm do sơ ý nghĩ quen nên khi ra về cầm trên tay hóa đơn 13.790.000 đ mà không xem lại, vài ngày sau xem ứng dụng Homedirts mới tá hỏa giá trên lệch 1 tr , mình thắc mắc là giá trên web và cửa hàng tại sao bây lâu nay mình lại tin vào sự tử tế của cửa hàng như thế",neutral,giá
"Pin khỏe, dùng tiết kiệm thì sang ngày thứ hai vẫn còn. Sạc nhanh được cải thiện, cắm sạc buổi trưa 30 phút là đã gần đầy pin rồi.",negative,pin
"Pin 4k nhưng k hề yếu, cam đẹp, hiệu năng với mình như vậy là quá tốt do mình ít game, kích thước vừa tay. 5s nhé",positive,pin
Sao không thấy có SS A57 12gb ram?,negative,hiệu_năng
"Mình có dt bàn phím cũ còn lên nguồn,mình mua dt ss galaxy a56 5g thì có đc trừ 1triệu ko shop,nếu trừ thì giá cuối là còn bao nhiu vậy shop ơi",neutral,giá
"Do không được trải nghiệm trước khi mua, giờ mua xong mới được trải nghiệm thấy loa bé và rè không biết có phải loa bị lỗi không",negative,loa_âm_thanh
Máy mua 21/1 dùng máy lâu lâu bị đơ em muốn đổi máy,negative,khác
"Hi shop cho mình hỏi túi lộc là gì ạ. Vs giá khi mua trực tiếp tại cửa hàng, và mua online iphone 13 ở thời điểm hiện tại có khác gì nhau không?",neutral,giá
"Pin xuống nhanh, lắp sim thì mất sóng , gọi toàn thuê bao, sản phẩm quá tệ.",negative,pin
"Máy rất mướt , lướt đúng đã luôn mn , sp tốt mà còn có hãng dưới quy nhơn nữa quá tiện luôn",positive,khác
"Mới mua đc 5 hôm , nói chuyện rất khó nghe đầu dây bên kia trả lời",neutral,khác
Chán quá mới mua đến giờ dc hơn 1 tháng sạc 42 lần mà đã xuống 1% pin mong dc giải thích hợp lý,positive,pin
sản phẩm này bản VN/A hay ZP/A vậy shop,positive,khác
mình mua 25.1 mà đến giờ bị tụt 4% pin r,negative,pin
Mới mua ngà 20/9 mà nay đã bị sọc màn hình và hay mất sóng,negative,màn_hình
"Máy tốt, đẹp.",positive,thiết_kế
Ở Xuân Mai - Chương Mỹ còn hàng không ạ,neutral,khác
Còn máy ở tỉnh sơn la huyện mai sơn tỉnh sơn la ko,negative,khác
"Mua đúng đợt sale, giá quá hời so với chất lượng. Chỉ tội pin hơi mau hết hơn mong đợi nhưng sạc nhanh nên cũng ổn mà.",positive,pin
khi mua trực tiếp tại cửa hàng giá s25ultra giá bao nhiêu ạ,neutral,giá
"Máy nhìn rất sang và phù hợp với những người như tôi. Tôi đã đặt hàng, thật đáng mong chờ",positive,khác
"Máy ngon, mượt. Lần đầu dùng xiaomi không nghĩ máy được như vậy. Hy vọng máy bền xài được 4 hay 5 năm",positive,khác
OPPO A6t tôi ko hài lòng mỗi cục PIN. Hãng công bố pin 6100 mà nó tệ hơn tất cả các dòng PIN 5000 mà tôi đã dùng từ trước đến nay. Tiện lợi mỗi cái là có NFC..PIN của OPPO A6t chỉ tương đương với dung lượng 4k5 thôi..các dòng trước tôi đều dùng pin 5k nhưng trâu hơn so với OPPO a6t 6k1 này. Ko biết hãng có công bố dung lượng ảo cho a6t này ko..,negative,pin
"Pin Tốt, Dùng Cảm Ứng Mượt, Cầm Vừa Tay, Mà Bắt Sóng Wifi Chưa Được Tốt Lắm. Với Màn Hình Mà 2K Nữa Thì Tốt Ạ.",negative,pin
"2 năm nay Samsung làm dòng A quá được cảm giác như quay lại chời trau chuốt của dòng A 2017 đổ về trước. Nói chung trong tầm giá này hàng chính hãng ko có model nào tốt hơn A56 A36 được. Mọi thao tác trên máy đều mượt mà, trước khi mua nghe nhiều ý kiến phần camera ko mượt nhưng chắc là tối ưu phần mềm chưa kịp thôi, lên OneUI8 xong cảm giác còn đỉnh hơn, thời lượng pin tốt hơn, camera vẫn đẹp ko bị bóp hiệu năng rất mượt mà. Vả lại hứa hẹn update OS 6 năm chắc mấy hãng Android ở VN bây giờ mình Samsung làm đc thôi.",positive,pin
"Tôi rất hài lòng với sản phẩm này của tgdd , đt iPhone 14 lướt nhanh chụp hình trong sáng",positive,hiệu_năng
"Mình mới sử dụng sản phẩm 3 ngày nhưng cảm thấy pin 5800 nhưng sử dụng nhanh hết, chụp hình tự nhiên độ nét không cao lắm phải vào chỉnh sửa mới nét. Còn cảm ứng vân tay và khuôn mặt thì ok",negative,pin
Lâu lâu cắm sạc bị đen màn hình như này có bảo hành được không ạ,negative,màn_hình
Nghe bình luận bên dưới thấy máy ko ổn mà sau tôi mua về sài rất mượt pin trâu sạc nhanh ai nói 1h mấy mới đầy tôi thấy máy này mọi người kinh tế thấp nên mua mày này sài bao bên luôn,positive,pin
17 pro max trả góp lãi 0 đồng dành cho giáo viên được tính như thế nào? Cách trả mỗi tháng,neutral,giá
Có thu cũ đổi mới không ạ,neutral,khác
"Cho mình hỏi mình mua con iPhone 16 từ tháng 3/2025 giờ nó bị liệt nút tác vụ chụp ảnh thì có được bảo hành không và mang ra đâu ạ, mình ở hà nội",neutral,camera
có hàng sẵn tại Bắc Ninh không ạ? e muốn mua màu cam 256gb,neutral,khác
"Máy dùng ổn khá mượt, thiết kế đẹp cầm sang lắm,lại còn được bảo hành chính hãng 12 tháng quá ưng",positive,thiết_kế
"Máy dùng mượt, pin đủ dùng trong ngày",positive,pin
Em thanh toán qua thẻ tín dụng ở đâu ạ,positive,khác
Mình dùng cảm thấy chuyển động ko được mượt mà bằng 4g5g khi chơi game liên quân còn khi chuyển sang dùng wifi thì chuyển động mượt mà trong khi đó sóng 4g5g full vạch,negative,khác
"cho e hỏi là hiện tại mua máy có chương trình giảm giá gì ko ạ, hay là 30/4 có khuyến mãi gì ko ạ",neutral,giá
"17pro màu bạc 256gb hiện đã có hàng tại chi nhánh 789A TL43, Tam Binh, Thủ Đức, Thành phố Hồ Chí Minh chưa ạ",neutral,khác
"sản phẩm chính hãng , tư vấn và hỗ trợ nhiệt tình ạ",positive,khác
Nhanh hết pinchỉ đọc báo trong vòng 5 phút hết 2% pin,negative,pin
Ở FPT shop không có Samsung A56 256gb ạ,neutral,khác
Đặc quyền HSSV - Giáo viênGiảm ngay200.000đXác thực ngay,positive,giá
Sản phẩm dùng rất tốt,positive,khác
cho mình hỏi ip 14 prm 256 ở hạ long giá như nào ấy b?,neutral,giá
Loa ngoài nghe ấm hay. Mọi thứ ổn.,negative,loa_âm_thanh
"Máy dùng ổn khá mượt, thiết kế đẹp cầm sang lắm,lại còn được bảo hành chính hãng 12 tháng quá ưng",positive,thiết_kế
Vừa lấy cả combo quá ngon,positive,khác
thu cũ đổi mới là điện thoại cũ mua ở đâu cũng được phải ko ?,neutral,khác
"Màn hình iPhone 14 thường hơi nhỏ, tầm 6,4in thì OK hơn",negative,màn_hình
"Mình thấy dùng ổn, ngoại hình các thứ đẹp hơn các dòng dưới đã dùng, k am hiểu lắm về đt nhưng cũng thấy đẹp chắc vì mắc tiền nên đẹp, màu titan tự nhiên khá ok",positive,giá
"Mình xài tầm 1 tuần thấy như sauƯu điểm thiết kế đẹp, mặt trước và sau vát cong nên cầm rất thuận tiện thoải mái. Màn hình đẹp và độ sáng cao dễ nhìn khi ngoài đường nắng. Pin ok, không quá trâu nhưng sạc khá nhanh. Hiệu năng dùng cơ bản như lướt facebook, tiktok, youtube thì vô tư. Camera ổn, đủ chụp cơ bản chụp nét, màu sắc ok nhưng tốc độ chụp chậmNhược điểm Ứng dụng camera rất lag và quay video dù chỉ để FHD 60fps, đầy đủ ánh sáng vẫn lag, khung hình bị chậm và giật.",positive,pin
Không game thì mọi thứ ok trong tầm giá,positive,giá
"Tôi muốn đổi a16 thành a26 phải trả thêm bao nhiêu nữa shop, máy a16 mua được 4 tháng",neutral,khác
Giá ngoài tiệm giống trên web k shop,negative,giá
15rm 256gb thu lại được bao nhiêu.bản vn đợt mình mua cũng bên fpt,neutral,khác
Ko đặt đc nó ko phản hoi7,negative,khác
"Tôi rất thích thiết kế hiện đại của dòng S Edge, và chính sách dịch vụ hậu mãi của shop nên mua đến con thứ ba của FPT Shop rồi. Tin tưởng vào thương hiệu Samsung và dịch vụ của shop.",positive,thiết_kế
Cho tôi hỏi hình thức khuyến mãi chỉ áp dụng khi mua online hay còn áp dụng khi mua trực tiếp tại cửa hàng? tôi cảm ơn.,neutral,khác
"Máy mua hàng đổi trả. Máy có trầy 1 chổ. Nhưng ko đáng kể. Máy mới pin 100. Xài ổn định mượt. màn đẹp loa hay, Pin trâu xài wifi ko game 810 tiếng tuỳ tác vụ. Camera chụp hình quay video ngon. Cảmm thấy hài lòng với ip13. Nhân viên tư vấn nhiệt tình. Ok",positive,pin
Sài rất đã rất mượt nhân viên thì tư vấn rất nhiệt tình nhiều ưu đãi nhiều giảm giá săn cob 12/256 chỉ 9 triệu rưõi rất hài lonhf,positive,giá
"Màn hình gập bên trong gần như không thấy nếp gấp, ngay cả khi nhìn nghiêng hay vuốt chạm trực tiếp. Công nghệ sạc SuperVOOC cực nhanh và sự tối ưu năng lượng tương đối tốt chip giúp máy có thể trụ được trong suốt 1 ngày dài.",positive,màn_hình
Lỗ nhỏ gần khe cắm sạc là vị trí của chức năng nào vậy.,neutral,khác
Sản phẩm đã bán chưa,positive,khác
"Dùng đau mắt quá trời ,nv tư vấn chưa sát",negative,khác
Hiệu năng hay thiết kế đều hoàn thiện nhất đến hiện tại. Đáng mua,positive,thiết_kế
khi e mua về thì thấy miếng dán trên điện thoại sẵn là miếng dán cường lực hay là chỉ là miếng dán điện thoại thường á shop,neutral,khác
Anh ơi em muốn mua trả góp trả trước từ 20% trở lên trả góp qua tài chính có đc duyệt hồ sơ không,neutral,khác
Thu cũ đổi mới máy bị chảy mực và rạn 1 góc màn hình bên mình có hỗ trợ thu cũ đổi mới ko ạ,neutral,màn_hình
Cho e hỏi hiện tại bên cửa hàng mình còn iphone 15 màu vàng ở khu vực hà nội k ạ,neutral,khác
Hàng có ở long an ko shop,neutral,khác
Mình đem máy điện thoại bàn phím cũ còn lên nguồn để tham gia khuyến mãi mua oppo a3 6/128 thì giá cuối là bao nhiêu ạ?,neutral,giá
Iphone 17 đen 256Gb Hà Nội còn chi nhánh nào còn hàng không bạn,neutral,khác
Đặc quyền Bảo hành thêm 2 năm iPhone (BT)1.600.000đ2.400.000đ,negative,khác
Máy dùng thấy ok ạ. Mua đc 4tháng rồi camera chụp khá nét,positive,camera
Mình mới mua được 1 tuần hơn . Sài khá mượt . Nhân viên thì tư vấn khôn lỗi .thay gì mua đt kèm theo gói ốp lưng sạc.. tv 1trxxx….mình không có nhu cầu mua nên chỉ mua cóc và dán màn hình . Ghi hoá đơn tay dán 299x và cóc 499x . Vì mua khá tối và vội nên mình nhanh về .. trước khi về nhân viên nói tặng thêm ốp và quạt. Mình củng không suy nghĩ gì nhiều. Mấy ngày sao kiểm tra hoá đơn in lại là 1 giá khác . Trọn thêm combo 688k ( gồm ốp . Quạt. Cóc. Dán ) Nhưng nv tính tiển mình là giá khác 😒 Vì qua vài ngày nên mình củng không muốn đôi co vài trăm nhưng khá thất vọng với cách làm việc khôn lỗi của nhân viên,neutral,màn_hình
dịch vụ tgdd bây giờ quá kém. mua đt báo mua củ sạc đc giảm tới 20%. đặt online phí ship có 10k thì k cho áp giảm. bắt mua giảm 10% thì chịu ship 30k. trc đây dv ok mà h tệ quá.,negative,khác
"Mình mua máy 22/5 xài chưa được 3 tháng đã tụt 2% pin Máy rất nóng, lúc mua hỏi nhân viên sao nóng giữ vậy. NV nói là lần đầu nó chạy máy nên vậy nhưng qua 23 ngày là hết. Nhưng k về vẫn nóng, đc 1 tháng đầu máy ổn qua tháng kế tiếp Pin sạc đầy xài xong tụt rất nhanh. Tới giờ chưa đc 3 tháng kiểm tra còn 98% pin trong khi đó xài máy ip7 sau 1 năm hơn mới có hiện tượng tụt pin. Rồi giải quyết làm sau",negative,pin
"Mình mua màu tím, may mắn mua được mà không phải cọc giữ máy Năm nay ip17 thường chắc chắn sẽ ưa chuộng",neutral,khác
Nếu đặt hàng online thì giao trong khoảng bao lâu ạ,neutral,khác
"Xin chào, tôi ở Vũng Tàu, máy Xiaomi Redmi Note 14 6GB 128GB có hàng không? Mua thì học sinh và giáo viên thì được giảm bao nhiêu, thêm máy cũ nữa. Cho tôi báo giá nhé",negative,giá
Có sẵn hàng tại fpt shop Eakar ko ạ,neutral,khác
"Pin ok, đang coi tittok hay youtup có người gọi là ko nhận được cuộc gọi luôn chán . Có cách nào khác phục ko",negative,pin
Loa thoại nghe bị nhỏ mà gửi đi bảo hành mất 1 tháng rồi gửi về bảo ko bị gì. Mua ngày 21 tết thì 22 tết phải gửi đi bảo hành tới 11 tết mới trả máy rồi bảo ko bị gì. Tệ hơn FPT nhiều. Tôi sẽ bốc phốt,negative,loa_âm_thanh
Giờ còn khuyến mãi không shop,neutral,khác
Shop có đổi từ S22 bị sọc màn sang S25 không.Nếu có thì giá còn bn,neutral,màn_hình
"Sản phẩm tốt ạ, tư vấn nhiệt tình",positive,khác
Zoom ban đêm nét cănggggg má ơii đẹp lắm,positive,camera
Kiến đức đắk nông còn poco m6 pro ko ạ,neutral,khác
Samsung Galaxy Z Flip5 còn ko a?,neutral,khác
"Tốt cho trải nghiệm, hại cho túi tiền",positive,giá
"máy pin trâu nha dùng 4-5 tiềng vẫn chưa hết, cảm 50mp khá nét chụp cũng nghệ phết, máy nhìn đẹp mà giá khá tốt phù hợp với người tiêu dùng",positive,pin
Oppo reno 14f có bấm nút nguồn tắt màn hình đc k,negative,màn_hình
5 sao tuyệt vời,positive,khác
Em mua máy đã qua sử dụng 3.630.000 Sài đc vài bữa giờ muốn bán lại mất phí bao nhiu a.,neutral,khác
Mình muốn mua iphoen 17 prm 256gb ạ,neutral,khác
"Mình trước hay mua đồ ở đây rồi nên quen mặt luôn. Lần này mua tặng ba mẹ con máy A6T này. Chất lượng tốt, giá ổn. Shop uy tín mà.",positive,giá
Máy bán bao lâu là ngừng kinh doanh vậy shop với lại khi nào về thêm hàng ở quy nhơn nói cho mình biết luôn,neutral,khác
Giá hiện tại mua ở Fpt Phú Mỹ là bao nhiêu ạ,neutral,giá
"cũng tạm ổn cho bản 8gb ram, nhẹ",neutral,hiệu_năng
mua chả góp thẩm định người thân ko ạ,neutral,khác
"Điện thoại em mới mua hồi cuối tháng 4 và hiện tại dung lượng tối đa pin tụt mất 1 phần trăm, em cần được giải thích cho tình huống này ạ",positive,pin
kmai ghi tặng củ sạc mà phải bắt bỏ ra 500k mua hài vậy,neutral,khác
có hỗ trợ bộ sạc không ạ?,neutral,khác
dạ hssv có đc giảm giá ko ạ,neutral,giá
Mua 30/12 giá 13tr990.Thế mà về nhà xem giá trên wep có 13tr690 là sao nhỉ. Từ hôm bận quá chưa cả có thời gian để thắc mắc luôn,neutral,giá
"Chào FPT, VinSun Laundry (Hoi an Laundry service), Điện Ngọc, Điện Bàn, Quảng Nam, còn hàng không ạ.",neutral,khác
Máy dùng ok,positive,khác
"Khá ổn trong tầm giá, pin trâu.",positive,pin
"Giao hàng nhanh như gió, đóng gói kỹ càng quá. Nhân viên shop nhiệt tình, tư vấn chu đáo nữa. Đã mua là thích ngay.",positive,hiệu_năng
Tôi hôm quá mua sao không nhận được loa,negative,loa_âm_thanh
"Sau 2 tháng trải nghiệm thì mình có 1 vài điểm ko thể ưng được trên con máy này1. Cảm ứng màng loạn hết cả lên, chạm tay nhẹ thôi cũng giật nữa2. Mình ko biết là lưng máy nó cong hay là pin phồng mà cái vỏ lưng đt mình bị nhô lên, mình chạm vào cứ kiểu như nó đàn hồi vậy á 3. Máy lag cực và nó nóng nhe. Vỏ nhựa nhưng mình cảm nhận đc nó nóng và khi nóng thì đt nó lag luônTrải nghiệm lần đầu xài Xiaomi redmi chắc tởn",negative,pin
Màn hình to không shop,negative,màn_hình
Máy này ở Thành Phố Bạc Liêu còn hàng không ạ?,neutral,khác
"Màn hình đẹp, dễ nhìn, tôi hay mở công thức nấu ăn trên bếp mà nhìn vẫn rõ. Nhưng tôi thấy cái cục sạc mua rời 25W thì sạc cũng hơi lâu, gần tiếng rưỡi mới đầy",negative,màn_hình
Quảng Ngãi giá Xiaomi 15T 5G 512G sao ạ,negative,giá
Kiểm tra tình trạng bảo hành đến đáu cho mình với,negative,khác
Mượt mà. Chụp ảnh xuất sắc. Tạm thời rất ưng ý,positive,camera
Mình mới mua máy gần 1 tháng sao sạc máy nóng quá ạ. Cốc sạc cũng nóng. Chụp hình hay quay phim máy cũng nóng luôn ạ.,positive,camera
S23utra đổi lên 25 bù nhiều ko ạ,neutral,khác
28/2 su đụng toi tháng 7 sam sung quá vẫn ổn định sam sung qua đinh người giao hang rất dễ thương nua điện thoại rất tốt một like,positive,khác
Camera sau bị tróc sơn,negative,camera
ngon – bổ – hợp túi tiền camera chụp ảnh rõ nét,positive,camera
Ngày đầu tiên bàn phím hơi lag . Tải các app khác mở lên thì lagapp mắc dù wifi rất mạnh,positive,giá
"quá tệ điện thoại lỗi đem ra đổi mà check thì bảo ko bị gì,ko muốn đổi cho khách hàng,thua xa dòng 11",negative,khác
Còn hàng ở xã trãng bom đồng nai không ạ không lấy quà có được giãm giá nữa không,neutral,giá
iPhone 11 thường 128gb lên đời ip17pro giá sao ạ,neutral,giá
"thời lượng pin chưa quá xuất sắc nhưng vẫn coi là ổn ,màn hình ok có cường lực khá an tâm sử dụng. camera khá ok chụp ảnh khá nét nhưng chưa quá ấn tượng vì dù sao cũng chỉ 50mp.Sạc 45w ok cũng khá nhanh,kết nối 4g tương đối ổn định,5G thì chưa dùng nên ko rõ.chipset và ram thì không phải đánh giá ok trong tầm giá rồi.Hệ sinh thái hyperOS chưa đc ổn định cho lắm nhưng cũng mượt mà trong quá trình sử dụng tương lai vs các bản cập nhật sau chắc sẽ dần tốt hơn. Thang điểm 8,2 cho sp này ,nhu cầu gaming ko cao và chủ yếu làm việc hằng ngày thì máy đáp ứng đủ tốt và khá là thoải mái rồi. Nhân viên vui vẻ nhiệt tình trong quá trình mua máy tư vấn cũng rất hài lòng.",positive,pin
Em đã mua được 4 tháng trả góp hiện tại máy bị lỗi. Mạng thì dùng được còn gọi ngoài với nghe không dùng được. Em muốn đổi máy khác,negative,khác
M.n mua thì xem sét nha E dùng dk 2 ngày vào ap ngân hàng rất lâu Lúc gọi điện thoại phải ấn 2 đến 3 lần xong n dần dần hiện lên như kiểu dơ đơ ý,negative,khác
Những máy điện thoại bàn phím 2G có được áp dụng đổi điện thoại bàn phím/ ĐT cũ/ MTB cũ còn lên nguồn để được giảm 400.000 đồng không ạ,negative,khác
Mẫu sp có sẵn ở khu vực ý yên nam định không,neutral,khác
"Máy tốt giá hời ,không có gì phải bàn cãi ,mua hàng tgdd nhiều lần thấy rấc ok",positive,giá
ở cửa hàng có ko,neutral,khác
Mua bị lỗi wifi có được bảo hành ko ạ,negative,khác
Sao tớ mới mua máy có 2 ngày mà pin tụt nhanh lắm dùng chưa được 1 ngày đã phải sạc,negative,pin
Quả máy mới mua hum 20 tháng 5 năm 2024 mà trượt lúc được lúc không máy thì dùg ô khê,negative,khác
"Máy đẹp, camera ok, hiệu năng khoẻ, lại còn được tặng loa xịn",positive,camera
"Mình đặt máy online, bên FPT gọi lại xác nhận rất cẩn thận, hỏi cả nhu cầu sử dụng để tư vấn đúng phiên bản. Giao hàng nhanh, nguyên seal, tem chính hãng đầy đủ nên khá yên tâm.",positive,hiệu_năng
Con này trừ tất cả khuyến mãi đi thì giá là bao nhiêu ạ,neutral,giá
Ngày 1/6 có chương trình khuyến mãi gì dành cho a56 không ạ,neutral,khác
"Mình đang dùng ip 11 pro dung lượng 512 GB, tình trạng pin 72%, đổi qua ip 17 trợ giá bao nhiêu vậy ạ?",positive,pin
Bảo hành rơi vỡ Bolttech cho iPhone 879.000đ1.099.000đ,negative,khác
"Sản phẩm tốt, máy dùng mượt, pin trâu. % Pin 1 tháng đầu hơi hao 3% tới nay vẫn chưa tụt, cụm viền camera dễ xước ko đụng chạm va đập rơi gì hết vẫn xước ít. Đánh giá máy tốt nên dùng máy nhẹ xài ốp oke, nhiều màu camera đẹp rẻ hơn 14Promax. Đã mua được 5 tháng.",positive,pin
"E này thiết kế đẹp lung linh, cầm chắc tay lắm. Màn hình lớn mà mỏng nhẹ nữa.",positive,màn_hình
Oke Sài ngon hơn con sam sung a56 nữa,positive,khác
Dùng 2 tuần thấy ngon. Khuyến mãi lúc mua giảm 3 triệu. So với tầm tiền điện thoại android đáng mua.,positive,giá
có chính sách trả chậm k ạ,neutral,khác
có bảo hành ko shop,negative,khác
Còn ưu đãi dòng iphone nào nữa ko Iphone 13 có sẵn ở shop ko,neutral,khác
15prm 256g muốn lên 17prm 256g thêm bn ạ,neutral,khác
Mình mới mua iphone 13 được 7 ngày. Giờ muốn trả lại để mua iphone 14 thì mất phí ntn vậy shop,neutral,khác
hiện tại ra cửa hàng mua S25 ultra sẽ có những ưu đãi nào,neutral,khác
lỗi phần mềm liên hệ tổng đài thì bảo đem xuống đmx hay tgdd để kiểm tra nhưng đem xuống bảo lỗi phần mềm k giải quyết được,negative,khác
"Sau 4 tháng sử dụng thấy máy rất tốt, chụp hình quá ok trong tầm giá, pin thì dùng được hơn 1 ngày, cầm nắm rất vừa tay. Sử dụng các tác vụ đều nhanh mượt, đặc biệt máy dùng rất mát, ít bị nóng",positive,pin
"Chắc là mình may mắn máy rất tốt sạc cũng không nóng giữ pin lâu Mấy bạn cứ bảo là nóng máy pin thì tuột nhanh mình không biết mấy bạn dùng cục sạc gì Chứ theo các nhân mình,mình dùng sạc anker Năm năm rồi Máy nào dùng cũng ổn Pin không là vấn đề Chứ dùng phụ kiện của Apple rất tệ Sạc nhanh nóng máy khả năng rất cao.",positive,pin
Ip15 512gb màu xanh dương giá bn bậy shop,positive,giá
Xiaomi 13T pro 5g vỡ kính lưng đổi nhiu ạ,negative,khác
Nói chung là rất tốt. Chất lượng ok,positive,khác
Mua được 6 tháng máy tử reset lại rồi đơ k lên . Gửi bảo hành thì kêu báo phải thay kính camera 5.8tr mới bảo hành Cho . ngang nhau lừa dân,negative,camera
Cập nhật lên phiên bản mới pin tụt,negative,pin
"Đã mua ip 17 pro trước tết 2026 và có trãi nghiệm rất tệ. Máy sài cực kì nóng nhưng đem ra cửa hàng bảo do chưa cập nhật phần mềm nên nóng, ok mình cập nhật phần mềm lên và máy vẫn rất nóng. Bên cửa hàng ko chịu đổi cho mình họ bảo mức độ nóng này chưa tính là nóng, khi nào máy nóng mà tự sập nguồn luôn thì mới tính là nóng.Mình đã bỏ tiền ra mua sản phẩm mà mà sài trong sự bất an rất sợ tình trạng cháy nổ của ip nên mình đã phải trả lại sau hơn 1 tuần sử dụng và mất 20% vì cửa hàng hoàn toàn từ chối trách nhiệm. Hơn 10 năm tin tưởng và sử dụng sản phẩm của TGDD và đây là lần cuối. À mình đã mua lại 1 cái ip ở cửa hàng khác, sau thời gian sài thấy khá là ổn áp nên mình mới viết bài đánh giá này",positive,giá
Em muốn trả góp qua samsung finance thì cần yêu cầu gì không ạ?,positive,khác
"Con máy này dùng phê phà, mở nhiều app mà không thấy lag tí nào. Pin cũng trâu hơn mong đợi.",positive,pin
Máy loại này bị lỗi xạc... dùng được nửa ngày nap đã ko vào đổi lại dùng được 2thang lại như cũ...chán..,negative,khác
Chán quá mới mua đến giờ dc hơn 1 tháng sạc 42 lần mà đã xuống 1% pin mong dc giải thích hợp lý,positive,pin
"Mình là khách quen của FPT Shop rồi nên hôm nay mua tặng cho em gái con A07 8GB 256GB. Mày mã thiết kế sang trọng, cấu hình mạnh mẽ nữa. Rất hài lòng.",positive,thiết_kế
nhân viên giới thiệu nhiệt tình vui vẻ,positive,khác
"Poco 16 pro khu vực long xuyên trả góp trả trước bao nhiêu, và góp bao lâu ạ",negative,khác
K nên mua hàng ở thế gioi di dông bán thì mắc bh thì tệ chỉ bt xl là giỏi toàn bộ chỉ khách hàng chịu thiệt.nói chung k nên ghé thế gioi di dộng mua dt,negative,giá
"nhân viên rất nhiệt tình , cảm ơn fpt nhé",positive,khác
"Sạc nhanh 33W là điểm cộng lớn, giúp mình tiết kiệm được nhiều thời gian chờ đợi mỗi khi cần sử dụng máy gấp. Pin 5000mAh cực kỳ bền bỉ, đáp ứng tốt nhu cầu sử dụng liên tục cả ngày dài của mình.",positive,pin
"Máy đẹp, sử dụng mượt, ổn định",positive,thiết_kế
"Ok, tuyệt vời, pin trâu",positive,pin
hang rat tot nhan viên ban hang tu van nhiệt tinh gia hoi cao so voi các bên khác Nhung phuc vu rất tót,neutral,khác
Mình còn đang trả góp đt bây h có thể góp thêm cái nữa được ko,negative,khác
Hàng mới hoàn toàn ha shop ?,neutral,khác
Pin hao quá nhanh. 100% pin mà sử dụng như pin 90%.,negative,pin
Pin 6000 cảm giác sài như 5000 của SS. Mua chưa được 1 tuần mà có vẻ lag ngay cả zalo. Load trắng phông phải load lại. Không mượt ngay cả những ứng dụng cơ bản. Mở khoá màn hình nhấp đúp lúc dk lúc không. Nói chung là tệ so với tầm giá.,negative,pin
Camera chính đẹp không ạ,positive,camera
Pin thì là 5000 mà xem video FB 3 tiếng là hét rồi rất nhanh hết pin,negative,pin
Dung lượng pin dùng tạm ổn,positive,pin
có chương trình khuyến mãi gì khônng ạ,neutral,khác
Chinh sach gop 0 dong cua iphone la sao shop mong shop tu van,neutral,khác
Mình mua cho ck minh xài đc 10th máy rất tốt nhưng tự nhiên ổ sạc lại ko sạc pin đc mình gửi máy về cửa hàng để gửi hãng bảo hành.cửa hàng hẹn mjh là từ 7 đến 14 ngày là sửa xong nhưng khoảng hơn 1tuan thì báo lại mình là gia hạn thêm 14ngày nữa.Mjh cũg OK.nhưng sau thêm 1tuan nữa thì bên bảo hành liên hệ lại nói máy của mình bị tác động nên ko chịu bảo hành.... ủa là sao trong khi đó máy mjh chưa hề rơi rớt hay va chạm bất cứ vào thứ gì... Rồi bên bảo hành báo với mình là giá ổ sạc thay mình phải chịu phí là 11trieu200nghin....ui trời cái máy bao nhiêu tiền mà thay ổ sạc hơn 11triệu.... có phải đây là mưu kế của bên bảo hành nhằm để lấy tiền của mình....Mua cái mấy mới có mười mấy triệu mà giờ hư sạc ko chịu bảo hành đổ thừa là do tác động còn bắt mình chịu phí thay là 11tr200k.... Lần đầu mua iPhone xài thấy nản vô cùng,negative,pin
"Mình đặt mua IP15+ qua trước đến cửa hàng nhận máy thì đợi hồi lâu mới có máy. Cửa hàng thì không có ốp lưng, cường lực. Có miếng dán chống chày thì bạn nhân viên dán bị bọt khí, phản hồi cho bạn ấy thì bạn nói anh về sạc nóng máy là tự hết. Mua điện thoại xong thì bạn nhân viên đưa cái túi bự chà bá lửa do hết túi mong anh thông cảm. Một trải nghiệm mua hàng cực kì tệ.",neutral,khác
còn hàng k shop,neutral,khác
"Mình vừa nâng cấp lên iPhone 16 Plus và rất hài lòng. Màn hình lớn, sáng rõ và mượt mà, cực kỳ phù hợp để giải trí và làm việc. Camera chụp ảnh thiếu sáng quá đỉnh",positive,màn_hình
Hệ thống camera ấn tượng với các tính năng chụp ảnh và quay video chuyên nghiệp.,positive,camera
Tôi cần lấy hoá đơn vat mà chưa thấy chỗ nào để nhập thông tin Mã số thuế của người mua,neutral,khác
Mình dùng 67 tháng thì thấy rất ok chỉ là % pin tụt hơi nhanh. Kh bt có bảo hành thay pin chính hãng của Apple kh ạ,positive,pin
Tại ba đồn có bản 256 ko shop,neutral,khác
Nói chung là rất tốt. Chất lượng ok,positive,khác
"Mấy dòng trước hút pin quá xài đc chút là thấy hết pin dù chỉ lướt fb với tiktok thôi một ngày sạc hai lần chưa hết ngày, dòng này ko biết ntn",negative,pin
Nhân viên nhiệt tình hỗ trợ,positive,khác
iphone 17 màu xanh lam khói có sẵn ở TPHCM ko bạn,neutral,khác
"Mái bị lỗi trong 30 ngày đầu, không được hổ trợ đổi máy ngay",negative,khác
"Đổi điện thoại cũ ss a50s vẫn lên nguồn, bị nứt màn đổi đc bn ạ, mua trực tiêos tại cửa hàng có đc dùng điểm thưởng k?",neutral,màn_hình
Nhân viên tận tình sản phẩm tốt,positive,khác
"Trên web để tặng phiếu mua hàng loa tai nghe trị giá 500k vậy mà ra nhân viên báo phải mua hoá đơn trên 3tr mới sử dụng được , từ đầu sao ko để trên web rõ ràng đi làm ăn lom com",neutral,giá
"Máy xài mượt , tốt !",positive,khác
shop xem ở chi nhánh đà nẵng còn máy không ạ?,neutral,khác
Rất tuyệt vời,positive,khác
"Mình thấy dùng ổn, ngoại hình các thứ đẹp hơn các dòng dưới đã dùng, k am hiểu lắm về đt nhưng cũng thấy đẹp chắc vì mắc tiền nên đẹp, màu titan tự nhiên khá ok",positive,giá
Dùng khá ok. Pin khá trâu,positive,pin
"máy rất đẹp, mình mua ở tgdd nguyễn duy trinh hôm 26/2 , nhân viên nhiệt tình dễ thương",positive,thiết_kế
"mình thích con này được cái màn hình to 6.9 inch.nghe nhạc, xem video tuyệt vời luôn. có hỗ trợ sạc không dây...",positive,màn_hình
Mượt pin khỏe xin xo thì khỏi nói,positive,pin
"Pin nhanh xuống kinh khủng,máy thì nóng rang, đặc biệt là khi dùng cam, chụp được 12 ảnh là nóng sôi rồi. Pin sài 1 năm thì xuống còn 90",negative,pin
"Mình vừa nâng cấp lên iPhone 16 Plus và rất hài lòng. Màn hình lớn, sáng rõ và mượt mà, cực kỳ phù hợp để giải trí và làm việc. Camera chụp ảnh thiếu sáng quá đỉnh",positive,màn_hình
Nghe bình luận bên dưới thấy máy ko ổn mà sau tôi mua về sài rất mượt pin trâu sạc nhanh ai nói 1h mấy mới đầy tôi thấy máy này mọi người kinh tế thấp nên mua mày này sài bao bên luôn,positive,pin
Mua trả góp onlline ntn ạ,neutral,khác
Mình mua được hơn 2 tuần nhưng vẫn chưa nhận được loa xiaomi qua tặng mong phan hồi ah,negative,loa_âm_thanh
không lấy quà tặng thì giá cuối còn nhiu shop,negative,giá
Máy đẹp dùng rất thích,positive,thiết_kế
"Nhân viên tư vấn nhiệt tình lắm, đóng gói cẩn thận kỹ càng. Nhận hàng đúng hẹn, shop phục vụ tốt quá.",positive,khác
Oppo A5 pro 5G rất tốt mọi thứ đều ok,positive,khác
"Máy thiết kế đẹp nhẹ, pin tốt sạc nhanh , dùng bình thường mượt game nhẹ ok",positive,pin
Muốn đổi samsum a52 lấy s24 Fe thì bù bao nhiêu,neutral,khác
Em mua được 3 ngày thì đổi mất phí bao nhiêu vậy ạ,neutral,khác
"mua được 2 ngày bị rè loa bên chi nhanh mang qua bh cũng có xác nhận nhưng ko chịu đổi bh cho khách , cứ hẹn ngày này qua ngày khác thì ko thể chấp nhận nổi cách làm việc và chính sách như thế này dc",negative,hiệu_năng
Em dùng oppo reno10 5g 256 muốn lên f13 thì bù bao nhiêu ạ,neutral,khác
Em muốn đổi s22ultra sang s24ultra giá thu cũ đổi moi nnao ạ,neutral,giá
Sao điện thoại redmi note 14 không có hiển thị phím ảo vây,negative,màn_hình
HSSV khi mua tại cửa hàng thì nên mang theo gì vậy shop,neutral,khác
Mình đã cập nhập lên 26.3,positive,khác
Đang xài Androi nhảy quá tháy lạc tay vãi. Độ mượt thì 90hz ko bằng 12hz của Androi đc. Nhiều lúc cũng thấy ngoooapp tải rồi mà mở lên vẫn đỏi tải. Bảo mật gì mà thấy máy của ae có cả ngàn tb chưa đọc hay xử lý vẫn hiện. Đúng chỉ đc phần thông báo và thương hiệu nhận diện,negative,hiệu_năng
Bảo hành lần 1 về chưa kịp dùng vẫn hỏng không bên nào nhận Tgdd tt bảo hành nhân viên tổng đài thái độ không nhiệt tình nhắn tin trung tâm thì kêu quản lý liên hệ nhưng đợi mãi không thấy đâu làm ăn vô trách nhiệm vậy ư,negative,khác
Máy cài sẵn rom tiếng Việt rồi đúng ko shop,neutral,loa_âm_thanh
Mình dùng k được như mong muốn giờ muốn bán lại thì được bn tiền ạ,neutral,giá
"Pin tụt nhanh ko biết có ổn ko ,",positive,pin
Bảo hành rơi vỡ Bolttech cho iPhone 879.000đ1.099.000đ,negative,khác
"Máy dùng ổn, mua thu cũ đổi mới được giá tốt, nv đmx hỗ trợ nhiệt tình",positive,giá
Sau khi mua ip được 1 tháng thì tại sao lại phải gửi về trung tâm để thẩm định. Và có phải bắt buộc ip nào mới mua cũng phải vậy k,neutral,khác
mua iphone 17 vf thanh toán qua quét ví zalo pay được giảm 500k luôn à sốp,positive,khác
"Sạc nhanh siêu tiện lợi, chưa đầy một tiếng đã đầy pin. Chất lượng camera tốt, quay video sắc nét. Rất đáng để mua.",positive,pin
Quá Vip.chơi game bao ko nóng máy luôn....ngon,positive,khác
"Minh mới mua máy dùng rất tốt mà lúc đó quên xem là nó ko có hỗ trợ thẻ nhớ, mình mua bản Xiaomi Redmi Note 15 Pro 5G 8GB/256GB giờ muốn đổi lên 12Gb 512Gb được ko.",positive,khác
FPT cao bằng phường thục phán còn bán còn này không ạ,neutral,khác
"Tốt, chụp ảnh đẹp",positive,camera
"Đã trải nghiệm được 50 ngày,máy dùng mọi chức năng thấy ổn, sạc Pin không nóng máy nếu chỉ gọi nghe chắc phải 48 tiếng mới sạc 1 lần.Camera thich hợp quay phim chụp hình vào ban ngày, bạn đêm hình ảnh chụp hơi kém,nói chung máy dùng ổn.",positive,pin
Giá máy 4triệu200 nếu chọn khuyến mãi 1 thì tổng còn lại cho máy này là bao nhiêu shop. Có màu xám tại quảng ngãi không,neutral,giá
chi nhánh đại lộc còn màu trắng đập hộp 245GB k ạ nếu hết hàng thì tầm khoảng bao lâu sẽ có hàng lại ạ,neutral,khác
Máy dùng rất OK,positive,khác
"Máy rất mượt, nhưng thấy hơi hao pin. Mới dùng thấy ổn vs tầm giá",positive,pin
14promax 128gb sang 17prm 256gb thi sao b,neutral,khác
"Oppo A58 là lựa chọn hoàn hảo trong tầm giá, vừa đẹp, vừa mạnh mẽ.",positive,giá
bạn ơi mua iphone 15 tặng túi lộc 2.700.000 là như nào ạ?,neutral,khác
Mình đang góp dòng này cho mình hỏi mình thanh toán khoản góp theo tháng bằng thẻ visa tại cửa hàng được ko ạ,neutral,khác
Máy này camera sau chụp hình đẹp ko fpt,positive,camera
"Khá ổn trong tầm giá, pin trâu.",positive,pin
Tgdd có nhận thanh toán mua hàng bằng thẻ tín dụng MB phi vật lí ko vậy,neutral,khác
Điện thoại đề qua pin tụt pin có được đổi không shop,negative,pin
Tôi xài OK cảm ơn TGDĐ,positive,khác
Muốn mua s25 cần tư vấn ạ.,neutral,khác
"Sài ngon phè phè luôn, iPhone thì không cần phải nhận xét gì thêm. Chị nhân viên bán hàng xinh vẫn nhận ra luôn mình khách quen",positive,khác
Mình mua điện thoại trên Shopee rồi điện thoại bị lỗi sao sửa ạ,negative,khác
Sản phẩm này có đang được giảm giá không shop ơi,neutral,giá
"Giao hàng nhanh gọn lẹ, đóng gói kỹ càng cẩn thận. Nhân viên shop tư vấn nhiệt tình, hướng dẫn sử dụng chi tiết nữa chứ.",positive,hiệu_năng
"Mới mua 5 ngày mà sao đt thường xuyên bị đơ màn, gõ tnhan bị đơ tầm 2 3 giây, lướt shoppe cũng đơ luôn",negative,màn_hình
tại sao điện thoại lúc thì nhận được vân tay và khuôn mặt lúc thì không vậy mong admin phản hồi,negative,bảo_mật
"Mua điện thoại gần 1 tuần, xài zalo hay bị nhỡ cuộc goi trong khi mạng mạnh, thông báo zalo chậm, cảm ứng có khi chậm, chụp hình không đẹp, được cái pin cũng khá trâu.",negative,pin
mát mượt xài rất tốt giá ok hợp lý,positive,giá
ip 13 cơ sở long biên còn hàng k ạ,neutral,khác
"Mình thấy nâng cấp lên Samsung Galaxy S26 rất đáng. Hiệu năng tốt, pin ổn và camera đẹp. Hôm trước lướt Shopee thấy gian hàng của shop có sale cả em này, khá ngạc nhiên nhưng mà hết nhanh quá không kịp đặt, tiếc quá.",positive,pin
"Chỗ mình hơi khó tìm, ship có gọi trước không shop? Mình muốn giao hôm nay",neutral,khác
"ở Huế đang có hàng POCO M7 PRO này k ạ, nếu mua hàng sau dịp lễ thì giá bao nhiêu, có loại RAM 12 k ạ. Nếu có thì địa chỉ shop ở đâu tại Huế..",neutral,hiệu_năng
"Máy tốt, đẹp.",positive,thiết_kế
Ở phường Tuy Hòa tỉnh Đắk Lắk còn máy này k ạ,negative,khác
Sop có mua lại a52 cũ ko khi mua a56 mới,negative,khác
"Mới vừa mua hôm qua ngày 17/11/2024 bốc hộp ra vào phần cài đặc báo chu kỳ sạc 1 lần nhân viên giải thích là do bên hãng apple test nên báo 1 lần tôi ok với lời giải thích đó . Nhưng qua ngày hơm sao nó lại báo chu kỳ sạc 2 lần lưu ý là tui chưa từng ghim sạc nhưng vẫn báo chu kỳ sạc 2 lần có hình ảnh dẫn chứng tui có đính kèm gọi tổng đài khiếu nại thì bảo tình trạng này phải gởi về hãng apple để thẩm định lỗi tầm 15 ngày mới có kết quả,. Mới đập hộp bị tình trạng như vậy mà tgdd không có chính sách gì để hổ trợ nhanh chóng hoạc hổ trợ đổi máy mới , hoạc có biện pháp gì nhanh gọn lẹ cho khách , bắt khách mới vừa mua dt đập hộp phải gởi đi hãng 15 ngày để thẩm định cho hỏi cách sử lý như vậy có tốt không Có làm khách hàng hài lòng không",neutral,hiệu_năng
đổi đt ban phím cũ mobilstar B221 có được giảm 1tr ko shop?,neutral,khác
"Hồng phai thật sự quá đẹp cho con tướng bánh bèo như mình, nôn nao có máy ghê, giá cũng ổn, apple ra mẫu này đúng dành cho phái đẹp",positive,giá
Mua gần tháng thì hay bị sập nguồn mặc dù pin đầy cứ đag dùng là nó đơ lag xong sập nguồn luôn mới đổi sag con khác ngày 1/12 tệ hơn cả ooppo a53mua năm 2019 nữa,negative,pin
pin 7000 mà sài không đủ 1 ngày đã hết pin zạ,negative,pin
Dạ em cần chuẩn bị gì để xác nhận giáo viên ạ,neutral,giá
còn hàg ko shop,negative,khác
"Máy của mình mua từ hôm đầu ra mắt tới giờ chưa được 1 năm nhưng pin đã chai khá nhiều, không biết có lỗi gì hay có trong diện có thể kiểm tra và bảo hành không ạ",negative,pin
Pin tuột nhanh quá 1h tuột gần 30 % pin,negative,pin
Sao mình mua 13 thương ma cảm thấy pin tụt kha nhanh với hay bị đo,negative,pin
mình mua gan 1 nam roi thay xai rat tot pin thi ok,positive,pin
Mua tiền mặt giá bao nhiêu,neutral,giá
Pin trâu không ạ,positive,pin
mình mua gan 1 nam roi thay xai rat tot pin thi ok,positive,pin
sản phẩm sẵn sàn tại shop số 282 Phạm Văn Thuận / Thành Phố Biên Hòa chưa vậy,neutral,khác
"Dùng thích lắm, nhân viên hỗ trợ nhiệt tình",positive,khác
Tặng túi lộc 500k là ntn Tặng đồng hồ xiaomi là sao ạ,neutral,khác
"Pin trâu, mượt, camera nét, ngoại hình cute. Rất okXứng với tầm giá",positive,pin
Khi mua iPhone 17 tại FPT Shop có được tặng kèm phụ kiện gì không?,neutral,khác
Lỗi wifi đang xài thì tắt wifi chập chờn khó chịu,negative,khác
"Cửa hàng ở địa chỉ 52 Đ. Tâm, TT. Đoan Hùng, Đoan Hùng, Phú Thọ có còn sẵn mẫu sản phẩm này không ạ",neutral,khác
"17prm màu bạc 256gb có hàng sãn ở kiến đức, lâm đồng ko ạ",neutral,khác
"Chào bạn, bạn định giá bao nhiêu cho một chiếc iPhone 15 Pro Max 256GB trong tình trạng hoàn hảo, pin còn 82% và vỏ titan, để đổi lấy một chiếc iPhone 17 256GB?",negative,pin
"14 pro có sẵn ở FPT Bình Sơn, Quảng Ngãi không ạ",neutral,khác
Tôi mới mua iPhone 16prm hôm qua. Không biết nên để nguyên iOS 18.6.3. Hay cần lên iOS 26.3 không ạ mong được ad tv thanks,neutral,hệ_điều_hành
Mua tại cửa hàng TGDĐ cách đây 1 tháng. Cảm nhận tốt hơn chiếc A71 cũ của tôi nhiều về mọi mặt.,neutral,khác
"Mình mua iPhone 17Pro Max ngày 05/12/2025, bây giờ nếu mua thêm iPad thì được giảm giá 2 tr tiền mua iPad đúng không ạ?",neutral,giá
Điện thoại lúc bắt được sóng lúc không bắt được.,negative,khác
"Thất vọng iPhone 16 Minh mua về chua dùng ngay , sau 1 tháng 5 ngay bỏ ra kích hoạt dùng thì máy treo trắng màn hình không đang nhập được, phải mang đi hãng bảo hành, ko được đổi mới.",negative,màn_hình
"Anh/ chị em sinh đôi khi cài face id trên iphone 13, người này vẫn mở khoá face id trên điện thoại của người kia được. Điều này không thật sự bảo mật trên thiết bị iphone như mình nghĩ",neutral,bảo_mật
Giá trả thẳng là bao nhiêu tiền vậy,neutral,giá
"Mình muốn mua trả góp 17e 256, thì mình trả trc bao nhiu zay shop, phần còn lại góp trong 12 tháng",neutral,khác
hàng rất ok. camera chụp ảnh đẹp. Quay video có chống rung quang học rất tốt. Pin trâu cả ngày làm việc ok. Không có điểm chê trách.,positive,pin
Bên FPT cần đước Long An còn máy này không ạ,neutral,khác
"Mọi thứ đều ổn, trừ khoản pin hơi kém",negative,pin
Oppo reno 13 F ở bến Lức có hàng không ạ.,neutral,khác
Đẹp hài lòng,positive,thiết_kế
"Màn hình gập đẹp, khi mở ra sử dụng như máy tính bảng nhỏ, trải nghiệm rất thú vị.",positive,màn_hình
nhiều khuyến mãi,neutral,khác
Rất tuyệt vời,positive,khác
Giờ a muốn mua ip 16 plus này trả góp qua momo thì được duyệt ko ah,negative,khác
Mượt pin khỏe xin xo thì khỏi nói,positive,pin
Trả góp theo các gói có được trợ giá không,neutral,giá
Samsung a16 4g mua tại cơ sở trường chinh hà nội có chương trình thu điện thoại bàn phím trừ tiền không shop,neutral,giá
Theo shop. Poco x7 pro và Honor 400 lite cái nào tốt hơn thế shop?,neutral,khác
"Pin dòng Plus thực sự rất trâu, mình dùng cả ngày dài với nhu cầu hỗn hợp mà tối vẫn còn dư khoảng 30%. Màn hình to xem phim rất sướng nhưng cầm một tay hơi nhanh mỏi.",positive,pin
M.n mua thì xem sét nha E dùng dk 2 ngày vào ap ngân hàng rất lâu Lúc gọi điện thoại phải ấn 2 đến 3 lần xong n dần dần hiện lên như kiểu dơ đơ ý,negative,khác
trả điện thoại lấy tiền lại cũng không được nói vòng vo Tam quốc chán,negative,giá
trả điện thoại lấy tiền lại cũng không được nói vòng vo Tam quốc chán,negative,giá
Sản phẩm dùng ok,positive,khác
Tốt Nhưng mà để qua đêm tuột 6%,positive,khác
"Mua về dùng rất ổn, đáng tiền, chắc chắn sẽ quay lại mua nữa",positive,giá
E hỏi Oppo dòng nào chụp hình đẹp và nét để làm video,positive,thiết_kế
"Đối với sinh viên muón mua trả góp ip17prm bạc 256gb thì cần nhung giấy tờ gì , trả góp hàng tháng bao nhiêu ạ",neutral,khác
Giá quá hợp lý so với chất lượng,positive,giá
Samsung A52 lên đời trợ giá bn vậy shop?,negative,giá
Giá cả hợp lý so với tính năng và thương hiệu Samsung.,positive,giá
tuyệt vờiii,positive,khác
"Vào đọc đánh giá toàn thấy pin kém tuột nhanh,rồi thì cảm ứng lang giật, mình dùng chẳng có hiện tượng gì xảy ra,quay phim chụp ảnh thì mình ko thích rồi nên ko quan tâm, với tôi rất hài lòng với sản phẩm này, lần sau lại ủng hộ tiếp",negative,pin
"Kì hạn 12 tháng,1 tháng là bao nhiêu tiền vạy",neutral,giá
"Mẹ ơi đúng ngon luôn,hàng xiaomi mà trên 10 củ nó vẫn là cái gì đó quá đẳng cấp",positive,khác
Còn hàng ở xã an minh tỉnh an giang k ạ,neutral,khác
"Dùng được 2 năm rồi máy vẫn chạy tốt, mua ở Điện máy xanh và Thế giới di động bao uy tín",positive,khác
Ip 13 có hàng trưng bầy ko ạ,neutral,khác
Nói chung là rất tốt. Chất lượng ok,positive,khác
sản phẩm có được đổi 1:1 nếu có lỗi phần cứng k do nhà sản xuất k ạ,neutral,khác
Quy nhơn còn máy poco m6 ko shop,negative,khác
bên mình có những cty tài chính nào hỗ trợ mua góp vậy,neutral,khác
ở cơ sở eakar nốp còn hàng không mình ra mua ?,neutral,khác
E muốn trả góp qua thẻ visa techcombank thì có phảii trả trước bao nhiêu phần trăm giá trị máy k ạ,neutral,giá
"Con máy này đúng là đáng tiền, mình thấy chất lượng ổn, mọi thứ đều mượt mà. Nên mua luôn đi.",positive,giá
"Lỗi wf, ko cài đặt dc máy, máy mới mà đã vậy",negative,khác
Sản phẩm rất ok,positive,khác
"Sản phẩm này nếu trừ hết khuyến mãi thời điểm này giá nhiêu ạ, mình ở quận 10 cũ thì chổ nào còn hàng ạ",neutral,giá
Mình có máy 16pro 256 bản titan sa mạc . Muốn đổi lên 17 promax 256 thì thêm bao nhiêu bạn,neutral,khác
Mình dự định mua iphone 15 128GB Mình muốn mang về nhà bóc seal được không hay phải bóc tại cửa hàng vậy ạ?,neutral,khác
Máy còn k ạ,negative,khác
"Mới xài được mấy tháng, bị sọc màn hình rồi",negative,màn_hình
"Dạ em muốn mua ở FPT Cẩn thơ có giảm giá gì hong ạ, với sinh viên có dc giảm hong ạ",neutral,giá
"Camera sau khi quay video chỉ nhận dạng và lấy nét được 1 người chính, còn lại những người khác và cảnh vật đều bị làm mờ. Vào cài đặt thì ko có chức năng chỉnh sửa nội dung này, có ai bị như vậy ko ạ, phải khắc phục như thế nào ạ",negative,camera
Có sẵn iphone 13 màu trắng ở chi nhánh Đà Lạt không,neutral,khác
Cho em hỏi điện thoại Samsung S25 ultra em mua vào hồi tháng 3 vừa rồi. Nay em lắc điện thoại có hiện tượng kêu cặch cặch là sao vậy ạ. Em có mở cam lên tiếng hành lắc rồi mà nó cũng kêu ạ. Mong shop giải đáp giúp em với ạ. Em xin cảm ơn,neutral,loa_âm_thanh
Ip11 64 gb pin 81% thu củ đổi mới muốn lên ip17 256gb phải phụ bao nhiêu ạ,neutral,pin
Có sẵn tại Cao Lãnh không ạ,neutral,khác
Cho mình hỏi là còn 13 hồng ko ạ,neutral,khác
Sao 5g mà chạy chậm thua cả 4G,negative,khác
"Màn hình Full HD+ có độ sáng cao, hiển thị sắc nét ngay cả khi mình dùng ngoài trời nắng gắt để xem bản đồ. Viền màn hình mỏng mang lại không gian trải nghiệm rộng rãi, xem phim hay lướt web đều rất đã mắt.",positive,màn_hình
Máy mới mua tụt pin nhanh,negative,pin
"Pin tốt, dùng khá giật lag.. đang xem YouTube mà có người gọi điện thoại đến,khi nghe điện thoại xong là out luôn .",positive,pin
"Thế giới di động 371 Trần Hưng Đạo Vị Thanh, NV Tư vấn không thật thà, có dấu hiệu chuộc lợi. Làm mình mất PMH 1tr. Mọi người mua máy nhớ hỏi kĩ, đừng nghe mua gói bảo hiểm này nọ.",neutral,khác
Máy có NFC ko,neutral,khác
"Máy mới mua được 6 ngày máy bị lỗi phím ko tăng giảm âm lượng được, lên thế giới đi động huyện gia lộc, tỉnh hải dương đổi ko được đổ lỗi cho khách hàng đánh rơi bóng màn hình",negative,màn_hình
Cửa hàng tại thành phố Điện Biên còn màu hồng k shop,neutral,khác
Ngon nhưng giá cao quá,negative,giá
Vừa lấy cả combo quá ngon,positive,khác
cho mình hỏi máy có đang đc bán ở FPT Trà Vinh ko ?,neutral,khác
"Fold7 hỗ trợ đa nhiệm ngon, chia đôi màn hình dùng song song 2–3 ứng dụng rất mượt, mình vừa họp video vừa ghi chú vẫn chạy êm, không lag.",positive,màn_hình
17 promax 1tb bạc bao giờ bên mình về hàng ở cs Hà Nội vậy ạ?,neutral,khác
Bên mình còn thu cũ đổi mới không?,neutral,khác
Tốt máy đẹp,positive,thiết_kế
Đẹp cầm vừa tay gọn thêm ốp nữa là ok Mình mua đc hơn 1th r chưa thấy vấn đề gì Nhân viên TGDĐ phương lâm tân phú đồng nai phục vụ khách hàng rất tốt vui vẻ chỉn chu cài đặt từ a đến z rất ưng ý,positive,thiết_kế
"mình đã đặt cọc ip 17 256g màu trắng được 1 tuần, thì tầm bao lâu nữa mới có hàng ạ",positive,khác
giá mua khi mua online và mua trực tiếp tại cửa hàng có khác nhau không ạ,neutral,giá
"Máy tốt giá hời ,không có gì phải bàn cãi ,mua hàng tgdd nhiều lần thấy rấc ok",positive,giá
"hi shop, ở chi nhánh dầu tiếng dòng 13th có trả trước 0đ k ạ",neutral,loa_âm_thanh
ip 13 thường có hay bị lỗi màn k ạ,negative,màn_hình
Mới mua đc 1 tuần đã dính lỗi reset và panic rồi Nói chung ip 16 lỗi tùm lum. Bực mình thật sự,negative,khác
"Cho mình hỏi ip15 thường có màu hồng ở cửa hàng FPT Phú Xuyên, Hà Nội không ạ?",neutral,khác
Oppo reno 14 pro 16Gb 1T giá bn ạ,negative,giá
Mua được 1 tháng thì pin đã tuột 1%,negative,pin
Mượt mà. Chụp ảnh xuất sắc. Tạm thời rất ưng ý,positive,camera
Có bán máy cũ đã qua sử dụng không Shop?,negative,khác
Pin tuột nhanh sữ dụng dựt lag cảm thấy khá tệ,negative,pin
Cho em hỏi giá này chỉ áp dụng khi mua trực tuyến thôi hay sao ạ,neutral,giá
Nv hỗ trợ tốt,positive,khác
"Sao mình mua dùng đc 6 ngày mà bàn phím đang đánh chữ nó cứ tự nhảy sang số là sao nhỉ, có phải bị lỗi cảm ứng ko",negative,màn_hình_cảm_ứng
Mới ghim sạc 1 lần sao tự dưng báo chu kì sạc 2 lần là sao nhỉ,neutral,khác
Ở bến lức co hàng ko ạ,neutral,khác
"mình mua vào lúc 20/1/2026 mọi thứ đều tốt nhưng loa khi mở max loa lướt tiktok fb thấy rè rè rung rung , mong được sớm hỗ trợ",positive,loa_âm_thanh
"Camera selfie qua màn phụ là điểm ăn tiền của Flip7, góc rộng, ảnh nét và sáng, selfie nhóm rất tiện, không cần ai cầm máy chụp hộ.",positive,màn_hình
"Vừa đặt thử trên đây mà có nhân viên gọi ra nhanh thật, chiều chạy ra shop trải nghiệm rồi mới quyết đinh cọc. Dịch vụ Shop uy tín!",neutral,hiệu_năng
mẹ cho mình 5tr:)) nma mình thich 13 này thì sao hả shop,neutral,khác
Máy có sẵn tại xã Krông năng Đăk Lăk không shop,neutral,khác
khi mua đt là đã bao gồm cục sạc đi kèm chưa shop,negative,khác
Nhân viên thật tuyệt.,positive,khác
Giờ mua xiaomi 15T pro còn tặng loa k shop,negative,loa_âm_thanh
Mình cảm ơn hãng đã cho mình đổi trả sang dòng khác khác mà ko bị mất phí. Điện thoại tốt trong tầm giá.,positive,giá
"Nhân viên nhiệt tình ship hàng tận nơi ,máy mới nguyên seal,bill đầy đủ, máy năm nay có thiết kế mới khá đẹp mỗi tội là khung nhôm không cứng cáp bằng khung titan cũ",positive,thiết_kế
Mình có mua ở chi nhánh 06 hai bà trưng . Mh xem là góp trong thế giới di động thì k có lãi suất . Mà mình dô góp cũng do mh lần đầu đi góp nên k bk để Ah nv ảnh làm hết .Mình mới trả góp 2tr800 còn lại mỗi tháng góp 944. Trong giấy ghi là 18/3 mới đóng mà nay mình lên đóng trước thì thấy tháng 2 vẫn đóng 944 . Thế ra mh phải đóng 13th . Trong giấy ghi 18/320/2/2027.Má ơi toá hoả giờ nhận ra mh góp iphone 14 128gb giá 15tr hơn . Từ hồi giờ e k có trả góp giờ ngu thì chịu chứ bk làm như nào giấy tờ họ làm hết r . Mà chắc chỉ có e k bk mới bị thôi chứ ai mà bị .,negative,giá
Hiện ưu đãi giảm 1tr cho thẻ TCB còn không ?,neutral,khác
Máy sạc nóng quá bình thường sạc ip 11 vs 12 củng ko nóng mà sạc ip 13 lại nóng nếu sác mà dùng cái j 1 cái là bị cảnh báo máy nóng à vs lại sạc củng chậm so với các dòng máy khác,negative,khác
"Camera zoom rất ấn tượng, chụp xa mà vẫn rõ nét. Hiệu năng ổn định, sử dụng các tác vụ hằng ngày rất mượt mà. Rất hài lòng",positive,camera
cho mình hỏi samsung s25ultra này còn bị lỗi sọc màn hình k v,negative,màn_hình
Máy này phần viền dưới của máy mỏng ko fpt,negative,khác
Mình đang dùng samsung a56. Mới mua đc 1 tuần. Giờ muốn lên đời s25ultra bản 256gb. Cho hỏi sau khi trừ hết các thứ thì phải bù bao nhiêu.,neutral,khác
Đặc quyền HSSV - Giáo viênGiảm ngay200.000đXác thực ngay,positive,giá
Dáng máy đẹp pin cảm nhận 1 thời gian thấy hết với nhanh nhân viên tư vấn kém không đạt yêu cầu của khách hàng với lại mình thấy máy khi đã qua sử dụng rồi mới đến tay mình dùng,negative,pin
Mình đổi ip11promax qua thì có hỗ trợ không ạ?,neutral,khác
"Mua đúng đợt sale, giá quá hời so với chất lượng. Chỉ tội pin hơi mau hết hơn mong đợi nhưng sạc nhanh nên cũng ổn mà.",positive,pin
Hình như chỉ đánh giá 5 mới dc duyệt đúng k add,neutral,giá
"Tiêu chuẩn rơi vỡ, kháng nước.... Mà rất dễ trầy đặc biệt là camera và viền. Đã trả máy mất 20%",positive,camera
Xài oke lắm nhà mượt mà,positive,khác
"Đọc thấy mấy bạn chê sản phẩm nhiều quá cũng hoang mang. Nhưng vì noa đẹp và cấu hình ổn nên mua tặng Mẹ luôn. Mẹ xài được hón 1 tháng mọi thứ đều ổn áp, lướt mượt.Chỉ có 1 cái nhược điểm là thỉnh thoảng đã tắt màn hình, tắt tik tok, tắt hết mọi chế độ mà vẫn nghe nhạc phát ra từ tiktok. Có khi tận 5 phút mới hết. Không phải thường xuyên nhưng trong tháng thì cũng xảy ra 5 lần. Hơi bất tiện mà không biết khắc phục thế nào",neutral,màn_hình
Mới mua vô tik tok bấm bl k bấm đc,negative,khác
redmi turbo 3 có thu cũ ko ạ,neutral,khác
Cho mik hỏi nếu mua ip bên mik thì có tặng ốp và cường lực ko Khi mua sim đc giảm bnhiêu phần trăm,neutral,khác
"Sau 2 tháng trải nghiệm, máy cấu hình ổn định có thể genshin ở mức cấu hình cao, mlbb max setting, chụp ảnh thì ổn định chế độ AI chụp ảnh thì hơi phóng đại độ sáng, pin có thể sử dụng trong ngày, sạc nhanh 120W, thông báo thì có vẻ hơi trễ 5 tới 15 phút do hệ điều hành hyperos không phải do máy, nhưng tất cả trải nghiệm điều rất ok, đáng để mua để làm máy chính",positive,pin
"Máy thiết kế đẹp, mỏng và cao cấp, cầm chắc tay. Màn hình hiển thị cực kỳ sắc nét, màu đẹp, dùng ngoài trời vẫn rõ. Chỉ hơi tiếc là bề mặt máy khá trơn nên nếu không dùng ốp thì cần cầm cẩn thận hơn, nhưng bù lại nhìn rất sang.",positive,màn_hình
ip 13 màu hồng 256G nhiu tiền,positive,giá
còn màu xanh biển k shop,positive,khác
Sản phẩm rất ok,positive,khác
Mình mua cho ck minh xài đc 10th máy rất tốt nhưng tự nhiên ổ sạc lại ko sạc pin đc mình gửi máy về cửa hàng để gửi hãng bảo hành.cửa hàng hẹn mjh là từ 7 đến 14 ngày là sửa xong nhưng khoảng hơn 1tuan thì báo lại mình là gia hạn thêm 14ngày nữa.Mjh cũg OK.nhưng sau thêm 1tuan nữa thì bên bảo hành liên hệ lại nói máy của mình bị tác động nên ko chịu bảo hành.... ủa là sao trong khi đó máy mjh chưa hề rơi rớt hay va chạm bất cứ vào thứ gì... Rồi bên bảo hành báo với mình là giá ổ sạc thay mình phải chịu phí là 11trieu200nghin....ui trời cái máy bao nhiêu tiền mà thay ổ sạc hơn 11triệu.... có phải đây là mưu kế của bên bảo hành nhằm để lấy tiền của mình....Mua cái mấy mới có mười mấy triệu mà giờ hư sạc ko chịu bảo hành đổ thừa là do tác động còn bắt mình chịu phí thay là 11tr200k.... Lần đầu mua iPhone xài thấy nản vô cùng,negative,pin
ở khu vực hcm thì đã có sẵn 17 pro max bản 1tb chưa ạ,negative,khác
Mới mua loa nhỏ pin tụt nhanh ra đổi nhân viên bảo phải gửi đi thẩm định mới biết lỗi 1đôi 1 đc bỏ ra số tiền lớn chất lượng quá tệ,negative,pin
mua thứ 6 mọi thứ oke,positive,khác
"Ok, tuyệt vời, pin trâu",positive,pin
"Mua từ tháng 1/2025 về xài chán thật sự, cứ lag tắt nguồn",negative,khác
"Mua được 10 ngày tự động tắt nguồn khởi động lại, biết thế de 15 prm xài",negative,khác
Mua cũng đc 2 tháng xài ok màn hình to nét tần số quét 144hz mượt mà. Pin siêu trâu xài 3 ngày mới sạc. Sạc rất nhanh nữa chứ,positive,pin
Em muốn hỏi e mua iPhone 13 máy mới . Em dùng được 2 tháng . Máy vẫn 100% pin nguyên. Giờ e muốn bán thì thế giới di động có mua lại không ạ. Và giá mua lại bao nhiêu ạ.,neutral,pin
Nợ xấu có đc trả góp k ạ,negative,thiết_kế
Có thu s23fe không ạ,neutral,khác
"Hàng không đúng, hỏng có được từ chối không Shop",neutral,khác
cho mình hỏi FPT shop cơ sở ở Linh Đàm có còn hàng k,neutral,khác
Máy quá tuyệt. Màn hình rất đẹp. pin trâu,positive,pin
"Sài sướng thật,năm ngoái xài Xiaomi 14t pro .năm nay lên đời vẫn sướng.",positive,khác
"Rất tốt, mượt và camera chụp hình đẹp sắc nét",positive,camera
"Điện thoại quá tệ, không thể chia đôi màng hình, sử dụng 2 tháng rồi, đem ra thế giới Di động họ cũng ko thể chia đôi màng hình được,. Nếu có ai chia đôi màng hình sử dụng 2 ứng dụng song song được chỉ mình với",neutral,màn_hình
Mang vào hiệu cầm đò sao chỉ được giá 3500000 vậy,negative,giá
"Mua đc tháng, dùng thấy ổn mà.",positive,khác
Oppo Ai5 này có chức nắng khóa icon màn hình ko shop ơi,negative,màn_hình
Sao cái này rẻ vậy shop Hàng trưng bài hay điện thoại cũ vậy,neutral,giá
"Dạ đt Oppo reno 14 5g màu trắng 12G 256G còn ở phường Mỹ Tho tỉnh Đồng Tháp ko ạ, em là sv ko lấy quà tặng thì tổng giá còn nhiêu ạ, em muốn trả góp thì trả trước bao nhiêu % ạ",neutral,giá
Máy này dùng hệ điều hành gì vậy bạn,neutral,hệ_điều_hành
"Tôi mua kèm tai nghe tại sao chỉ được tặng loa, không được giảm giá",negative,giá
Mới mua dùng thấy ổn. Máy thiết kế đẹp. Hàng mới nên an tâm về chất lượng,positive,thiết_kế
Cho hỏi giá 3.420.000 là đã kèm khuyến mãi chưa?,neutral,giá
Mình muốn mua mới ssA06-5G .ko lấy củ sạc giá cuối còn bao nhiêu,neutral,giá
"Máy chậm. Mới mua mấy tháng, hiện tại đang bị lỗi nhảy báo bàn phím ảo liên tục. Xin cách khắc phục",negative,khác
iphone 17 pro màu xanh 256gb giá bao nhiêu shop,positive,giá
phú xuyên có cơ sơ nào k ạ,neutral,khác
Mua được hơn 1tháng. Khi pin xuống 20% máy nóng ran nóng kinh khủng và khi xạc pin ở dưới 70% máy cũng nóng ran y chang. Đang ko biết nguyên nhân lí do vì sao. Đã tắt hết ứng dụng ko xạc. Tắt cả wifi,negative,pin
"Mới mở hộp được 2 ngày, trước tiên thấy đẹp, hoàn thiện cao, pin trâu. Màu đỏ thật sự nổi bật",positive,pin
"Sản phẩm pro năm ny mượt, pin tốtCó đều cầm nắm chưa thật sự thoả máiNhưng nói chung đây là sp tốt",positive,pin
"Dùng được 2 ngày thì lỗi không nhận sạc, phải reset máy mới nhận sạc, vậy là do lỗi phần mềm đúng k nhỉ",negative,khác
Cỏn hàng ở Cần Thơ k shop,neutral,khác
Máy đơ liên tục trong khi mới mua 1 tháng . Lướt titok 15p là đơ đứng máy . Kh biết được đổi máy kh,negative,khác
Mới mua 2 ngày thấy pin 5800 gì mà dùng xíu buổi sáng hoặc buổi tối là hết pin rồi,negative,pin
Mua dùng đc 1 tuần thao tác vẫn nhanh và mượt Pin Ok đọc đánh giá của 1 số khách hàng phàn nàn hay là do chiếc máy đó bị lỗi Mình dùng chưa phát hiện thấy gì,positive,pin
15t pro Trừ hết quà giá sao shop,neutral,giá
Cho hỏi sao đt redmi 14 pro 5g không có phần dịch vụ AI trong phần cài đặt ạ,neutral,khác
Chị mua iPhone 16 128g ngày 5/2/2025Sao trong phần bảo hành lại thấy là gói bảo hành đã hết hạn,negative,khác
Về lâu về dài không biết nữa nhưng cấu ra3gb rom 64gb ăn đứt Samsung a06 r6gb 128gb ôm không thể tin nổi,positive,khác
Máy dùng ok lắm ạNhân viên nhiệt tình vui vẻ 10,positive,khác
"Khung viền nhôm bền bỉ, góc bo tròn sang trọng hơn",positive,thiết_kế
Con này gem ổn ko shop,neutral,khác
Chị nhánh dĩ an còn ko ạ,neutral,khác
- giá khuyến mãi 1 thì sp bán giá bao nhiêu vậy ad,neutral,giá
Rất tốt. Nhẹ. Rất mượt,positive,khác
"Mình trước đây đã từng mua con Redmi Note cũ ở FPT rồi, thấy chất lượng ổn nên lần này mình mua tặng bố một con mới. Shop vẫn giữ nguyên thái độ phục vụ tốt như xưa.",positive,khác
Huế còn iphone 15 pro max không bạn?,negative,khác
Cho hỏi chả góp với chả thẳng lệch nhau nhiều ko ạ,neutral,khác
"Phường Pleiku, cơ sỡ bên 23 Nguyễn Tất Thành (Ngã ba Phan Đình Giót - Nguyễn Tất Thành) Còn hàng k ạ shop?",neutral,khác
Đặc quyền HSSV - Giáo viênGiảm ngay200.000đXác thực ngay,positive,giá
GIAO HÀNG NHANH,positive,hiệu_năng
Tôi xài OK cảm ơn TGDĐ,positive,khác
có kèm củ sạc không ạ?,neutral,khác
có thu cũ đổi mới samsung S21 không em,neutral,khác
"Máy mua hàng đổi trả. Máy có trầy 1 chổ. Nhưng ko đáng kể. Máy mới pin 100. Xài ổn định mượt. màn đẹp loa hay, Pin trâu xài wifi ko game 810 tiếng tuỳ tác vụ. Camera chụp hình quay video ngon. Cảmm thấy hài lòng với ip13. Nhân viên tư vấn nhiệt tình. Ok",positive,pin
"Con máy này dùng mượt mà lắm, mở nhiều ứng dụng cùng lúc cũng không giật lag. Đặc biệt pin trâu, đi cả ngày chỉ cần sạc buổi tối là xài được.",negative,pin
Rất Hài lòng về sản phẩm trong tầm giá này,positive,giá
"Đặc trưng của Flip là gập máy dựng đứng, rất hữu ích khi gọi video call, livestream, chụp ảnh nhóm hay quay vlog mà không cần tripod, dân sáng tạo nội dung cực mê.",positive,camera
Mua tại cửa hàng thì có đước trả góp 9 tháng vs lãi xuất 0 phần trăm không shop,neutral,khác
"Iphone 16 màu hồng có hàng không bạn? Nếu có thì địa điểm nào có ở Hà Nội, sinh viên được hỗ trợ gì?",neutral,khác
Ip 16 128gb ở quy nhơn Gia lai giá bao nhiêu em học sinh ạ,neutral,giá
Cho em hỏi ip 13 của em sao vào chụp chân dung thì không zoom đc ạ còn chụp ảnh thường hay quay video thì zoom mong ad giai thích giùm em,neutral,camera
Quảng cáo 21tr5 mà lên wed thấy 25tr,negative,khác
"FPT Shop giao máy nhanh, còn hỗ trợ cài đặt và kiểm tra máy trước khi giao. Dịch vụ rất chu đáo, mình yên tâm mang về dùng ngay.",positive,hiệu_năng
"Phiên bản A56 ram 12G có thể nói là chiếc điện thoại tuyệt vời với mức giá chỉ hơn 11 tr, điện thoại mượt và xử lý nhanh.",positive,hiệu_năng
Xài gần 1 năm rồi pin vẫn 100% nhe mấy ní. 17 sắp ra rồi nhưng 16 vẫn đẹp hơn. Múc liền 16 đi mấy ní ơi,positive,pin
"Mình mua máy tại thế giới di động sát cầu an lộc q12 ạ. Máy mình ko rơi đang gập ko phải đang xài, đi có đoạn đường tự nhiên mở máy ra thấy có vệt sáng to dài trên màn hình á. Mình ra chỗ này gặp thì a quản lý mặc đồng phục trắng nói chuyện với mình. Quản lí j mà tư vấn nói chuyện bực ghê. Cứ đổ trách nhiệm cho khách rồi nói kiểu cho qua. Thứ nhất Ảnh nói là do có cái j đó chạm vào màn hình á mà trong khi máy gập lại ko đụng j nó. Thứ 2 ảnh bảo là mình dùng máy thời trang nên mình phải chấp nhận rủi ro chấp nhận điều đó. Ủa mọi người ơi. Vậy rủi ro của máy lớn như vậy hỏng suốt như vậy thì ngay từ đầu ko tư vấn kĩ vậy đi để mình khỏi mua dòng này. Máy mình đã bị như vậy 1 lần rồi ạ. Lần đầu mua ĐK 3 tháng là bị rồi bảo hành thay rồi mới chưa ĐK năm giờ bị nữa nè mn . Hay bị lỗi vậy thay màn hình có rẻ đâu Đã chán với dòng này rồi. Còn chán với cái cách bạn ấy nói chuyện với mình. Mất tiền tin tưởng TGDD mà để 1 bạn ăn nói như vậy lên làm quản lí.",negative,màn_hình
giao hàng nhanh nhan viên fpt rất nhiệt tình htro khách,positive,hiệu_năng
Máy dùng ổn định,positive,khác
Ở cần thơ có 17 thường màu đen k ad,neutral,khác
Máy mượt dùng khá ok mỗi tội pin hơi yếu ngày sạc 2 lần ae,positive,pin
"Hơi tiếc là dòng Plus không có bút S Pen như Ultra, nhưng bù lại giá mềm hơn cả chục triệu. Với nhu cầu văn phòng bình thường như mình thì S26 Plus là quá dư dùng rồi, đã qua trải nghiệm tại shop, quá ổn",positive,giá
cho mình xin giá ip16 plush 128G ở Bắc Ninh ạ,neutral,giá
"Màu titan sa mạc ngoài đời nhìn khá đẹp, điện thoại dùng mượt, hiệu năng ok.",positive,thiết_kế
Cho em hỏi bên mình có thu ip12 quốc tế để lên đời ip17 promax không ạ?,neutral,khác
Ship nhanh ko ạ mình cần gấp,neutral,hiệu_năng
dùng được 2 tháng bị lỗi hao pin bất thường. bị nóng máy khi xem các video trên fb và tiktok thì có mang kiểm tra được không ạ,negative,pin
Sản phẩm có tại khu vực Giá Rai Không shop,neutral,giá
Quá thất vọng về dòng này. Điện thoại chỉ rớt nhẹ k cấn ở đâu vẫn vỡ màn hình. Lần đâu tiên mua oppo mà màn hình tệ như vậy,negative,màn_hình
Minh mua dc 5 tháng pin con97% hỏi có bi sao k,neutral,pin
"Sản phẩm bị lỗi, khi lắc nhẹ nghe tiếng lạch cạch bên trong máy, cứ như có vật thể lạ trong máy cảm giác rất khó chịu",negative,giá
Shop bên Krông Năng Đắk Lắk có k shop,neutral,khác
Thành phố thanh hoá còn hàng không shop,neutral,khác
Còn màu trắng ko ạ,neutral,khác
Mình có tín dụng MB. Khi quẹt thẻ là được trừ 500k đúng không ad?,neutral,khác
"Cho hỏi iPhone 17 pro max 512gb màu bạc, trả trước 34 triệu mỗi tháng góp bao nhiêu",neutral,khác
Dùng chip gì vậy ad,neutral,hiệu_năng
"Sản phâmt này còn hàng ở chi nhánh nào ở hcm ạ, e đang ở q7",positive,khác
Redmi note 14 có ở đức lập_lâm đồng không ạ,neutral,khác
Redmi note 13 thu lên note 14 thì bao nhiêu tiền ạ,neutral,giá
Đã mua và dùng rất thích nhưng mỗi tội màn hình hơi nhỏ,positive,màn_hình
"Mình trước mua con A37 ở đây thấy ok, nên lần này tặng người yêu con này. Đẹp và mượt lắm, e này đáng đồng tiền bát gạo.",positive,giá
e muốn mua ip15 256gb trả trước 5trieu và muốn góp 12 tháng thì mỗi tháng bao nhiêu ạ? hssv có được giảm giá không ạ,neutral,giá
"Mới mua 5 ngày mà sao đt thường xuyên bị đơ màn, gõ tnhan bị đơ tầm 2 3 giây, lướt shoppe cũng đơ luôn",negative,màn_hình
"Ủa shop bản5G với bản này là sao vậy shop, k gắn sim được hả shop",neutral,khác
"Máy đẹp,dùng OK",positive,thiết_kế
Sản phẩm này còn hàng ko ạ,neutral,khác
thủ tục trả góp nhanh gọn,negative,hiệu_năng
"Thiết kê đẹp nhưg hiệu năng không được như kỳ vọng, pin kém, chơi game lag",negative,pin
Dung lượng pin 22 giờ là có nghĩa sử dụng 22 giờ mới hết pin ah shop? Mình đang dùng samsung 15 năm nay đang muốn thay đổi chút.,positive,pin
Mua được 3 tháng thấy ngon nhất trong tầm giá. OS mượt pin trâu chụp ảnh đẹp.,positive,pin
máy đập hộp ạ?,positive,khác
"Giá hợp lý cho ai muốn một chiếc smartphone bền bỉ, đơn giản để dùng hằng ngày.",positive,giá
Tốt nv nhiệt tình dù cao hơn với những bên khác nhưng chất lượng phục vụ ok,positive,khác
iphone 14 256gb bao nhiêu tiền v,neutral,giá
Thiết kế viền màn hình dưới (cằm) vẫn còn hơi dày và một số phiên bản vẫn dùng màn hình Infinity-U (giọt nước).,negative,màn_hình
"Ưu điểm Thiết kế đẹp, pin trâu, camera sau ổn, chơi liên quân ổn đinh 60fps đồ họa trung bình. Nhược điểm Dùng các tác vụ fb,tiktok,ytb... hơi khựng, không được mượt cho lắm. Camera trước khá tệ.Tóm lại ai cần đt bền, pin trâu, dùng các tác vụ thông thường. Thì em nó là 1 gợi ý khá toàn diện.",positive,pin
"Tầm giá này có quá nhiều sự lựa chọn tốt hơn. Tôi đã mua và cảm nhận sử dụng được hơn 2 tháng và tôi có một số đánh giá như sauThực sự con chip 7sgen4 tuy không mạnh nhưng cũng không quá yếu để sử dụng tác vụ hàng ngày và chơi game cũng ổn nhưng hệ điều hành hyper os vẫn chưa tối ưu được hiệu suất. Một số app vẫn còn bị lỗi, một số chức năng vẫn chưa hoạt động bt vd như kết nối tai nghe Bluetooth không thể chỉnh âm lượng mà phải khởi động lại thiết bị sau đó máy mới hiện lên cảnh báo âm lượng tắt nó đi mới chỉnh âm lượng được Camera 200mp nhưng tôi đánh giá không cao chất lượng máy ảnh, ảnh chụp thực tế màu sắc không được đẹp và tươi bên cạnh đó tấm nền Amoled 3200 nit độ sáng nhưng thực tế ra ngoài trời nắng vẫn bị quá tối",negative,màn_hình
Em dùng 14 muốn lên 17 cần góp bao nhiêu ạ ?,neutral,khác
"Mới mua 1 tháng.mọi thứ OK.pin trâu,sạc nhanh.rất mược",positive,pin
"Samsung Galaxy S24 FE có tích hợp cảm biến vân tay không? Nếu có, vị trí đặt ở đâu?",positive,bảo_mật
"Máy ngon, chip mạnh nhưng hộp không có sạc hơi buồn. May mà ra shop test thì được nhân viên tư vấn mua kèm củ sạc 45W giảm 30% nên thôi cũng duyệt",negative,hiệu_năng
Đt này có hỗ trợ NFC k ak,negative,khác
17 256GB trả trước từ 30% góp 12th được kh,negative,khác
Xài gần 1 năm rồi pin vẫn 100% nhe mấy ní. 17 sắp ra rồi nhưng 16 vẫn đẹp hơn. Múc liền 16 đi mấy ní ơi,positive,pin
mình mua được 4 tháng rồi mà sao tình trạng pin tuột nhanh từ 100% tuột thành 98%,negative,pin
Điện thoại chơi games rất mượt camera nét lắm nói chung là rất thích,positive,camera
Ta nói chơi game mượt,neutral,khác
"Điện thoại giá rất tốt, xài mượt và chụp đẹp. Fan Ninh Dương with love",positive,giá
Mua trực tiếp tại cửa hàng thì giá có còn 5tr990 k,neutral,giá
SẢN PHẨM OK,positive,khác
Nếu mik mua trả góp thì sẽ trả góp trong bao nhiêu tháng v shop và sẽ trả trước khoảng bao nhiêu,neutral,khác
gia iphone 16.790k tru them tui loc 2800 k nua hả. hay. giá do tru roi,negative,giá
Chương trình khuyến mại thế nào bạn,neutral,khác
Mình mua ở tgdđ ngã ba đông yên yên phong bắc ninh màu sa mạc 31590 rất OK thua mỗi 17 cấu hình khung viền thì 16prm titan ăn đứt 17prm,positive,khác
iPhone 124gb ở Huế còn k sop,negative,khác
Mình mua ở TGDD pin5800mh mà dùng nhanh hết quá. Sạc siêu nhanh mà hết một Tiếng 30 phút mới đầy pin 100%. Nghe giới thiệu tin tưởng ai ngờ,negative,pin
Pin tuột nhanh sữ dụng dựt lag cảm thấy khá tệ,negative,pin
"Máy mua về sài vui thôi giờ chơi game không thực sự ngon, máy nóng lên cảm ứng không chuẩn dễ ấn hụt, sạc nóng máy",negative,màn_hình_cảm_ứng
Này có hỗ trợ sạc nhanh không shop?,positive,hiệu_năng
"Máy đẹp,dùng OK",positive,thiết_kế
Đà nẵng có máy kh ạ,neutral,khác
Mới mua một tuần cảm thấy hài lòng pin dùng cũng được một ngày vì máy mới nên ok,positive,pin
màu xanh có hàng sẵn ko shop?,neutral,khác
sài được hơn tháng thì loa trong rè chưa rõ nguyên nhân đã vệ sinh loa các kiểu nhưng vẫn rè,neutral,loa_âm_thanh
Máy này xài mượt không FPT,positive,khác
Bên thegioididong có thay pin cho redmi note 14 này không ạ,neutral,pin
Mái xài tốt pin trâu. Gái xin tư vấn nhiêth tình dễ thương,positive,pin
Zoom ban đêm nét cănggggg má ơii đẹp lắm,positive,camera
"Máy mua sài được 15 ngày chưa thấy lag hay đơ gì cả, máy thật sự quá vô địch không có gì để chê, so với máy 3,5 triệu hay 5 triệu thật sự 1 trời 1 đất. Đúng tiền nào của đó, lúc đầu mua máy rẻ thì ối dồi ôi nó lag, vô xem ảnh không được, rồi đủ thứ bệnh khiến mình khó chịu vô cùng. Rút ra kinh nghiệm nên mua máy từ 9 triệu trở lên thì ok hơn bao giờ hết. Đang sài con này rất mạnh, sài liên tục được 6 tiếng thì hết pin, sạc cực nhanh chưa tới 1 tiếng thì pin đã đầy. Rất ưng con máy này, nếu ae mua để đi làm hay dùng nhiều cứ quất con này, đảm bảo trâu bò, lỳ đòn lắm nha.",negative,pin
"Ok nhanh tốt , đúng hàng giá hợp lý",positive,hiệu_năng
màu trắng rất đẹp rất thích ...đỉnh kịch trần,positive,thiết_kế
15promax 256g titan tự nhiên bản zp/a full new lên đời 17pro max 256g . giá như nào ạ,neutral,giá
Máy còn hơi chậm,negative,khác
"Màn AMOLED sáng quá trời, lúc mình ra ngoài nắng vẫn xem được rõ ,cực kỳ hữu ích cho ai hay di chuyển ngoài trời.",negative,màn_hình
17 promax màu trắng 256gb có sẵn ở chi nhánh Dầu Tiếng Bình Dương k ạ,neutral,loa_âm_thanh
"Mới sạc 42 lần. Không sử dụng khi sạc, không sạc qua đêm, không có chơi bất kì game nào.",negative,khác
Máy hay bị lag và đơ. Âm thanh lúc nhỏ lúc tớ. Cho mình hỏi có ra đổi máy đc ko ạ,neutral,loa_âm_thanh
"Cảm nhận bạn đầu là máy Sài mượt , và máy rất mát. Trước mình hay dùng máy dùng chip snap 820 và 865+ máy khá nóng . Camera thì tạm chấp nhận được, mình tìm bản google cam cho máy mà không có",positive,camera
ở chi nhanh Từ Sơn còn hàng k ạ,neutral,hiệu_năng
dùng được 3 tháng rồi rất hài lòng về chất lượng và cách phục phụ của nhân viên tgdd vui vẻ nhiệt tình chi nhánh cần giuộc,positive,khác
"Lâu lâu màn hình màu bị nhạt, đt mới mua 3 ngày bị rồi mà gửi hãng thì mất hơn tuần ko có đt sử dụng bất tiện, pin sài hao, nhanh tụt",negative,pin
"Camera chụp ban ngày màu sắc khá tươi và chi tiết, đủ để lưu giữ khoảnh khắc hàng ngày. Tuy nhiên, khi chụp thiếu sáng thì ảnh bắt đầu có hạt và lấy nét hơi chậm một chút.",positive,màn_hình
"mua được 10 mấy bữa thì cứ báo tràn ram và tắt nguồn khi sạc qua đêm , mặc dù trước đó xài iphone đời cũ hơn không bị tình trạng này . Ra chạy chuẩn đoán thì báo bình thường mà về bị tận 2 lần bảo cập nhật lên rồi cũng k hết được",negative,hiệu_năng
Galaxy S24 FE có chế độ chụp ảnh ban đêm không?,positive,camera
"mấy tháng đầu xài ổn, pin tụt 1 2%, nhưng 2 tháng gần đây tụt rất nhanh",positive,pin
có sẵn tại cát đằng ý yên nam định ko ạ,neutral,khác
"Mình vừa đặt mua điện thoại, điện thoại chưa về thì mình có đổi màu khác được không ạ",neutral,khác
"chào shop, hiện còn sản phẩm bên chi nhánh xã Cần Đước tỉnh Tây Ninh không ạ?",neutral,khác
"Em có dòng Samsung cũ, bên mình có thu cũ đổi mới k ạ",neutral,khác
Cho mình hỏi ở Phan Rang còn máy này ko ạ,neutral,khác
Pin tốt. Máy quá ok,positive,pin
"Máy mình mới mua ngày 13/07 đến nay thấy pin tụt nhanh, máy bị nóng khi sạc",negative,pin
A56 có bản 12GB 256GB ko ạ,neutral,khác
"Mới cọc xong bản 256gb màu hường, hóng ngày trả máy quá shop ơi",negative,khác
Con 14c này bắt sóng 4g ổn định và mạnh kg .nhu cầu chạy xe công nghệ,positive,khác
Sản phẩm tốt. Nguyên seal nguyên kiện,positive,khác
E mới mua A17 thì trả thêm bao nhiêu qj,neutral,khác
"Máy nóng quá, nhất là lúc sạc điện hay khởi động lại. Chạy tác vụ cũng vậy, nóng hơn con S21 cũ đang dùng.",negative,khác
SP này có hỗ trợ bảo mật vân tay không?,positive,bảo_mật
Chị nhân viên chụp hộ hàng sài oke trải nghiệm lâu dài ch bik,positive,khác
"Cũng tạm. Hàng trưng bày có bị xước màn hình rồi nhưng mọi thứ dùng ổn. Pin 100% nhưng hơi đuối. Tóm lại giá rẻ hơn mọi chỗ, máy zin all, chế độ bảo hành đổi trả kém hơn chỗ khác. OK",negative,pin
"Sau 2 tháng trải nghiệm thì mình có 1 vài điểm ko thể ưng được trên con máy này1. Cảm ứng màng loạn hết cả lên, chạm tay nhẹ thôi cũng giật nữa2. Mình ko biết là lưng máy nó cong hay là pin phồng mà cái vỏ lưng đt mình bị nhô lên, mình chạm vào cứ kiểu như nó đàn hồi vậy á 3. Máy lag cực và nó nóng nhe. Vỏ nhựa nhưng mình cảm nhận đc nó nóng và khi nóng thì đt nó lag luônTrải nghiệm lần đầu xài Xiaomi redmi chắc tởn",negative,pin
Khi mua máy có được cục sạc dây sạc ip k hay phải mua thêm ạ,neutral,khác
Mua sử dụng đến nay 6 tháng rồi. Mọi thứ quá ok miễn chê. Của bền tại người. Tránh để tụt pin dưới 10% và hạn chế sạc quá 90%. Giờ pin vẫn 100 OK. Mẹo để pin trâu Vào Trợ năng Chuyển động giảm chuyển động. Vào Màn hình và độ sáng bật Tắt chế độ Trong Suốt. Muốn OK nữa pin trâu như trâu rừng miễn chê thì vào Bảo mật tắt Dịch Vụ Định Vị đi là máy mát như sò lạnh. Chúc các bạn vui vẻ,positive,pin
"Sản phẩm tốt, máy dùng mượt, pin trâu. % Pin 1 tháng đầu hơi hao 3% tới nay vẫn chưa tụt, cụm viền camera dễ xước ko đụng chạm va đập rơi gì hết vẫn xước ít. Đánh giá máy tốt nên dùng máy nhẹ xài ốp oke, nhiều màu camera đẹp rẻ hơn 14Promax. Đã mua được 5 tháng.",positive,pin
Mình đang sài 11pro 64g thu cũ đổi được nhiêu shop,positive,khác
Mới mua dùng thấy ổn. Máy thiết kế đẹp. Hàng mới nên an tâm về chất lượng,positive,thiết_kế
Máy chơi game Liên quân bắn súng ổn k ạ,neutral,khác
Sản phẩm này có hỗ trợ chế độ tiết kiệm pin không?,positive,pin
Là học sinh giá cuối là bảo nhiêu đối với Xiaomi note 14 5g vậy. Là học sinh ko có sô điện thoại đăng ký số của phụ huynh ko?,neutral,giá
Trải nghiệm rất tuyệt,positive,khác
mát mượt xài rất tốt giá ok hợp lý,positive,giá
2 ngày tuột them 1% đem ra TGDD nhân viên xem sơ xong kêu up phần mềm xem có cải thiện không. Rồi bán hàng kèm 9 sách bảo hành mà k có nổi 1 nhân viên có chuyên môn. Rồi gởi đi bảo hành 14 ngày rất mất thời gian và cũng không biết là giải quyết được vấn đề hay ko. Rất chán kiểu làm việc bán rồi thôi của 1 chuỗi cửa hàng lớn như vậy.,negative,khác
"Mọi thứ rất tuyệt vời, tôi có một trải nghiệm vô cùng hài lòng với chiếc IPhone 15 Pro Max 1TB , nhân viên phục vụ tôi rất tận tâm và nhiệt tình. Tôi rất hài lòng .",positive,khác
Chất lượng cao từ thiết kế cho đến cấu hình máy và chống nước so với tầm giá,positive,giá
tôi muốn mua trả góp,negative,khác
Mình mới mua đx 2 thág mà hư dây sạc có bảo hành hok ạ,negative,khác
ip 16plus 256 gb màu xanh mong két ở Yên Bái (Lào Cai) có không ạ,positive,khác
"sản phẩm này còn hàng ở cửa hàng nào Hà Đông, Hà Nội không shop",positive,khác
"Pin trâu, sử dụng nhìu h liền ko nóng máy, mượt",positive,pin
Cho hỏi SS s25 có trợ giá thu ip 11 lên đời s25 không vậy shop,neutral,giá
"mấy tháng đầu xài ổn, pin tụt 1 2%, nhưng 2 tháng gần đây tụt rất nhanh",positive,pin
Mình vừa mua hôm 8/5 để đt qua đêm thấy tụt 3% pin qua ngày 10/5 cũng tụt 3% pin,negative,pin
Máy xài chán. Đánh chữ nhảy chậm như rùa,negative,khác
"Công nhận pin đỉnh để qua đêm không tụt tý gì, dùng sướng hơn 15prm nhiều",positive,pin
Máy e mới mua dc 1 tuần mà loa nghe rè lúc nghe dc lúc ko nghe dc giờ đổi lại máy khác dc ko ạ,negative,loa_âm_thanh
Máy có chế độ chuyển ứng dụng sang thẻ nhớ ko,negative,khác
"Ad ơi, cho mình hỏi là giá trên web và giá tại của hàng có giống nhau không?",neutral,giá
Sản phẩm tóit,positive,khác
"Mới sáng nay dùng ok, và địa chỉ 35 thống nhất Đức Trọng Lâm Đồng, chăm sóc và hỗ trợ khách hàng rất chu đáo",positive,khác
tháng 12 mua có 4tr5,neutral,khác
Máy Sài rất ngon rất OK chụp ảnh quay phim nét căng,positive,camera
Quay video xong Vào xem lại máy rất chậm phông chữ cũng rất nhòe tầm tiền vậy mua con sam sung dòng A thì ok rất tiếc lần này lại mua oppo,positive,giá
Tôi đứng hon 1 tháng rồi. Nhìn chung là máy rất ổn. Tuy nhiên tôi nhận thấy mấy bát wifi và phát wifi hoi kem. Tình năng điều khiển mi không sử dụng đc.,positive,khác
Chị em hỏi cách tắt vạch ngang xuất hiện ở màn hình khóa là như nào ạ,neutral,màn_hình
Rep e shop ơi,neutral,khác
"Camera chính 50MP có OIS là điểm ""ăn tiền"" nhất. Chụp ảnh buổi tối hay quay video khi đi du lịch không bị rung, nhòe quá nhiều. Cam này gần như là vô địch trong phân khúc tầm trung rồi.",positive,camera
"Dùng tốt, không vấn đề gì.",positive,khác
điện thoại này dùng esim hay phải dùng sim vật lý shop,positive,khác
Dùng khá ok. Pin khá trâu,positive,pin
"K biết là máy này hơi cong hay do đúc túi nên bị, hôm mua k để ý giờ thấy cong .",negative,khác
"Mình có mua ip 16 pro max vào ngày 22/11/2025. Về sử dụng sạc được 6 lần đến ngày 2/12/2025 cắm sạc vào thì báo cảnh báo chất lỏng. Sau đó đem ra tgdđ bảo hành thì kêu gửi về hãng để thẩm định. Tới hôm nay thì gọi báo là lỗi do người dùng bị oxy hoá bên trong máy, trong khi đó mới mua xài chưa đến 10 ngày mà kêu là lỗi do người dùng làm bị ô xy hoá, giờ có đồng ý sửa thì sửa hết 17 triệu. Lúc mua thì nói bảo hành 1 đổi 1 trong 1 tháng. Trong khi dùng chưa tới 10 ngày làm gì mà bị ô xy hoá bên trong. Lỗi do nhà sản xuất thì k đổi mới cho người ta. Quá tệ một cửa hàng lớn mà làm ăn k uy tín.",negative,khác
cho mình hỏi iphone 17 tím 256gb có sẵn tại Hà Nội ko ạ,neutral,khác
còn màu xanh biển k shop,positive,khác
iPhone 16 Plus sử dụng chip gì?,neutral,hiệu_năng
Mua dùng đc 1 tuần thao tác vẫn nhanh và mượt Pin Ok đọc đánh giá của 1 số khách hàng phàn nàn hay là do chiếc máy đó bị lỗi Mình dùng chưa phát hiện thấy gì,positive,pin
Máy này sạc pin khoảng mấy tiếng mới đầy pin vậy ạ,negative,pin
có ưu đãi quà tằng gì khi mưa ip 17prmax 512 gb màu trắng ko shop,neutral,khác
iPhone 12 promax 256gb 75% thì đổi qua iPhone 17 bao nhiu ạ,negative,khác
sau 1 tháng dùng thì tôi thấy con này có vài ưu điểm là màn tràn viền lên xem phim 3d khá thích cảm ứng khuôn mặt khá nhạy xem phim 3d lướt YouTube thoải mái trợ lý AI dùng khá tiện và hữu ích nhược điểm là vân tay con máy này nhận diện hơi chậm máy thi thoảng có hơi lác 1 chút,positive,màn_hình
Điện thoại xin quá shop ơi,positive,khác
Máy mình mới sử dụng được 6 tháng mà pin đã tụt xuống 93%. Hơi thất vọng.,negative,pin
"Camera chính nét, nhưng cái tôi cần là khả năng quay video 8K và chống rung siêu tốt. Máy có bộ nhớ 256GB đủ cho tôi lưu trữ các dự án lớn, không cần lo chuyển file liên tục",neutral,camera
Nào có hàng này vậy phop Poco F8 Pro 5G,neutral,khác
Ở Đà Nẵng ko thấy trưng bày màu trắng nhỉ?,positive,khác
Sạc nhanh nhưng cũng mau hết pin. Máy êm xài mượt,negative,pin
Phục vụ nhiệt tình chu đáo,neutral,khác
Sản phẩm xoá ảnh Al đỉnh thật mọi người ạ,positive,khác
"Máy xài đc mới 3 tháng , chu kì sạc chỉ 38 lần đã tuột 2% thấy chất lượng tệ nhỉ",negative,khác
K sử dụng mà xuống pin nhanh quá mới mua tối hôm qua,negative,pin
máy đập hộp hay máy cũ vậy shop,negative,khác
Chơi game thôi mà tưởng đang coi phim 4k cảm ơn thế giới Di Động nhiều lắm,neutral,khác
Chất lượng tốt,positive,khác
Mình muốn mua iPhone 15 promax trả trước 1tr góp 12 tháng được không ạ,neutral,khác
Đã mua và dùng rất thích nhưng mỗi tội màn hình hơi nhỏ,positive,màn_hình
máy xài vá ngoan xuất sắc pin trâu mỏng nhẹ,positive,pin
11promax đổi Qua 14plus thì ntn,neutral,khác
"Rất đẹp, rất mượt",positive,thiết_kế
Em muốn trả góp điện thoại ip 13 128gb,positive,khác
"Mình mua ở TGDD được 3 tháng rồi. Không biết mọi người thấy sao nữa. Tôi dùng thấy rất tốt, chưa phát hiện một lỗi gì. Chỉ có khi sạc máy hơi nóng thôi. Tôi khuyên mọi người bỏ thêm tiền mua sạc chính hãng sẽ tốt cho pin hơn. Tôi có dùng sạc của bên thứ 3 rồi. Hậu quả là bị tụt 1% trong tháng đầu luôn.",negative,pin
Em đặt trước có giữ hàng đến cuối tuần không ạ?,neutral,khác
"Rất rất nên mua nha mọi người, pin cầm khá lâu, mượt, chơi LQ bao phê trong tầm giá.Theo cảm nhận cá nhân, vậy là quá Ok",positive,pin
Mình mới mua dc 4 ngày. Pin 5000 mà xuống Pin rất nhanh.có phải bị lỗi Pin k Đề nghị cửa hàng hỗ trợ,negative,pin
"Cái màn hình Super AMOLED 120Hz 6.7 inch của con này thực sự mượt mà và đẹp xuất sắc. Lướt TikTok, xem phim hay chơi game đều siêu đã mắt, hơn hẳn mấy con máy LCD cùng tầm giá.",positive,màn_hình
"Mua đúng 1 tháng, thừa nhận máy dùng ổn định, cam đẹp, pin không trâu lắm nhưng thừa sức đáp ứng 1 ngày dài làm việc nhiều, nhân viên tư vấn nhiệt tình....nói chung là rất OK.",positive,pin
"Sao mình mua dùng đc 6 ngày mà bàn phím đang đánh chữ nó cứ tự nhảy sang số là sao nhỉ, có phải bị lỗi cảm ứng ko",negative,màn_hình_cảm_ứng
Galaxy A16 hiện mua giá bao nhiêu ạ? Có được tặng kèm củ sạc không ạ?,neutral,giá
"Thiết kế đẹp, viền mảnh, cầm máy thoải mái.",positive,thiết_kế
Đặc quyền HSSV - Giáo viênGiảm ngay200.000đXác thực ngay,positive,giá
Giá bao nhiêu,neutral,giá
Em mua ss a15 bên a gần 1 năm giờ thứ lại bn,negative,khác
Mình thấy có một khe sim ko biết khe sim nữa chỗ nào,neutral,khác
Có trả góp 0phần trăm không,neutral,khác
Sao giá đang báo là 5690 mà vào tham khảo trả góp giá lại thành 62có lẻ hả shop.hay giá mua thẳng vs trả góp khác nhau ạ,neutral,giá
Mọi thứ ok nhưng để không . không Sài cx tuột pin mới mua 3 ngày,negative,pin
Trả góp như nào,negative,khác
cho mình hỏi thêm về ưu đãi khi mua máy có được tặng kèm sạc không ạ,neutral,khác
16 prm trắng pin 98% ko 1 vết xước nhỏ muốn lên 17prm bù nhiều không ạ,neutral,pin
chị muốn đổi từ ip 16pro,neutral,khác
"mọi thứ đều ổn, loa hơi nhỏ, pin thì tụt rất là nhanh, mới mua tối qua thì không biết có đổi đc không",negative,pin
mình xin giá hiện tại máy samsung s25 FE,neutral,giá
Bạn cho mình hỏi ip 14 ở cở sở trâu quỳ gia lâm hà noiij hiện có giá bao nhiêu và còn hàng không ạ,neutral,giá
S25 ultra có giá khuyến mãi 27.810.000đ kéo dài đến ngày mấy ạ?,neutral,giá
Fpt long hưng còn k,negative,khác
Tôi đứng hon 1 tháng rồi. Nhìn chung là máy rất ổn. Tuy nhiên tôi nhận thấy mấy bát wifi và phát wifi hoi kem. Tình năng điều khiển mi không sử dụng đc.,positive,khác
Mua được 1 tháng mà muốn bán lại thì sẽ bị trừ bao % vậy a,neutral,khác
"E này chạy mượt mà không chê vào đâu được. Dùng nhiều app cùng lúc vẫn trơn tru, pin thì kéo dài cả ngày không lo sạc giữa giờ làm luôn.",positive,pin
Sp quá ok của nhà samsumg,positive,khác
"Gọi zalo, loa ngoài cảm giác rè, vẫn nghe tiếng nói, nhưng nghe đồng thời tiếng rè thấy khó chịu",negative,giá
"Khi quay video hoặc chụp đồ động nhỏ, camera tele phát huy tốt; ánh sáng ổn thì ảnh rất đẹp, chi tiết rõ. Mình rất hài lòng nếu bạn thích chụp phong cảnh hoặc đường phố.",positive,camera
Cho e hỏi sản phẩm này khuyến mãi đến ngày máy vậy ạ,neutral,khác
Cho mình hỏi bản màu trắng có còn ở FPT bỉm Sơn ko ạ,neutral,khác
Đt kèm phụ kiện kh sốp,negative,khác
"Từ lúc biết xài điện thoại mình chỉ sử dụng samsung. Mình ko thích điện thoại trung quốcđiển hình là oppo. Nhưng từ khi điện thoại oppo reno 13 ra đời mình đã sử dụng, mình có nhìn nhận khác về oppo, mình đã mua 1 cặp, xài cùng với vợ mình. Cám ơn nhân viên tgdd tây ninh đã tư vấn nhiệt tình. Rất hài lòng, xài rất ok. Ko hề thất vọng",positive,khác
"Mua 7/8, hôm nay là 16/9 đã tụt pin chì còn 99%, một trải nghiệm quá tồi tệ. Sạc thì rất hay nóng máy. Trước mình dùng ip11 gần năm pin mới hao 99% như vậy, đây dùng dc có 39 ngày đã hao hụt pin.",negative,pin
Cho e hỏi bên mik còn hàng poco x7 bản 12gb 512gb ở khu vực thanh xuân hà nội ko ạ,neutral,khác
Sản phẩm đã bán chưa,positive,khác
Máy rất tốt rất hài lòng về sản phẩm,positive,khác
16 thường 128gb mua trực tiếp ở của hàng thì giá bao nhiêu ạ,neutral,giá
Mình đang sài redme note 11 4/64 muốn đổi sang máy này thì các bao nhiêu,positive,khác
cộng dây sak k vô có đổi dc k ạ,neutral,khác
"Dùng được vài hôm bị dính lỗi này . Mang ra thì bảo phải gởi đi hãng chạy thẩm định lỗi mới được đổi mới . Lúc mua thì nói lỗi 1 đổi 1 , hư gì đổi nấy",negative,khác
"Mới mua nhưng về sạc nóng máy, lỗi camera, ko xem video trong bộ sưu tập, ko đc đổi luôn tại cửa hàng.",negative,camera
Máy này camera sau chụp hình đẹp ko fpt,positive,camera
"E này thiết kế đẹp mê ly, viền màn hình mỏng tẹt, cầm chắc tay lắm. Bác nào thích điện thoại sang trọng thì nên chọn ngay nhé.",positive,màn_hình
Đi hỏi mấy lần ở xã Mỹ yên shop nói không còn hàng.,neutral,khác
Mới mua được 2 tuần. Sơn máy bị rộp bong tróc. Gửi bảo hành thì nhân viên nói từ chối bảo hành. Vì lí do ko bảo hành phần ngoại quan.Tôi thề ko bao giờ bước chân vào tgdd,negative,khác
"Nhân viên thế giới di động ngày trước tận tâm, nhiệt tình và thành thật bao nhiêu thì thời gian gần đây mức độ thành thật, tận tâm giảm đi rõ rệt",neutral,khác
"Ưu điểm Thiết kế đẹp, pin trâu, camera sau ổn, chơi liên quân ổn đinh 60fps đồ họa trung bình. Nhược điểm Dùng các tác vụ fb,tiktok,ytb... hơi khựng, không được mượt cho lắm. Camera trước khá tệ.Tóm lại ai cần đt bền, pin trâu, dùng các tác vụ thông thường. Thì em nó là 1 gợi ý khá toàn diện.",positive,pin
Cho mình hỏi iPhone 15 khi mình mở nhạc thì phát cả loa trong và loa ngoài như vậy là bình thường hay bị lỗi phần mềm ạ,neutral,loa_âm_thanh
Mua cho người yêu thấy người yêu không gì hết là ok rui kkk,positive,khác
"Máy mình dùng hao pin nhanh thật luôn,",positive,pin
"Mua 11t290k chán quá chơi game lác ,giật chậm. Không bằng máy tàu",negative,khác
"Thấy bình luận chê quá mình cũng sợ , trải nghiệm 1 ngày thấy cũng ổn",positive,khác
Mua tối muộn 22/2 giá 33.390.000đ về thấy lỗi đã báo ngay cho TGDD. Sáng 23/2 ra báo thì kêu gửi về hãng check. Chờ đợi 5 ngày chỉ nhận lại câu lỗi do người sử dụng không kiểm tra lúc mua báo . Bỏ ra hơn 30 triệu mua cái bực vào ng. Vậy thử hỏi bảo hành lỗi đổi 30 ngày làm gì. Quýết định trả lại và mất 10% lấy về 30.051.000đ . Thực sự sẽ không còn lần nào mua bên này nữa. Thân ái,negative,giá
"Mình đặt hàng tầm 1 tiếng sau đã có nhân viên gọi xác nhận xử lí đi đơn luôn cho mình. Cảm giác tác phong rất chuyên nghiệp và xử lí đơn hàng khá là nhanh chóng, không phải chờ đợi lâu.",positive,hiệu_năng
Chính sách bảo hành sản phẩm ntn???,neutral,khác
"Mình còn chính sách thu cũ đổi mới không shop, máy samsung bị 1 sọc màn hình có thu cũ đổi mới không ạ.",neutral,màn_hình
Shop có bán cường lực poco m6 pro ko shop,neutral,khác
"Máy chơi game thì oke, mà chưa có màu tôi ưng",positive,khác
"Từ lúc mua đến giờ tình trạng khi call Zalo, mess bật loa ngoài là phía đối phương không nghe rõ bên mình nói gì rè mất tiếng, nói 10 từ nghe được 1, ảnh hưởng rất nhiều đến công việc. Trước đó đã đi bảo hành mà cả nửa tháng trả về tình trạng vẫn như cũ, đem ra cửa hàng tgdd mà nhân viên test vẫn thấy dấu hiệu, nhưng liên hệ hãng thì hãng báo máy bình thườngThời gian ấy tôi không sắp xếp thời gian lên chi nhánh hãng được, nhưng giờ vấn đề call này vẫn không giải quyết được nên tôi buộc phải đích thân đem lên hãngCho tôi sdt và địa chỉ của hãng để toi gửi máyTôi hi vọng giải quyết tình trạng này sớm chứ tôi không nghĩ hãng lớn mà không khắc phục được vấn đề ở máy mới mua như thế nàyCảm ơn",negative,loa_âm_thanh
Bên mình có thay màn hình do rơi vỡ k ạ,negative,màn_hình
4tr không mua máy này thì làm gì còn máy nào hơn nữa,negative,khác
"Cho minh hỏi iphone 16 chụp ảnh,,những hình ảnh mới chụp nó không xuất hiện trên ma nó đẳy xuống dưới cùng vậy",negative,camera
sản phẩm dùng tốt bạn Quới shop 176 Nguyễn Tri Phương Q5 hổ trợ nhiệt tình truyền dữ liệu chú bảo vệ thân thiện niềm nở sẽ giới thiệu cho gia đình đến mua thường xuyên yên tâm khi mua hàng tại TGDD,neutral,khác
Chơi liên quân dc mấy h,neutral,khác
"Dc cái này mất cái nọ, S25 5G, màn hình cấu hình ok. Thiết kế ok.Pin bình thường, cam ko có gì đổi mới. Loa kém 5/10, so với giá của dt cao cấp.",negative,pin
Có trả góp 0đ ko,negative,khác
Mình mua máy Iphone 11 bản thường 128Gb đến nay được hơn 1 tháng. Do mình xài IOS không quen nên định đổi sang Samsung. Xin hỏi FPT Shop có nhận thu máy lại không ạ.,neutral,hệ_điều_hành
Mình muốn đổi con realme c65s lấy redmi not 14 shop tính giá như nào,neutral,giá
Lúc lên nhận máy không thấy nhân viên nói gì đến voucher 50k khi mua simmặc dù trong sản phẩm có đề cập đến voucher đó ạ,neutral,khác
Mình muốn mua trả góp,neutral,khác
Em vừa mua đc 3 hôm thì thấy sài hay bị mất wifi chập chờn phải vô bật lại mới có thì là bị gì v ạ,negative,khác
Xài ổn định mượt mà,positive,khác
Mình mua ngày 24 tháng 7 đến này dùng thấy ok. nhân viên hỗ trợ nhiệt tình,positive,khác
"Mới mua, máy nóng giật màn hình. Cửa hàng đem đi bảo hành. Hẹn nửa tháng. Tại sao không kiểm tra và đổi sản phẩm. Mà phải bảo hành",negative,màn_hình
Video lúc có tiếng lúc không,negative,loa_âm_thanh
"Thiết kế mỏng nhẹ, cầm nắm bằng một tay rất thoải mái và chắc chắn. Dù vỏ bằng nhựa nhưng hoàn thiện khá tốt, các cạnh bo cong giúp máy không bị cấn tay khi sử dụng lâu.",positive,thiết_kế
chụp ảnh đẹp,positive,camera
Mình có hổ trợ thu củ android dê lên iOS không ạ,neutral,hệ_điều_hành
Chụp đêm sáng,positive,camera
Có tặng tai nghe bluetooth không?,neutral,khác
"Hôm e ra , trưởng ca hôm đó báo nếu đổi nữa mà vẫn bị thì sẽ gửi hãng kiểm tra . Máy lỗi , đã đổi thêm 1 máy khác , vẫn bị tình trạng cũ . Trong khi e cần dùng máy mới đi mua . Tin tưởng hãng mới mua sử dụng nhưng bị lỗi mãi rất phiền ạ . Trong khi e giới thiệu người thân đi mua .",negative,khác
Hàng có ở địa chỉ nào của hội an k ạ shop,neutral,khác
khi nào về ip15 plus 256g vậy ạ,neutral,khác
15promax đổi 17promax bù bao nhiu ạ,neutral,khác
"Lỗi zalo quài luôn, chả biết bị gì,",negative,khác
Shop mở cửa đến mấy giờ ?,neutral,khác
Không game thì mọi thứ ok trong tầm giá,positive,giá
"iPhone 16 128GB(00911192)Phân loại: 128 GB, Trắng20.990.000đ22.490.000đ-7% Mua ngay Trả góp(Chỉ từ 2.262.500đ)",positive,khác
May rất ok. Nhưng hài lòng nhất là nhân viên của dmx.rất nhiệt tình với khác hàng,positive,khác
Máy best phân khúc luôn. Quá hoàn hảo cho một cây máy trong tầm giá dưới 3tr,positive,giá
Máy Dùng Rất Tốt,positive,khác
"Sản phẩm pro năm ny mượt, pin tốtCó đều cầm nắm chưa thật sự thoả máiNhưng nói chung đây là sp tốt",positive,pin
"Mình xài tầm 1 tuần thấy như sauƯu điểm thiết kế đẹp, mặt trước và sau vát cong nên cầm rất thuận tiện thoải mái. Màn hình đẹp và độ sáng cao dễ nhìn khi ngoài đường nắng. Pin ok, không quá trâu nhưng sạc khá nhanh. Hiệu năng dùng cơ bản như lướt facebook, tiktok, youtube thì vô tư. Camera ổn, đủ chụp cơ bản chụp nét, màu sắc ok nhưng tốc độ chụp chậmNhược điểm Ứng dụng camera rất lag và quay video dù chỉ để FHD 60fps, đầy đủ ánh sáng vẫn lag, khung hình bị chậm và giật.",positive,pin
"Sau 2 tháng sử dụng pin còn 99%, hơi thất vọng mặc dù để chế độ sạc tối ưu hoá.",negative,pin
cho xin giá cái Xiaomi 15T bảng Ram12 + Rom512 đi,negative,hiệu_năng
"Sản phẩm dùng rất ổn định, phần mềm ColorOS dễ sử dụng và nhiều tính năng hay. Đội ngũ kỹ thuật hướng dẫn mình cách tối ưu bảo mật vân tay và khuôn mặt rất nhiệt tình. Cảm ơn shop đã cung cấp sản phẩm chính hãng với mức giá rất cạnh tranh.",positive,giá
Bên mình không có bản 256G ạ,neutral,khác
Iphone 15plus màu hồng lên đời 17promax giá s ạ,negative,giá
TỐT TRONG TẦM GIÁ,positive,giá
Bảo hành lần 1 về chưa kịp dùng vẫn hỏng không bên nào nhận Tgdd tt bảo hành nhân viên tổng đài thái độ không nhiệt tình nhắn tin trung tâm thì kêu quản lý liên hệ nhưng đợi mãi không thấy đâu làm ăn vô trách nhiệm vậy ư,negative,khác
Sản phẩm lỗi lên lỗi xuốngChăm sóc khác hàng thì vớ vẩn lòng vòng cả 1 hệ thống bán hàng giả hàng kém chấ lượng lừa đảo có tổ chức,negative,khác
"Xài rất đã, pin rất trâu, mấy thánh chưa xài thì đừng vội đánh giá nghen.",positive,pin
"Ss a36 này chỉ có loại 8/128 thôi ạ,có loại 8/256 không ạ,nếu có thì bao nhiêu tiền ạ",neutral,giá
ở ngã 3 dân chủ đường phùng Hưng có máy ko,negative,khác
"Mình mua khoảng hơn một tháng giờ máy xuất hiện hiện tượng loa bị rè, mình có khởi động lại nhưng không được cho mình xin cách khắc phục ạ",neutral,loa_âm_thanh
Sao mình mua con 25 thường đập hộp ở tdđ nhơn trạch mà không có chữ sam sung mặt sau ta,negative,khác
Bên dắk song Lâm Đồng còn hàng ko ạ,neutral,khác
GIAO HÀNG NHANH,positive,hiệu_năng
Chị nhân viên chụp hộ hàng sài oke trải nghiệm lâu dài ch bik,positive,khác
Toi muon mua hàng,neutral,khác
Mình mua chưa đc 1 tháng tối ngủ pin còn 90 mà sáng dậy cầm vào điện thoại rất nóng vad hết sạch pin kB bên tgdd bảo hành như nào dùng sợ nổ,negative,pin
Máy còn hơi chậm,negative,khác
"Em mua máy nhận gói khuyến mãi 1, và không lấy gói 06 tháng bảo hành rơi vỡ thì có được giảm giá thêm k ạ",negative,giá
Mình dùng được 6t pin hoi nhanh ạ,positive,pin
"Tôi đang dùng cũng thấy bình thường, nhưng thi thoảng thấy máy nóng ran lên, tắt nguồn đi một núc khởi động lại vẫn thấy vậy, núc đó chỉ muốn thay máy mới khác hãng cho lành",negative,khác
Mình muốn hỏi giá ip17prm mã VN/A tại tphcm,neutral,giá
"Máy mới mua được mấy ngày để qua đêm tắt hết đa nhiệm và mạng sáng ra tuột mất 17% pin ,mang ra cửa hàng gửi đi apple kiểm tra báo máy bình thường. Cho hỏi bình thường chỗ nào Không có 1 cái điện thoại nào để không, không sử dụng mà trong vòng 10 tiếng tuột mất 17% pin hết Cả hãng và nhân viên quá tệ trả lời cho qua loa. Không lắng nghe nhu cầu thực tế của khách hàng",negative,pin
Đt này có NFC không a,negative,khác
Cho em hỏi giá hiện tại trên app với ngoài cửa hàng giống nhau kh ạ,neutral,giá
E muốn mua ip 16 128gb ạ,neutral,khác
"Nếu bạn thích máy sáng nổi bật, màu trắng ngọc rất hợp; nếu thích tối lịch sự thì màu đen ánh tím cũng đẹp nên ra FPT shop để xem, bên ngoài đẹp hơn cả trong ảnh",positive,thiết_kế
"Trong tầm giá này thì OPPO A5i Pro là một lựa chọn quá ổn từ hiệu năng đến ngoại hình. Loa nghe nhạc hay và bắt sóng 4G/Wifi cực khỏe. Quy trình mua bán tại hệ thống chuyên nghiệp, thái độ nhân viên niềm nở làm mình thấy rất thoải mái.",positive,giá
Ở Hạ Long có iphone 14 bản màu tím không e?,neutral,khác
Máy hay bị đơ khi có cuộc gọi tới lúc màn hình khóa.không gạt sang để nghe cuộc gọi đến.cập nhật iOS mới nhất vẫn bị,negative,màn_hình
Ổn.mượt. Pin ok.,positive,pin
tuyệt vờiii,positive,khác
"mua ở điện máy xanh 13/128g đc 2 tháng máy dùng ok pin còn 100%,nv tư vấn ok",positive,pin
"Dòng đt này ở sơn dương,tuyên Quang còn hàng không shop",negative,khác
Ở đà nẵng có sẵn màu xanh iphone 17 promax chưa ạ,neutral,khác
Xài xịn khỏi chê luôn. Siêu thị 01 Cộng Hòa nhân viên dễ thương cực,positive,khác
"mua hồi 4/8 tới nay tụt 1% không biết có ổn hay không nữa, dùng cũng ok thao tác thông thường fb Zalo tiktok chắc được cỡ 6 tiếng",neutral,loa_âm_thanh
Nhân vien với cả bộ phận tông đài làm ăn rát chi là bát nháo đt lỗi đem ra o chịu đổi dẹp mẹ cái trò 1 đổi 1 đi đt bị lôi doi trong 1 thang mà bắt nguoi ta gui hang nhung lỗi thì ranh trước mắt nhưng vẫn o chịu đổi máy từ nay đó mà tao ung hộ cho cái gi làm ăn vớ vẫn,negative,khác
Tư vấn em còn này voi,positive,khác
"điện thoại chính hãng nhưng bị miss thông báo, hmm sao shop không nhập hàng xách tay luôn v",neutral,khác
Lúc mới tôi mua tận 5 củ 890 lậnSử dụng tới bây giờ vẫn ok dù lỡ làm rớt nhiều lần,positive,khác
"Cho mình hỏi máy mình mua dùng đc 1 tháng , có dấu hiệu , máy đen nhưng có vài nốt chấm màu trắg lsao ạ",neutral,khác
Máy có hỗ trợ kết nối 5G không?,neutral,khác
Máy đẹp. Chụp hình đẹp hơn 15 nhiều.,positive,thiết_kế
Cho hỏi giá này là 8tr9 là hàng còn trong hộp nguyên seal nguyên tem luôn đúng không shop,neutral,giá
Điện thoại này ứng dụng mượt không ạ,negative,khác
"Shop cho m hỏi , chưởng trình đổi điện thoại bàn phím /Đt cũ còn lên nguồn có áp dụng cho điện thoại 2G không ạ ?",neutral,khác
"muốn tư vấn samsung s24fe, giá sau khuyến mãi và thu cũ đổi mới máy cũ s21 fe 8g/128gb",neutral,giá
Rất tốt. Nhẹ. Rất mượt,positive,khác
"Em mới mua honor X9c tại CH fpt shop được 1 ngày về dùng k thích, muốn đổi qua ss a26 thì chương trình đổi trả như thế nào, shop tư vấn giúp em ạ",neutral,khác
Ở Tiền Giang có hàng chưa vậy shop,neutral,giá
"Con máy này đáng đồng tiền bát gạo, mình khuyên ai cũng nên sắm ngay. Đảm bảo không hối tiếc.",positive,giá
Sản phẩm có khuyến mãi j k ạ,neutral,khác
Cho mình hỏi giờ mình muốn xuất hd điện tử cho công ty chổ mình đc không ạ.Mình mua đc 1 tuần rồi.,neutral,khác
Phường chương mỹ _ hà nội . Còn hàng s24fe màu đen hoặc xám k shop,neutral,khác
Có hỗ trợ sạc nhanh không?,positive,hiệu_năng
điện thoại a07 này gắn 2 sim 1 the nhớ vo máy được ko.ad,negative,khác
"Mình mua máy từ tháng 01/2025 đến hôm nay thì máy bị liệt cảm ứng từ giữa máy trở xuống, trường hợp này bảo hành như thế nào",negative,màn_hình_cảm_ứng
"sản phẩm dùng tốt, màu sắc đẹp",positive,màn_hình
thu 15 thường 256gb khay sim lên 16 bù bao nhiêu,neutral,khác
"Mới mua iphone 17 256 xanh lá xô chưa được 1 tháng Nút âm lượng máy có vấn đề Nút giảm âm lượng nảy kêu tanh tách , còn nút tăng thì vẫn bấm được nhưng bị mềm và ấn không kêu tanh tách. Vì đeo ốp cứng nên thi thoảng ấn rất bị khó Liệu đây có phải là lỗi được đổi trả sản phẩm khác không Hay lại phải bù thêm phí Nếu dùng về lâu dài e rằng nút sẽ gặp vấn đề.",negative,khác
Điện thoại rất tốt,positive,khác
Cập nhật lên phiên bản mới pin tụt,negative,pin
Mình mới mua máy được 1 tuần nhưng không hiểu sao mày mình không chụp ảnh màn hình bằng nút hôm ao được,neutral,màn_hình
Nếu trả góp thì trả trước bao nhiêu ạ,neutral,khác
Ở tuy hòa phú yên còn hàng kh ạ,neutral,khác
iPhone 14 trắng 128gb còn máy o Vinh - nghệ an không em,negative,khác
Từ iphone 6s lên s24 fe có đc trợ giá ko shop?,neutral,giá
Mình mới mua 29/12 giờ không thích nữa muốn đổi dòng máy khác thì mất phí bn ạ,negative,khác
"mua trả góp bên mình như nào ạ , và bao nhiêu tháng ạ",neutral,khác
"16GB RAM + 512GB là cấu hình mạnh mẽ, đa nhiệm không giới hạn, lưu trữ thoải mái.",positive,hiệu_năng
Đang xài Androi nhảy quá tháy lạc tay vãi. Độ mượt thì 90hz ko bằng 12hz của Androi đc. Nhiều lúc cũng thấy ngoooapp tải rồi mà mở lên vẫn đỏi tải. Bảo mật gì mà thấy máy của ae có cả ngàn tb chưa đọc hay xử lý vẫn hiện. Đúng chỉ đc phần thông báo và thương hiệu nhận diện,negative,hiệu_năng
16 thường 128gb mình trả góp qua momo 12 tháng thì có cần duyệt hồ gì không ạ,neutral,khác
Vì sao ở phan chân máy lại có khe hở. Rất de cho bui lọt vào. Đay la do thiết kế hay máy lỗi,negative,thiết_kế
"máy mua chưa được 1 ngày loa rè kêu phải gửi ra hãng check 710 ngày, dịch vụ quá tệ",negative,loa_âm_thanh
"Mình mới mua đc 5 ngày, trước mắt thấy OK tất cả ko có lổi gì",positive,khác
Cho hỏi fpt trảng bàng có màu đen bản 6g k ak.,neutral,khác
"Điện thoại hay lỗi đen màn hình khi có người gọi đến, toàn phải tắt đi gọi lại",negative,màn_hình
"Chụp hình đẹp, dễ sử dụng",positive,thiết_kế
Oppo A5 pro 5G rất tốt mọi thứ đều ok,positive,khác
Mới mua con máy này cho mẹ xem video tiktok YouTube xem mượt lắm.,positive,khác
Bảo hành rơi vỡ Bolttech cho iPhone 1.399.200đ1.749.000đ,negative,khác
"Mình vừa mua được 1 ngày , hình thức sp tốt nhân viên TV nhiệt tình , nhưng test chưa được kỹ hôm nay mở nghe nhạc mới phát hiện loa bên dưới bị rè rất khó nghe .",positive,loa_âm_thanh
Trải nghiệm rất tuyệt,positive,khác
Sam sung a55 5G đổi bù bao nhiêu ạ,neutral,khác
11 pro đã thay màn pin 75% muốn lên 17 thì bù bao nhiêu ạ,neutral,pin
"cũng tạm ổn cho bản 8gb ram, nhẹ",neutral,hiệu_năng
Cho em hỏi tại Thái Bình có còn hàng không ạ?,neutral,khác
Có hỗ trợ thu ip 11 lên đời s25 FE không shop,neutral,khác
"cam 50mp chụp khá nét, pin trâu sạc nhanh, mình ở tỉnh nên việc được bảo hành tại các cửa hàng fpt trên toàn quốc khiến mình rất yên tâm",positive,pin
Dùng được 1 tháng rồi thấy OK,positive,khác
"Pin 4k nhưng k hề yếu, cam đẹp, hiệu năng với mình như vậy là quá tốt do mình ít game, kích thước vừa tay. 5s nhé",positive,pin
"Mua ở tgdd chủ yếu vì tin tưởng thương hiệu, uy tín, chính hãng, lười tìm hiểu nên mua sự yên tâm ở đây, giá bán đúng niêm yết ko bia kèm lạc, từ lúc đập hộp ra dùng đến bây giờ khá ok, máy mượt, rất tốt",positive,giá
"Mọi thứ đều ổn, không có gì khen mà cũng chẳng tệ để chê. Chỉ có điểm trừ là cạnh viền cấn tay, không bo cạnh êm tay như iP15, iP16.. À quên, loa ngoài nghe rất hay nhé, bass ấm, dải âm sâu và trầm.",negative,loa_âm_thanh
Phục vụ nhanh và chu đáo,positive,hiệu_năng
Tôi đang sử dụng sản phẩm rất OK,positive,khác
Nhân viên tư vấn nhiệt tìnhGần qua 1 năm rồi giá iphone 16pm vẫn mức duy trìMáy mạnh tuyệt,positive,giá
ĐT này có NFC không ?,negative,khác
Máy quá tuyệt. Màn hình rất đẹp. pin trâu,positive,pin
Các shop khác mua máy này đc tặng. Loa fpt shop có tặng loa blutoot ko,neutral,loa_âm_thanh
Mình cảm ơn hãng đã cho mình đổi trả sang dòng khác khác mà ko bị mất phí. Điện thoại tốt trong tầm giá.,positive,giá
"Mới mua 1 tháng.mọi thứ OK.pin trâu,sạc nhanh.rất mược",positive,pin
"Tốc độ sạc của máy rất nhanh, chỉ cần cắm sạc một lát là đủ dùng cho cả ngày dài. Máy bắt sóng 4G và Wifi rất khỏe, chơi game ổn định không bị nóng máy quá mức. Bạn nhân viên tại cửa hàng hỗ trợ mình dán màn hình và tặng kèm ốp lưng rất chu đáo.",positive,màn_hình
Mình muốn thu cũ đổi mới. Máy mình Redmi note 12 8G/256,positive,khác
Đã mua 2 chiếc và 2 chiếc vào time khác nhau ro giá cả thì k nói nhưng đt dùng rất oke nhé Trước mắt thì k thấy vấn đề gì cả cái mua đầu tiên dùng cũng đc 7 tháng r cái mua thứ 2 dùng cũng đc 4 tháng rồi pin dùng oke k hao pin sạc tốt k nóng tôi mua tại yên bái nv phục vụ rất tốt tôi rất hài lòng,positive,pin
"Mình đặt mua online trên gian hàng chính hãng của FPT Shop tại shoppe, thì có được hưởng chính sách bảo hành như mua trực tiếp tại shop không? Và máy bị sao có mang ra FPT Shop gắng nhất hôx trợ được không?",neutral,khác
"Nhìn chung là sảm phẩm rất ok, nhân viên cũng tư vấn cũng nhiệt tình",positive,khác
Cho mình hỏi ở khu vực buôn mê thuộc đắk lắk còn ip15 plus màu hồng bản 256gb new kh ạ,neutral,khác
Máy Dùng Rất Tốt,positive,khác
Dùng tốt so với giá tiền,positive,giá
Giá quá cao,negative,giá
Tôi mới mua 16 pro max màu đen 3 ngày trước giờ muốn đổi lại màu titan sa mạc bù bao nhiêu,neutral,khác
"Chụp hình đẹp, dễ sử dụng",positive,thiết_kế
"mình mua vào lúc 20/1/2026 mọi thứ đều tốt nhưng loa khi mở max loa lướt tiktok fb thấy rè rè rung rung , mong được sớm hỗ trợ",positive,loa_âm_thanh
Giá cua A36 hôm nay là bao nhiêu?,neutral,giá
cho mình hỏi cài vấn đề về máy này đc ko,neutral,khác
Đt sài rất tốt mạnh mượt,positive,khác
Giá hiện tại bán trực tiếp tại tiệm ở vĩnh long như nào vậy có hỗ trợ giảm hssv không,neutral,giá
Ip 13 mh trả trc bn v shopp,neutral,khác
Điện thoại không chặn được số lạ dù đã bật thất vọng,negative,khác
Đẹp hài lòng,positive,thiết_kế
"Mình mới mua con iphone 13 thường 128G phần face id có cái đèn nháy nhay trên tai thỏ sao nó ko chớp vậy ạ, cảm biến ko có nháy nháy đèn cảm biến. Mong TGDD chỉ giúp ạ,",neutral,bảo_mật
mình đang trả góp dt có mua trả góp cái nữa đc ko,negative,khác
"Mình trước đã mua con máy khác ở đây rồi nên tin tưởng lắm. Nay tặng vợ e này, vợ thích mê luôn, cảm ơn shop nhiều.",positive,khác
"sản phầm này còn màu xanh ở cửa hàng 26 phan huy ích,hcm k ạ",neutral,khác
Pin tuột mau,negative,pin
Mình mua ở tgdđ ngã ba đông yên yên phong bắc ninh màu sa mạc 31590 rất OK thua mỗi 17 cấu hình khung viền thì 16prm titan ăn đứt 17prm,positive,khác
Chi nhánh Phú Xuyên còn hàng k ạ,neutral,khác
"Camera chụp ảnh rõ nét, màu sắc trung thực, rất thích hợp cho những ai thích selfie.",positive,màn_hình
Rất tốt. Nhẹ. Rất mượt,positive,khác
Tại Thăng Bình Quảng Nam sam sung A 16 ko vậy,neutral,khác
Giá đó là đã giảm chưa,neutral,giá
Máy rất mượt,positive,khác
"Mua dc 5th vuốt trượt màn hình bị đứng bấm vào những ứng dụng cũng ko đc, mình đã tắt nguồn khởi động máy lại cũng không dc, hỏi TGDD nhân viên họ nói bị tràn ram gì đó",negative,màn_hình
đặt hàng onl có ship trong ngày không ạ,neutral,khác
Mới mua 16 pro max lúc đập hộp không để ý kĩ về thấy có Vài chần li ti mà không đổi được máy giá trị cao mà đen thật,negative,giá
Góp trả trước bnhieeu ạ,neutral,khác
RAM 8GB cùng bộ nhớ trong 256GB cho khả năng lưu trữ lớn và chạy đa nhiệm mượt mà.,positive,hiệu_năng
"Giao diện ColorOS tối ưu, thân thiện và cung cấp nhiều tính năng hữu ích như chia màn hình, chế độ trẻ em.",negative,màn_hình
Máy mới màu đẹp xài mượt ngon nha không lỗi vặt,positive,thiết_kế
dùng mượt ok,positive,khác
Hey. Mới hơn tháng tự nhiên có 1 hạt bụo trong camera trước nhìn bực mình chướng mắt ko biết từ đâu rơi vô vô từ đường nào mà có thể nằm bên trong camera. Ban đầu tưởng bị dưới kính cường lực làm gỡ luôn caia cường lực tốn tiền cường lực kết quả bị hạt bụi dưới cam chả biết làm sao để hết. Bỏ tiền ra mua mà giờ z thấy hụt hẩn gê thiệt chứ,neutral,camera
Cao Lãnh có poco m6 pro kh vậy,neutral,khác
lỗi phần mềm,negative,khác
Không chỉnh được camera chụp hình 48 Mb chụp được 36 Mb iOS 18.2.1,negative,camera
Nguyên seal hay sao ạ,neutral,khác
Chương trình thanh toán bằng thẻ NCB còn không ạ?,neutral,khác
"Gọi video zalo ngày hơn 50 phút, còn lại ít sử dụng nhưng tục pin rất nhanh, 24 tiếng mất 80% pin là quá nhanh",negative,pin
"Mình vừa mua cho con trai hôm qua 19/10 tại điện máy xanh thôn tử dương xã Tô Hiệu, Thường Tín HN theo quan điểm của mình thì cửa hàng có cháu gái quản lý ở đó mình không nhớ tên cháu, nhưng cháu rất nhiệt tình hướng dẫn sử dụng máy, các nhân viên rất lịch sự, nhiệt tình. Mình dsax mua và mua hộ rất nhiều máy của cửa hàng, rất uy tín và đảm bảo chất lượng",positive,khác
"Pin trâu, sử dụng nhìu h liền ko nóng máy, mượt",positive,pin
Sản phẩm xoá ảnh Al đỉnh thật mọi người ạ,positive,khác
"Điện thoại rất mượt nha, pin khá trâu, sạc nhanh. Camera với Ai thì khỏi bàn r. Thiết kế mình thích nhất. đẹp điên lên dc, với bản pro tưởng nhỏ lắm mà mình thấy cầm đầm , vừa tay nha. Ko chơi game nên kbt hiệu năng, nhưng antutu mình đo dc 2tr1 điểm thì mình nghĩ quá dư sức r. Nói chung là nên mua nha hehe",positive,pin
FPT nào cũng giá đá ạ,neutral,giá
"Ở Vĩnh Thuận, Kiên Giang có hàng không ạ?",neutral,khác
Cho em hỏi là iPhone 16 có dùng bộ cục sạc và cáp sạc trong hộp IPad gen 11 A16 không ạ,neutral,khác
Em muốn mua thế nào ạ,neutral,khác
"Đã sài hơn 3 tháng ,sài rất OK ,chụp ảnh nét ,sáng",positive,camera
"Tôi mua redmi note 14 pro 5g được 2 tháng nhưng camera qr code của ứng dụng vcb baking bị méo hình ảnh, xin chỉ cách khắc phục",neutral,camera
"Mua góp tiền thì thu rồi mà đợi xuất hàng gần 15p khó hiểu,mua ngày 28 về xem lại thì ngày kích hoạt máy là 27",neutral,giá
Sản phẩm này có lên được Androi 15 không shop,positive,khác
Sản phẩm có ở hà tiên kh ạ,neutral,khác
"Bản Pro rất hợp nếu bạn thích chụp ảnh, dùng app nặng, cần trải nghiệm cao hơn trong cùng dòng A5i.",positive,camera
Mình đang sài redme note 11 4/64 muốn đổi sang máy này thì các bao nhiêu,positive,khác
Bên mình có thu mua lại Oppo a3 mới sử dụng 3thang ko ạ,neutral,khác
"Mới mua hôm qua pin tụt nhanh máy nhanh nóng camera siêu tệ, dễ ra trả lại phàm",negative,pin
nếu trừ quà đi thì giá còn bao nhiêu c shop,neutral,giá
"Máy tương đối mượt, pin khá tốt, nhưng màn hình kéo độ sáng tối đa vẫn bị tối, đặt cạnh máy Oppo là thấy ra ràng tối thui, còn bị ám xanh. Không biết lỗi hay sao mong được hỗ trợ",negative,pin
Black friday mà Z fold 6 không thấy giảm gì cả vậy QTV =),neutral,khác
lỗi phần mềm,negative,khác
Mua máy chưa đến 1 tháng mình thấy cảm ứng chậm bàn phím đơ loạn cảm ứng. Thất vọng vì bỏ tiền ra mua máy nhưng nhận về sp chất lượng kém. Mất niềm tin vào TGDD,negative,giá
Máy đặt cọc tối thiểu bao nhiêu ạ ?,neutral,khác
Iphone 15 plus 256G nguyên seal gia bn ạ ?,neutral,khác
"Với số tiền bỏ ra thì em này quá ok , pin xài cả ngày , mượt cam khá ok ngoại hình đẹp , sang , chơi game cũng quá ok luôn , sẽ cứ mua mà xài ko hối hận đâu",positive,pin
Cho mình hỏi dòng ip15pl sao trên khe sim lại không in số máy nhỉ,neutral,khác
Em muốn mua trả góp 17prm màu bạc 2TB trả trước 40triệu,positive,khác
Em mới mua chiếc ip16 thường 128gb em muốn lên ip17pro 256gb bù thêm bnh ạ,positive,khác
"Mới dùng được 2 tuần.Rất mượt, pin dùng được cả ngày, kích thước ổn không quá to cồng kềnh, gọn nhẹ dễ bỏ túi.Màn hình độ sáng tốt ngoài trời dễ nhìn không bị tối.Chụp hình chân thật và nét. Chụp đêm khá tốt.",positive,pin
"Máy ok tốt, sẽ giới thiệu cho bạn bè.",positive,khác
Mình trước mua của shop 1 con Find X5 rồi thấy ok nên đợt này ra Find X9 tặng bố cũng ủng hộ tiếp. Dù gì cũng yên tâm về độ uy tín ở đây.,positive,khác
Nợ xấu có góp đc ko ạ,negative,thiết_kế
Bảo hành rơi vỡ Bolttech cho iPhone 1.439.000đ1.799.000đ,negative,khác
Máy mới mua 10 ngày camera sau có hạt bụi. Nhân viên xác nhận có bụi. Bảo gửi máy về hãng thẩm định. Goodbye ĐMX từ bây jo,negative,camera
Máy quá tốt tôi đang dùng Ss qua mà máy dùng rất là hay nhân viên hỗ trợ nhiệt tình sẽ ủng hộ sau này,positive,khác
Cho m FPT o Gia kiệm Phúc nhạc ạ,neutral,khác
Mua kèm sim được giảm thêm bao nhiêu ạ,neutral,khác
"Cá nhân mình sd đến hiện tại vẫn ok nha. Mua cũng đã đc gần 1 tháng rồi nhưng mọi thứ vẫn ok, từ pin đến các chức năng của máy. Chị nhân viên cũng tư vấn rất nhiệt tình, hỗ trợ mình rất nhiều. Thực sự rất đáng để mua",positive,pin
Đặc quyền Bảo hành thêm 2 năm iPhone (BT)1.600.000đ2.400.000đ,negative,khác
Mình mua trả trước 30% muốn thanh toán bằng thẻ tín dụng nhưng hạn mức thẻ thiếu mất 3 triệu thì có bổ sung bằng tiền mặt đk ko,neutral,giá
Tôi mua io16promax 256gb giá 32971k dùng dc 3 hôm phát hiện mắt camera sau có vệt ố phía trong lên chỗ thê giới di động trương định bảo ko xử lý đổi 11 mặc dù khi mua bảo 11 nếu có lỗi về máy và tôi mua thêm gói bảo hành 650k thêm cảm thấy hối hận khi quyết định xuống tiền mua máy o đây Tôi gọi điện lên tổng đài thì bảo gui máy về hãng bảo hành 7/15 ngày ma tôi hỏi tôi lấy máy gì dùng con chưa biết là máy gui đi thì sẽ bị mở ra không ae nên cân nhắc vê máy khi mua giá trị cao trước giờ toàn mua o thế gưới di động nhưng lần này tôi hối hận khi nào ip17 ra có điều kiện tôi sẽ mua o chỗ khác k bao giơ mua o đây nữa chế độ đổi mới khi tư vấn thì ok lọt tai nhưng khi xảy ra sự cố phát hiện dc lỗi thì bị từ chối vẽ ra bảo do người mua ko kiêm tra kĩ vãi lol,negative,camera
Dùng 4 tháng và pin còn 98%. Sài cũng kĩ lắm rồi mà tụt pin nv thì quá nhanh,negative,pin
Chất lượng tốt,positive,khác
"Thật sự rất bực mình về cách bảo hành sản phẩm của thế giới di động. Mua ip 17 prm ngày 31/10/2025, về mới dùng 3 ngày thì khi cập nhật phần mềm bị treo táo, không mở nguồn lại được. Đem ra hãng đến hôm nay hơn 10 ngày vẫn không có câu trả lời lỗi từ đâu. Trong khi nếu khách làm rơi hay bể hư thì không nói, lỗi phần mềm rõ ràng từ bên sản xuất và APPLE nhưng vẫn ngâm máy khách hơn 10 ngày, không đổi máy mới cho khách. Các nơi khác như Cellphones hay cửa hàng tư nhân máy lỗi vậy đã đổi liền cho khách trong ngày, một hệ thống lớn mà cách bảo hành sản phẩm quá chậm và tệ. Trong khi ai bỏ ra mấy chục triệu mua máy mới sài bị lỗi vậy mà không tức. Khác gì đem khách hàng ra test dùm máy cho APPLE Có lẽ đây là lần cuối mua hàng tại thế giới di động",negative,hệ_điều_hành
Em muốn mua trả góp 17prm màu bạc 2TB trả trước 40triệu,positive,khác
"Máy có tốc độ sạc nhanh ấn tượng, chỉ cần cắm sạc một lát là đủ dùng cho cả buổi. Màn hình hiển thị sắc nét, màu sắc rực rỡ xem phim rất đã mắt. Bạn nhân viên tư vấn tại cửa hàng hỗ trợ mình dán màn hình và cài đặt máy rất nhiệt tình.",positive,màn_hình
Mua ngày 26/10/2025 mới dùng hơn tháng mấy hôm nay bị mất âm thanh lúc nghe lúc không huhu . Đã thế không bị lỗi trong tháng đầu để đổi còn đổi haizzz,negative,loa_âm_thanh
"Máy đẹp , chụp hình quay phim ổn , cầm pin cực kì , lướt mượt mà. Với giá này quá oke lun",positive,pin
"ip 17 mau đen, 256g bản thường còn hàng ở TPHCM ko em?",negative,khác
"Máy chơi mới 1,2 ván game hoặc coi youtube 3,4p mà nóng ran rồigọi tổng đài hỗ trợ thì bận miết vậy",neutral,khác
Sao đt tắt chế độ máy bay tất wifi gạt hết ứng dụng đi ngủ sáng mất mấy % pin,negative,pin
Mình là female nhé,positive,khác
Mấy bác sao ấy chứ.tôi sử dụng gần 2 tháng này có lỗi gì đâu dùng rất mượt.. cảm biến vân tay và khuôn mặt rất nhạy và chính sát... không như các bác nói,positive,màn_hình_cảm_ứng
"Sai lầm khi mua con này.thứ nhất với tầm giá này thì nhiều con khác có màn amoled fulhd con này chỉ hd bể ảnh hết.thứ 2 chính sách tgdd ko ổn ,mới mua máy xog qua 1 đêm muốn đổi con khác thì mất phí 20% tương đương 1tr750k nản thiệt chứ.mọi người nên cân nhắc",negative,màn_hình
"mình mua máy đổi trả,máy đẹp,sạc nhanh,chíp yếu, vào shopee và tictok shop và mấy trang wep nặng là giật lag,tạm đủ dùng tác vụ cơ bản,pin 7000mah mà sử dụng thực tế như pin 5000mah,kết mỗi quả màn 6.9 inch,to sài đã,các bạn ở siêu thị nhiệt tình vui vẻ.",neutral,pin
"Camera chụp ban ngày màu sắc khá tươi và chi tiết, đủ để lưu giữ khoảnh khắc hàng ngày. Tuy nhiên, khi chụp thiếu sáng thì ảnh bắt đầu có hạt và lấy nét hơi chậm một chút.",positive,màn_hình
Tư vấn trả góp ip 17,negative,khác
"Mới mua về bấm lỗi mật khẩu đem ra nhân viên nói cái này kỹ thuật viên bên TGDD làm k được đâu xong chỉ chỗ cho sữa nói chỗ đó làm được , vậy dẹp luôn đi chứ bán buôn gì nữa trời....",negative,khác
Loa thoại nghe bị nhỏ mà gửi đi bảo hành mất 1 tháng rồi gửi về bảo ko bị gì. Mua ngày 21 tết thì 22 tết phải gửi đi bảo hành tới 11 tết mới trả máy rồi bảo ko bị gì. Tệ hơn FPT nhiều. Tôi sẽ bốc phốt,negative,loa_âm_thanh
khu vực cầu giấy còn ip 15prm k shop,negative,khác
"Minh mới mua máy dùng rất tốt mà lúc đó quên xem là nó ko có hỗ trợ thẻ nhớ, mình mua bản Xiaomi Redmi Note 15 Pro 5G 8GB/256GB giờ muốn đổi lên 12Gb 512Gb được ko.",positive,khác
Bên mình mays này k có bản ram 8gb ạ,neutral,hiệu_năng
"máy mình mua đc 19 ngày tại cửa hàng, giờ mình muốn thanh lý lại thì mất bao nhiêu % ạ",neutral,khác
"Mới sáng nay dùng ok, và địa chỉ 35 thống nhất Đức Trọng Lâm Đồng, chăm sóc và hỗ trợ khách hàng rất chu đáo",positive,khác
"Camera hiệu quả, ảnh ban đêm tốt hơn dòng A, chế độ chụp đêm và HDR cải thiện rõ.",positive,camera
Rất hài lòng với sản phẩm này,positive,khác
Shop ơi chỉ em cách thoát khỏi chế độ sữa chữa đc ko ạ em đã tìm mọi cách thậm chí là đặt lại điện thoại mà vẫn ko thể thoát đc,negative,khác
"Tôi đang dùng cũng thấy bình thường, nhưng thi thoảng thấy máy nóng ran lên, tắt nguồn đi một núc khởi động lại vẫn thấy vậy, núc đó chỉ muốn thay máy mới khác hãng cho lành",negative,khác
Mua hôm 26/6 dùng tới nay rất ổn định mượt mà màn hình đẹp lên ios 17.5.1 pin hơi yếu so với 17.4 thôi hi vọng ios 18 ra mắt pin sẽ ổn hơn,positive,pin
Ip 12 prm gia thị trường giờ bao nhiêu shop ơi,neutral,khác
Mình thấy có bản cập nhật mới và nghĩ sản phẩm reno 14f của mình tương thích nên đã cập nhật để trải nghiệm. Thanks oppo tuy chưa trải nghiệm nhưng cảm ơn về chính sách,neutral,hệ_điều_hành
"Tuyệt vời lắm luôn, dùng rất ưng nha",positive,khác
Điện thoại chơi games rất mượt camera nét lắm nói chung là rất thích,positive,camera
Cho mình hỏi ở Đơn Dương - Lâm Đồng còn hàng không bạn,neutral,khác
"Pin tụt nhanh ko biết có ổn ko ,",positive,pin
"Máy dùng tốt trong tầm giá, nhưng tìm máy tím khó. Phải đi mấy cửa hàng mới có",neutral,giá
ip 14 ở nha trang còn hàng nguyên seal ko ạ,neutral,khác
"Có bản 256g ko ạ,nếu có thì giá như nào ạ",neutral,giá
"Mình vừa mua con này để tặng cô em gái của vợ mình, thấy em ấy rất vui cảm ơn mình rối rít. 2 ae ngồi trải nghiệm dòng máy này cả ngày đến tối mịt chưa biết chán, đặc biệt máy rất trâu vì có cặp pin 6000, hai ae như được gắn kết sâu hơn, thấu hiểu và thông cảm nhau hơn, chắc chắn máy này đã kết nối nhân tình cho 2 đứa chúng mình",positive,pin
Máy tốt nhưng chụo hình selfie quá xấu. mất thời gian dùng app để chỉnh sửa lại. Nên góp ý cho Samsung chỉnh lại điểm này nếu không sẽ thua những hãng khác về chụp ảnh selfie mặt trước màn hình,negative,màn_hình
Máy sạc nóng quá bình thường sạc ip 11 vs 12 củng ko nóng mà sạc ip 13 lại nóng nếu sác mà dùng cái j 1 cái là bị cảnh báo máy nóng à vs lại sạc củng chậm so với các dòng máy khác,negative,khác
"Huyện Đắk r lấp ,Đắk nông có hàng không",neutral,khác
"Vào đọc đánh giá toàn thấy pin kém tuột nhanh,rồi thì cảm ứng lang giật, mình dùng chẳng có hiện tượng gì xảy ra,quay phim chụp ảnh thì mình ko thích rồi nên ko quan tâm, với tôi rất hài lòng với sản phẩm này, lần sau lại ủng hộ tiếp",negative,pin
"Có thu cũ XR128 không bạn, mình đổi thành 17Pro",neutral,khác
Rất tốt. Nhẹ. Rất mượt,positive,khác
Ip17 256 màu xanh xô thơm mới mua 2 tháng ko xướt như mới đập hộp mún lên 17pro 256 màu bạc bù bnhiu ạ,neutral,khác
Hello. Is it possible to trade in on iPad 9?,neutral,khác
Ở khu vực Núi Sập Thoại Sơn AG còn hàng không ạ,neutral,khác
Không phù hợp cho những ai tìm kiếm một chiếc điện thoại nhẹ nhàng và dễ sử dụng.,positive,khác
"điện thoại dùng mượt, chụp hình đẹp, pin dùng mãi chả thấy hết để sạc, rất hài lòng. Ai đang định mua thì chọn luôn không phải lăn tăn nhé",positive,pin
iPhone 17 256gb trả trước bnhieu và trả góp bnhieu v ạ,negative,khác
"Đã xài hơn 2 tháng nay ,lúc đầu mới mua chơi liên quân bị khựng nhiều nhưng vài tháng sau có vẻ đã tối ưu nên thấy k còn khựng nữa chơi khá mượt ,pin vẫn rất tốt tui đã cài sạc đầy 95% sử dụng mọi tác vụ và chơi game hơn 1 ngày, 2 tháng nay chưa gặp lỗi gì lướt fb tiktok vẫn rất mượt ,camera chụp và quay theo tui 8đ ,loa 7đ ,có thể tui dễ chịu nên thấy mọi thứ đều rất ổn và khá hài lòng ,tui vẫn chưa update pb mới vì máy đang rất mượt nên k cần thiết phải update",positive,pin
"nhân viên shop giao hàng , hướng dẫn rất nhiệt tình . sản phẩm rất vừa ý .",positive,khác
"Thiết kế đơn giản nhưng chắc chắn, cầm nắm rất bám tay. Camera chụp đủ sáng khá ổn, lưu giữ khoảnh khắc hàng ngày tốt. Bạn nhân viên tại cửa hàng hỗ trợ mình chuyển dữ liệu từ máy cũ sang máy mới rất nhiệt tình, tận tâm.",positive,camera
Rất tuyệt vời,positive,khác
Điện thoại này có hỗ trợ 4G không?,positive,khác
"Đt pin tụt rất nhanh, k sử dụng để không cũng tụt. Mới mua mấy bữa mà hối hận quá",negative,pin
Về lâu về dài không biết nữa nhưng cấu ra3gb rom 64gb ăn đứt Samsung a06 r6gb 128gb ôm không thể tin nổi,positive,khác
Shop ơi ip 12 pro 128gb lên ip17 bn ạ,positive,khác
"giá hiện tại ở chi nhánh khu vực phường Tam Hiệp, tỉnh Đồng Nai là bao nhiêu ạ",neutral,giá
iphone này là new hay like new ạ,positive,khác
Chụp đêm sáng,positive,camera
Sao dt ip 13 mình mới mua đươc 2 ngày mà cảm giác nó rất hao pin. Cầm lên lướt lướt là tụt pin liền lun. Sài nt zalo không mà không Sài đc cả ngày. Do máy hay sao ấy,negative,pin
"Đã trải nghiệm được 50 ngày,máy dùng mọi chức năng thấy ổn, sạc Pin không nóng máy nếu chỉ gọi nghe chắc phải 48 tiếng mới sạc 1 lần.Camera thich hợp quay phim chụp hình vào ban ngày, bạn đêm hình ảnh chụp hơi kém,nói chung máy dùng ổn.",positive,pin
"Thiết kế sang trọng và đột phá, thể hiện sự sáng tạo của Samsung trong ngành công nghệ.",positive,thiết_kế
Rất thích và hài lòng.Nhân viên tư vấn nhiệt tình,positive,khác
"ss s25 mượt, màn hình đẹp, mỏng nhẹ. tuy nhiên phần tối ưu phần mềm thứ ba một vài ứng dụng chưa tối ưu bằng iphone.",positive,màn_hình
"Pin xuống nhanh, lắp sim thì mất sóng , gọi toàn thuê bao, sản phẩm quá tệ.",negative,pin
Em có điện thoại bàn phím mạng 2g có được giảm khong không ạ,neutral,khác
mua con này hơn 17 nhá a e,neutral,khác
IP 15 hồng 128gb giá hiện tại là bao nhiêu và hình thức trả góp thế nào ạ?,neutral,giá
"Mới mua trả góp ip15 128 gb Cảm nhận đầu tiên là có hơi nóng, cần tìm hiểu nguyên nhân, chắc tải áp quá nhiều, nên phải thường dọn rác , máy nhẹ hơn ip 13 nhiều Mong sẽ có cảm nhận mới Nhân viên phục vụ thì tuyệt vời tận tâm nhiệt tình Luân không giỏi về tìm hiểu, chỉ cảm nhận những tính năng của iPhone có giúp ích cho đăng tải video Phật Pháp Chục ảnh chất lượng tốt hơn",positive,khác
Tôi mua điện thoại gần đc 1 tháng giờ mua tai nghe có đc giảm giá ko,neutral,giá
Không cần bàn về chất lượng vì quá tốt,positive,khác
Trải nghiệm 15 ngày thấy Sơn trầy nhanh quá mặc dù dùng ốp lưng,positive,hiệu_năng
Máy có tính năng mở khóa khuôn mặt không ạ shop,negative,bảo_mật
Điện thoại này có NFC không ạ?,negative,khác
May mua được hai tháng đã thấy bi bong lớp mạ bên ngoài,negative,khác
E mua điện thoại IP13 128GB từ 10/ 5/2024 điện thoại m cũng dùng ít chỉ lướt mạng. Mỗi lần sạc pin đt rất nóng và bây giờ Pin xuống còn 99% rất nhanh hết pin,negative,pin
Sản phẩm tuyệt vời,positive,khác
"Cái camera khi gọi mess rất mờ và nhoè. ra nhờ nhân viên siêu thị test bạn đó cũng sài ip 17prm. và k hề bị nhoè như mình. vậy mà gởi đi bảo hành kêu không có lỗi. và trả về như cũ . là 1 đổi 1 dữ chưa. làm ăn tệ, mất uy tín",negative,camera
Ip13 ở cẩm phả quảng ninh còn màu gì vậi shop,negative,khác
"Ss 25 ultra mới mua 2 tháng nhưng quá tệ, chạy chậm, out phần mềm, nói chung chê",positive,khác
SẢN PHẨM TỐT,positive,khác
Pin dùng ok nhưng để qua đêm tắt hết mạng wifi .. mà vẫn tụt 10%,positive,pin
Máy có hỗ trợ nhân đôi ứng dụnv zalo không,neutral,khác
máy lỗi rành rành ra nói bảo hành 1 đổi 1 xong vòng vo tam quốc bịp bợm,negative,khác
"Hi Ad, Ip 13 128gb giá 11.890 có áp dụng khi mua trực tiếp tại shop ko ạ?",neutral,giá
"Mượt, máy đẹp",positive,thiết_kế
ở TP HCM Quận 2 còn iphone 13 không ạ,neutral,khác
"Điện thoại giá rất tốt, xài mượt và chụp đẹp. Fan Ninh Dương with love",positive,giá
tốt nhiệt tình,positive,khác
Mình đã dùng hơn 2tháng và thấy pin khoẻ chất lượng ok dù chưa biết hết công dụng của nó.,positive,pin
"Nhìn chung là sảm phẩm rất ok, nhân viên cũng tư vấn cũng nhiệt tình",positive,khác
Ok mà điều dòng mới ios còn mới nên còn nhiều lỗi Hy vọng bản 18.1 sửa tất cả các lỗi sài ổn định hơn,neutral,hệ_điều_hành
Cái đt ở cái tắc tui cai nát rồi lúc đó bị lỗi pin lỗi chui sạc lỏg màn bị chấm đen tui bị lỗ vì tin,negative,pin
"Mới mua 3 ngày,kết nối mạng yếu lắm ,sóng cũng yếu",negative,khác
"Tôi rất hài lòng với sản phẩm này của tgdd , đt iPhone 14 lướt nhanh chụp hình trong sáng",positive,hiệu_năng
"Đã trải nghiệm được 50 ngày,máy dùng mọi chức năng thấy ổn, sạc Pin không nóng máy nếu chỉ gọi nghe chắc phải 48 tiếng mới sạc 1 lần.Camera thich hợp quay phim chụp hình vào ban ngày, bạn đêm hình ảnh chụp hơi kém,nói chung máy dùng ổn.",positive,pin
Máy dùng ổn định,positive,khác
Pin hết rất Nhah so với 15 plus chơi games hết pin cực nhah ai muốn điện thoại pin trâu nên cân nhắc,negative,pin
Cho hỏi mình mua máy ở điện máy xanh Cô Tô bây giờ mình muốn trả máy ở TGDD Long Xuyên có được không ạ,neutral,khác
"Đt pin tụt rất nhanh, k sử dụng để không cũng tụt. Mới mua mấy bữa mà hối hận quá",negative,pin
Mấy bác sao ấy chứ.tôi sử dụng gần 2 tháng này có lỗi gì đâu dùng rất mượt.. cảm biến vân tay và khuôn mặt rất nhạy và chính sát... không như các bác nói,positive,màn_hình_cảm_ứng
Choi game co giat lag j ko shop,negative,khác
"16GB + 512GB cấu hình mạnh cân mọi tác vụ, không phải lo lắng về bộ nhớ hay hiệu năng trong thời gian dài.",positive,khác
Cần bán s25 utr máy mua tgdd chưa dc 1 tháng vì đang dùng quen ip lên bán ạ .kv tân bình hcm.,neutral,khác
Có Iphone air sẵn màu đen ở Cẩm Phả chưa ạ?,neutral,khác
"Máy mua sài được 15 ngày chưa thấy lag hay đơ gì cả, máy thật sự quá vô địch không có gì để chê, so với máy 3,5 triệu hay 5 triệu thật sự 1 trời 1 đất. Đúng tiền nào của đó, lúc đầu mua máy rẻ thì ối dồi ôi nó lag, vô xem ảnh không được, rồi đủ thứ bệnh khiến mình khó chịu vô cùng. Rút ra kinh nghiệm nên mua máy từ 9 triệu trở lên thì ok hơn bao giờ hết. Đang sài con này rất mạnh, sài liên tục được 6 tiếng thì hết pin, sạc cực nhanh chưa tới 1 tiếng thì pin đã đầy. Rất ưng con máy này, nếu ae mua để đi làm hay dùng nhiều cứ quất con này, đảm bảo trâu bò, lỳ đòn lắm nha.",negative,pin
Máy xài rất mượt nhaNhân viên siêu thị thị trấn tân phú đồng nai rất nhiệt tình,positive,hiệu_năng
ở quy nhơn còn hàng không shop,neutral,khác
Rất oke nhưng bjo lại muốn đổi 15plus vì thích màn hình to,positive,màn_hình
"Tắt cả điều ok . điểm trừ camera quá tệ đã mua 11tr,900",negative,camera
Máy đc bảo hành bao lâu v ạ?,negative,khác
Mình cần tư vấn mua sản phẩm,neutral,khác
Dùng rất ok,positive,khác
Sản phẩm rất tốt,positive,khác
Mới mua hôm kia cảm nhận cá nhân máy cũng tạm mượt chụp hình xấu nhược điểm hao pin cực kỳ,negative,pin
"Mới mua, máy nóng giật màn hình. Cửa hàng đem đi bảo hành. Hẹn nửa tháng. Tại sao không kiểm tra và đổi sản phẩm. Mà phải bảo hành",negative,màn_hình
"Hối hận khi mua con này, mang tiếng pin 7000 mà dùng như pin 4000 vậy. Chỉ để không qua đêm cũng tụt 7.8% pin",negative,pin
"Máy mới chưa cài đặt nhưng app hệ thống nhảy quảng cáo liên tục. Khi nhân viên TGDD khui hộp mở nguồn máy đã bắt đầu nhảy quảng cáo, mấy a nhân viên loay hoay làm mãi không hết, gần cả 1 tiếng sau tần suất quảng cáo có giảm nhưng chưa hết mà mấy a cũng làm lơ.",neutral,loa_âm_thanh
khi nào sản phẩm được giảm còn 11 triệu 2 vậy,neutral,khác
Shop có thu lại samsung M20 để a mua cái samsung A06 5G bên shop không em,neutral,khác
256g giá như nào shop?,negative,giá
"Hôm mua buổi tối không để ý kỹ camera có hạt bụi bên trong không biết có trống nước trống bụi không nữa cảm thấy chán , mang ra ttdd thì bảo phải gửi về hãng cảm thấy chán",negative,camera
"Gì mà pin 7000 mà như iphone, 100 tụt lẹ hơn ghê thiệt",negative,pin
May rất ok. Nhưng hài lòng nhất là nhân viên của dmx.rất nhiệt tình với khác hàng,positive,khác
"Có chương trình khuyến mãi cho học sinh, sinh viên ko ạ. Mình ở khu vực thành phố Cà Mau",neutral,khác
"Sản phẩm tìm kiếm nhiều: Macbook Neo | Samsung A37 | Samsung A57 | Samsung S25 | Samsung A56 © 2007 - 2024 Công Ty Cổ Phần Bán Lẻ Kỹ Thuật Số FPT • Địa chỉ: 261 - 263 Khánh Hội, P. Vĩnh Hội, TP. Hồ Chí Minh • GPĐKKD số 0311609355 do Sở KHĐT TP.HCM cấp ngày 08/03/2012.GP số 47/GP-TTĐT do sở TTTT TP HCM cấp ngày 02/07/2018Điện thoại: (028) 7302 3456 Email: fptshop@fpt.com Chịu trách nhiệm nội dung: Nguyễn Trịnh Nhật Linh.",neutral,khác
Mình mới mua 4 tuần rất OK nha pin Trâu máy hong nóng nha quá OK luôn,positive,pin
"Dùng được 7 tháng pin còn 87% Dùng bt, ko vừa sạc vừa dùng nhaVậy có ổn ko m.nTrước dùng 8 plus tận 3 năm pin còn trên 90%",neutral,pin
Mình đag dùng poco m4 pro 4g bản 12/512 có thể đổi giảm giá không,neutral,giá
"Khu vực Châu Thành - An Giang có hàng k ạ, 17 pro 256gb",neutral,khác
"Mạng 4G thật sự rất rất cần thiết sử dụng điện thoại, máy mới mua mà bị kiểu này thì chịu thua, máy mua chắc tầm 3 tháng 1 tháng gần đây xảy ra hiện tượng rớt mạng liên tục, tưởng bị sim đem ra mạng Viettel thì kiểm tra sim ko bị gì, bảo nhân viên lắp sang máy sang máy khác test không bị gì hết, cuối cùng giờ cắn trái đắng, nếu mà đem máy bảo hàng thì ko có máy sài, làm đủ cách ko hết khôi phục cài đặt gốc xuất xưởng ko hết, rất bực mình, thay vì gọi zalo messenger thì phải gọi số thường tốn tiền, khỏi gọi video lun chán chả bùn nói",negative,giá
Mua về có sẵn tiếng việt ko ạ,neutral,loa_âm_thanh
Máy cứ bị thoát ứng dụng dung hoài mới Sài chưa đc một tháng máy tệ thiệt nếu bây giờ đổi thì phải ton phí rất nhiều chụp hình cũng xấu thua cả cái Reno 5 cũ,negative,thiết_kế
"máy pin trâu nha dùng 4-5 tiềng vẫn chưa hết, cảm 50mp khá nét chụp cũng nghệ phết, máy nhìn đẹp mà giá khá tốt phù hợp với người tiêu dùng",positive,pin
Máy này có hồng ngoại và nfc ko shop,negative,khác
"Cảm giác gập mở của Flip7 mượt tay, bản lề chắc chắn, nghe tiếng “tách” khi đóng lại cực đã, cầm đi đâu ai cũng ngoái nhìn vì quá lạ mắt.",positive,giá
ở yên lạc có hàng k ạ?,neutral,khác
E dùng iPhone 15 muốn lên đời 17 trợ giá bn ạ,negative,giá
Đặc quyền HSSV - Giáo viênGiảm ngay200.000đXác thực ngay,positive,giá
Ngon lành mua lúc còn km đc cái loa xịn sò quá đã luôn khỏi phải bàn.,positive,loa_âm_thanh
FPT có áp dụng chương trình thu cũ đổi mới nhứ apple không?,neutral,khác
Hao pin quá. Bây giờ có đổi đc cái khác không,negative,pin
HonorX6b ms dùng 3thg lên đời đc k ạ,neutral,khác
"có vẻ bên tgdd không thích những người thu cũ đổi mới hay sao ấy , năm ngoái đi đổi hỏi chán chê máy mới đc mời ngồi như kiểu mình không đổi thì sợ nó bẩn hay hỏng ghế ấy , năm nay thì không đc mời ngồi luôn đứng chán chê xong không thống nhất được giá cả thế là về luôn , mình đi nhiều cửa hàng tgdd rồi có đúng cái cửa hàng gần nhà như này đây không phải nhân viên tgdd tôi thấy nhiều năm qua",neutral,giá
mình mua gan 1 nam roi thay xai rat tot pin thi ok,positive,pin
Ở kiên giang đã có hàng chưa vậy shop,neutral,khác
Hình như chỉ đánh giá 5 mới dc duyệt đúng k add,neutral,giá
"Máy mượt, chơi game ok, pin xài cả ngày vẫn dư. Camera đủ dùng, màn đẹp. Mua tặng người nhà, giao đúng hẹn",positive,pin
Lâu lâu bị đơ không thoát app được. Lỗi bong bóng chat zalo và Messenger. Thông báo tin nhắn dù đã đọc rồi nhưng vẫn lặp lại. Camera ổn. Sài app hệ thông nhưng quảng cáo khiếp. Ko dùng thì oki. Tạm ổn,negative,camera
Con 14c này bắt sóng 4g ổn định và mạnh kg .nhu cầu chạy xe công nghệ,positive,khác
"Con A07 này chạy mượt mà không lag dù mở nhiều app cùng lúc. Pin cũng trâu lắm, dùng cả ngày mà vẫn chưa hết.",positive,pin
"MÁY MUA ĐƯỢC 7 THÁNG MÀN HÌNH BỊ SỌC MÀU TRẮNG XANH VÀNG ĐỎ,GỬI ĐI BẢO HÀNH HƠN 1 TUẦN RỒI,KHÔNG BIẾT NHƯ THẾ NÀO,RẤT BUỒN...",negative,màn_hình
"Hiện tại poco m6 pro 8/256gb màu đen có sẵn tại cửa hàng FPT shop bình minh,vĩnh long ko ạ",neutral,khác
"Giá X7 5G nếu mua đúng lúc khuyến mãi + trả góp 0% thì vừa túi hơn nhiều so với mua ngay với giá niêm yết, ai cần máy cao cấp tầm trung nên chờ đợt sale để “lợi kép",neutral,giá
Sop ơi muốn trả góp 17promax thì phải trả trc bao nhiêu ạ,neutral,khác
Bảo hành rơi vỡ Bolttech cho iPhone 1.399.200đ1.749.000đ,negative,khác
"iPhone 13, 256g màu xanh máy mới, máy cũ giá hiện nay như thế nào",negative,giá
"Nói chug máy dùng ok.loa không được to lắm..mà cho mình hỏi mình mua 21/10/2025 giờ mới để ý...camera khi quay video hình nó chuyển động chậm hơn tay mình cầm máy di chuyển..vd mình quay bên trái sang phải mình dừng lại tầm gần 1s khung hình trong điện thoại mới tới nơi..rất khó chịu.ko biết mỗi máy mình bị thế hay tất cả máy khác đều như vậy nữa...chụp ảnh thj đỡ hơn 1 tý nhưg vẫn đỳ lay 0,mấy s ý...",neutral,camera
"thích iPhone 16 tích hợp Apple Intelligence, giúp tối ưu hóa hiệu suất",positive,khác
Dùng OK. Mượt mà. Mặt lưng giống như con cáo cấp,positive,khác
"Khung viền nhôm bền bỉ, góc bo tròn sang trọng hơn",positive,thiết_kế
Shop có thu mua lại iphone 16promax 256g pin 95% ko shop,negative,pin
"Sau 4 tháng sử dụng thấy máy rất tốt, chụp hình quá ok trong tầm giá, pin thì dùng được hơn 1 ngày, cầm nắm rất vừa tay. Sử dụng các tác vụ đều nhanh mượt, đặc biệt máy dùng rất mát, ít bị nóng",positive,pin
Nợ xấu cách đây 6 năm thì có trả góp đc k ạ.,negative,thiết_kế
màu trắng rất đẹp rất thích ...đỉnh kịch trần,positive,thiết_kế
Con này quét đk nfc k thế shop,neutral,khác
Máy mượt dùng khá ok mỗi tội pin hơi yếu ngày sạc 2 lần ae,positive,pin
Pin dùng dc 2 tháng sụt còn 99%,negative,pin
Mới mua 2 ngày .Mạng hay bị giật lag,negative,hiệu_năng
con này có hỗ trợ mạng 5g ko ạ,neutral,khác
"Điện thoại hay lỗi đen màn hình khi có người gọi đến, toàn phải tắt đi gọi lại",negative,màn_hình
Mình mua trực tiếp cửa hàng hôm nay có khuyến mãi củ sạc không ạ,neutral,khác
Giờ ra đổi lấy đt hãng khác được không ạ,neutral,khác
"Chạy quá chậm, vào một ứng dụng cơ bản mà 3 giây sau nó mới vào được, pin 6000 mà nhanh tuột nhanh hơn pin 5000 của các dòng điện thoại khác",negative,pin
iPhone 14 256G bên mình còn k? Giá bn,negative,giá
"Tôi mua điện thoại thứ 5 (25/12/2025) 10.100.000 tặng loa tôi k lấy giảm 300k còn 9.800.000, sao tôi không được tặng túi lộc 200.000đ",negative,loa_âm_thanh
Hiệu năng hay thiết kế đều hoàn thiện nhất đến hiện tại. Đáng mua,positive,thiết_kế
Góp như nào shop,negative,khác
"Cho mình hỏi là ở khu vực Quế Võ 1, Bắc Ninh có máy này không ạ?",neutral,khác
Bên fpt Bình phú còn hàng k ạ,neutral,khác
"Sau 2 ngày sử dụng tôi khuyên mng nên mua bản Ram 8GB nhe, tôi ngu nên tôi chọn 4GB, tôi tiếc tiền ko chịu lên 256GB vì bản 8GB/128GB ở địa phương hết hàng huhu. Dọn Ram rất mệt nha, nhớ mua bản Ram 8GB đó nha trời.",neutral,hiệu_năng
14promax 256gb có đập hộp k ạ,neutral,khác
"Đã xài hơn 2 tháng nay ,lúc đầu mới mua chơi liên quân bị khựng nhiều nhưng vài tháng sau có vẻ đã tối ưu nên thấy k còn khựng nữa chơi khá mượt ,pin vẫn rất tốt tui đã cài sạc đầy 95% sử dụng mọi tác vụ và chơi game hơn 1 ngày, 2 tháng nay chưa gặp lỗi gì lướt fb tiktok vẫn rất mượt ,camera chụp và quay theo tui 8đ ,loa 7đ ,có thể tui dễ chịu nên thấy mọi thứ đều rất ổn và khá hài lòng ,tui vẫn chưa update pb mới vì máy đang rất mượt nên k cần thiết phải update",positive,pin
Không thể chấp nhận được mang máy đi bảo hành hơn 10 ngày chưa có kết quả gị. Giờ muốn trả máy lại cho tgdđ do máy bị lỗi chứ ko phải do khách hàng không thích dùng vẫn bị mất 20% giá trị sp . Ủa cầm tiền đi mua máy . Máy hư . Mìn mất tiền trong time chính sách đổi trả.tưởng chính sách của tgdđ tốt hơn mua. Sai lầm,negative,giá
ví dụ giờ tôi mua cho công ty thì có tiền hoa hông không,neutral,giá
ko thấy loại ram 6gb ạ,neutral,hiệu_năng
Máy Sài rất ngon rất OK chụp ảnh quay phim nét căng,positive,camera
Sản phẩm tóit,positive,khác
sản phẩm quá đỉnh,positive,khác
"Mình mua máy từ tháng 01/2025 đến hôm nay thì máy bị liệt cảm ứng từ giữa máy trở xuống, trường hợp này bảo hành như thế nào",negative,màn_hình_cảm_ứng
Ip17 màu tím oải hương có hàng ở gò vấp chưa ạ,neutral,khác
Tại Thăng Bình Quảng Nam sam sung A 16 ko vậy,neutral,khác
"Pin trâu, dùng cả ngày không lo hết",negative,pin
Máy này địa chỉ ở Kim Giang còn máy k nhỉ?,negative,khác
"Khả năng chống nước bụi IP68 là điểm cộng lớn — mình vẫn để máy ngoài trời mưa nhẹ vài lần mà không lo máy bị ảnh hưởng. Các nút bấm chắc chắn, cảm giác đóng mở, volume đều ổn không bị lỏng.",negative,giá
dt xiaomi mới fpt ở tân đức xã đức hòa có không vậy,negative,khác
Mik trả góp thì mik chuyển khoản đc ko hay phải qua trực tiếp cửa hàng ạ,neutral,khác
Có trợ giá cho HSSV k ạ,neutral,giá
"Samsung Galaxy S24 FE có tích hợp cảm biến vân tay không? Nếu có, vị trí đặt ở đâu?",positive,bảo_mật
"Màn hình tương đối, maug sắc ổn, cấu hình cũng đủ mạnh, pin trâu. học sinh sinh viên sài con này chơi game rất ok rồi nha",positive,pin
"Mướt mườn mượt, 10 điểm k có nhưng. Chụp ảnh nét nẹt lun. Cầm vừa tay k bị to hay nặng quá nchung là ưnggggg luôn đồng hành cùng với TGDD",positive,camera
"Với giá tiền này sản phẩm sử dụng ổn, để SD 1 thời gian xem ntn",neutral,giá
Phục vụ nhanh và chu đáo,positive,hiệu_năng
Sản phẩm đã có hàng tại shop chưa vậy?,neutral,khác
xanh lá xô có tại Hà Nội ko,neutral,khác
Sản phẩm tốt. Màu xanh dương đẹp. Chiến game trong vài năm tới,positive,thiết_kế
"Máy chạy mượt, pin trâu, nhân viên rất nhiệt tình",positive,pin
6.290 là trừ quà tặng chưa ban,neutral,khác
shop ơi mình tháo tem imei trong trong thời gian bảo hành 1 năm mà mình còn giữ tem có đc bảo hành ko ạ,negative,khác
Mua được 6 tháng máy tử reset lại rồi đơ k lên . Gửi bảo hành thì kêu báo phải thay kính camera 5.8tr mới bảo hành Cho . ngang nhau lừa dân,negative,camera
Pin mới xài dc 44 ngày mà tut còn 99pin . Trước mình xài 11 gần 2 năm mới xuống 91 pin,negative,pin
Vẫn giữ giá cao nhỉ,negative,giá
"Máy dùng tốt, nhân viên niềm nở nhiệt tình. Trải nghiệm mua hàng tuyệt vời.",positive,khác
Máy này chơi game Fifa mobile ổn ko shop oi,neutral,khác
Máy có hỗ trợ mở khóa bằng nhận diện khuôn mặt không?,negative,bảo_mật
Dùng 2 tuần thấy ngon. Khuyến mãi lúc mua giảm 3 triệu. So với tầm tiền điện thoại android đáng mua.,positive,giá
Sản phẩm ok,positive,khác
Cho hỏi. Mua iphone 16pro max hôm 5/1/2025 nhưng nay cáp sạc bị hỏng. Thì có dc bảo hành kg ạ,negative,khác
"Cầm iPhone Air trên tay thực sự thấy sự khác biệt về đẳng cấp và công nghệ. Máy chạy mượt mà mọi ứng dụng, không hề có hiện tượng giật lag. Rất ưng ý với chế độ bảo hành 1 đổi 1 và sự tận tâm của đội ngũ chăm sóc khách hàng tại shop.",positive,hiệu_năng
"Máy khá lag, chơi game nặng thì k nên mua,mk chơi tốc chiến cứ bị đứng máy... khá thất vọng",negative,khác
"Đã đặt hàng, chờ ngày nhận máy. Hy vọng vượt trội hơn S25",negative,khác
Không phải hàng VN/A,neutral,khác
bản màu trắng 128g có sẵn ở cửa hàng không sếp,neutral,khác
Máy dùng ok lắm ạNhân viên nhiệt tình vui vẻ 10,positive,khác
"Mình là khách quen của FPT rồi, lần này mua tặng cho em vợ con A07 5G. Đúng chuẩn đẹp và chất lượng.",positive,thiết_kế
Máy Dùng Rất Tốt,positive,khác
mới sạc đc 117 lần mà hụt 98% pin mà gọi video zalo 1 xíu điện thoại nóng bỏngmua được gần 4 tháng,negative,pin
"Dùng hơn hai tháng máy ổn định,chụp ảnh ổn áp, pin cực trâu, cầm nhẹ tay, màu xinh",positive,pin
cho mình hỏi Xiaomi Redmi 13x 8GB 128GB nếu trả góp sẽ góp trong bao lâu và mỗi tháng sẽ trả bao nhiêu ạ,neutral,khác
"CHO KHÁNH HỎI.. FPT ĐÃ GIẢM 3OOK TRỪ TRÊN GIÁ NIÊM YẾT , VẬY CÓ ĐC TẶNG KÈM TÚI LỘC 300K TRỪ TRÊN GIÁ NIÊM YẾT NỮA KO ..K CHÂN THÀNH CẢM ƠN QUẢN TRỊ VIÊN FPT",neutral,giá
Điện thoại tôi mua lúc 6/3 tôi muốn bán lại thì mất phí bn % ạ,negative,khác
Nói chung là ổn chỉ hơi lag vs loa bật lớn hơi rè,negative,loa_âm_thanh
"Hóng tính năng AI mới trên S26. Thử chụp đêm ở cửa hàng mà ảnh sáng trưng, năm nay làm AI thực tế hơn hẳn, mua em này về hỗ trợ công việc nhanh hơn bao nhiêu",positive,camera
Điện thoại cũ lên nguồn thu lại mua mới shop hỗ trợ giảm bao nhiêu ạ,neutral,khác
"Cực hợp cho mấy bạn thích máy đẹp nha. Cam chụp sáng ngon, thiếu sáng hơi fail",positive,thiết_kế
Nếu mình ghi sai địa chỉ thì lúc giao bên shipper có gọi lại hỏi không?,neutral,khác
Bên mình vẫn còn iphone 13 bản trắng k ạ,neutral,khác
14 thường 256g còn màu nào,neutral,khác
"Chào shop, m ở đà nẵng, m có s22 ultra 12g 258g bị bể mặt lưng có thu cũ đổi mới được không ạ",neutral,khác
Mới mua đc 1 tháng mà dùng chơi game giờ thấy hay nóng máy với lại tụt pin nhanh,negative,pin
"Mình dùng Redmi Note 14 5G để xem phim + lướt mạng ngoài trời, màn AMOLED 120Hz + độ sáng cao giúp nhìn rõ mà không bị chó",positive,màn_hình
"Tàm tạm thôi , đơ màn hình nhiều , cảm ứng trễ . Trong khi giá quá cao",negative,màn_hình
"Mình dùng một thời gian thấy trong mắt cam có hạt bụi. Cũng mang ra cửa hàng thì nhân viên từ chối, nói là phải gửi đi ktra 15 ngày. Mà trong khi lỗi bằng mắt thường thấy như thế lại k có phản hồi gì khác. Pin dùng quá nhanh hết, hơn 30tr mang lại một trải nghiệm k tốt lắm.",negative,pin
"Mình muốn gửi quà về quê cho ba mẹ, đặt online rồi shop ship giúp được chứ?",neutral,khác
giá hiện tại là bao nhiêu poco x7 5g !,neutral,giá
"Mua hôm 12/12, nhân viên tư vấn nhiệt tình, đt thì lướt mượt, máy nhẹ, camera đẹp,chỉnh sửa AI siêu đỉnh, thiết kế đuôi cá cũng đẹp với người thích màu mè như mình. Mình rất hài lòng luôn",positive,camera
thủ tục trả góp thế nào vậy shop,neutral,khác
"Sản phẩm tệ hay do lỗi máy, mình đã đăng nhập hai icloud mới tạo và máy vẫn bị khóa mặc dù mình không làm gì hết.",negative,khác
"Tôi rất hài lòng với sản phẩm này của tgdd , đt iPhone 14 lướt nhanh chụp hình trong sáng",positive,hiệu_năng
ip 17 màu tím 256g có sẵn ở hcm chưa ạ ?,neutral,khác
Iphone 16 prm có dải màu bao nhiêu bit z ad,neutral,khác
"3 tháng trải nghiệm pin dùng liên tục quá tốt pin chờ 1 đêm mất 4 đến 5%. Có lúc mất 2, 3. Hy vọng những phiên bản S sau có thể hạn chế pin chờ mất hao nhiều",negative,pin
mình thấy khuyến mãi ghi giảm ngay 4.890.000 là sao vây shop,neutral,khác
Tôi khuyên các bạn có ý định mua 16 thì ko nên mua.nhất là mua ở điện máy xanh và thế giới di động.lúc mua thì bảo hư gì đổi nấy.hư hoặc lỗi là đổi.máy tôi mua về đk một ngày.ngày thứ hai phát hiện lỗi và gửi máy để đổi.thì văn vở các kiểu rồi đi thẩm định.thẩm định thì ko ra kết quả lỗi.mà máy thì lỗi rõ rành rành ra đấy.cả nhân viên của thế giới di động cũng công nhận.mà bọn thẩm định máy ko cho đổi.bảo đổi thì mất 20% phí.vkl.rứa mà đề ra cái chính sách cùi bắp.làm ra đấy để lừa ng mua hàng.văn vở lỗi phần mềm.chạy cập nhật máy là đk.chạy xong cập nhật vẫn bị thì kêu gio lỗi phần mềm.ko đk đổi.mà chính sách đã gi rõ hư gì đổi nấy.giờ máy sản suất ra.tự nhiên lỗi phần mềm rồi đổi lỗi phần cứng.ko cho đổi trả.Các bạn mà mua máy cứ qua fpt mà mua.một đổi một hàng lỗi ngay và luôn.chừa.sau ko bao giờ mua đồ chi ở tddđ.ngán và ngấy luôn.đg bị dụ mua thêm quả bảo hành 700k vkl.tệ,negative,hệ_điều_hành
"Không hiểu sao điện thoại mình mua được khoảng 5 tháng và sạc 87 chu kì. Mà đã bị tuột còn 99%. Mình luôn có thói quen sử dụng điện thoại ở mức pin từ 2080%, không chơi game, không vừa sạc vừa chơi, không để điện thoại trong môi trường nóng, chỉ có thường xuyên sử dụng 5G. Cảm giác chỉ mua được 5 tháng mà tuột pin thì quá là thất vọng và đáng nghi về chất lượng của dòng này.",negative,pin
iphone 13 sao k thể tắt âm khi quay số và tiếng người đọc khi có cuộc gọi đến của tất cả ứng dụng vậy ak ai biết cách giúp với.mua đc 4 tháng tụt 2% pin rồi,neutral,pin
"Máy mình mới mua ngày 13/07 đến nay thấy pin tụt nhanh, máy bị nóng khi sạc",negative,pin
"Mới mua khoảng 2 tháng mà rớt bể mặt sau, chi phí thay mặt sau có được hỗ trợ gì không ạ Có hoặc không, báo giá giúp mình.",neutral,giá
"Màn hình 6.7 inch lớn với tấm nền Super AMOLED, tần số quét 120Hz cho trải nghiệm cuộn lướt cực kỳ mượt mà, nhìn dưới nắng vẫn khá rõ nét",positive,màn_hình
Rất oke nhưng bjo lại muốn đổi 15plus vì thích màn hình to,positive,màn_hình
"Tốt cho trải nghiệm, hại cho túi tiền",positive,giá
Iphone 13 promax đổi lên 17 thường thì thêm bao nhiêu ạ,neutral,khác
chào shop. hãng này có khác gì so với utra hay plus không shop,neutral,khác
The gioi di dong iPhone 17 cac ban ban hang Chinh hang ko,neutral,khác
Hàng sử dụng tốt,positive,khác
"Camera, pin, tốc độ xử lý rất chậm. Quả camera mình ko dám dùng. Điện thoại cũ 3triệu, tuy dung lượng nhỏ nhưng tốt hơn 10 lần.",positive,pin
"máy rất đẹp, mình mua ở tgdd nguyễn duy trinh hôm 26/2 , nhân viên nhiệt tình dễ thương",positive,thiết_kế
"Bên mình trả góp thì trả trước bao nhiêu, trong 6 thág thì mỗi thág trả bao nhiêu vậy",neutral,khác
Trả góp 0đ có được duyệt k shop?,negative,khác
fpt có ở lĩnh nam ko shop,neutral,khác
mình mới mua samsung s 24 fe hỗ trợ xạc 25w mà mình xài cốc xạc 45 w được không ?,neutral,khác
dùng mượt ok,positive,khác
"máy dùng tốt, mua 10 ngày rồi vẫn chưa nhận được loa",positive,loa_âm_thanh
Pin nhanh hết + máy nóng. Đang sạc mà sài thì như cục than,negative,pin
"Sản phẩm hoàn hảo cho những ai thích sự tinh tế và mỏng nhẹ mà vẫn đầy đủ sức mạnh. Màu sắc mới năm nay rất lạ và sang trọng. Cảm ơn FPT Shop đã mang về siêu phẩm này sớm nhất để mình được trải nghiệm, phục vụ 10 điểm.",positive,màn_hình
Dùng bền ko ạ,positive,khác
Máy mua chưa được 2 tháng sạc 47lần pin tụt còn 99%,negative,pin
Tháng 9 mua có 3tr4Giờ lên 3tr6 rồi,neutral,khác
"Máy đẹp, chạy mượt, rất ưng",positive,hiệu_năng
"Đã nhận được hàng, dùng mấy tuần rồi rất tuyệt. Màu sắc đẹp, lấp lánh bùm chíu long lanh",positive,màn_hình
Giao hàng có freeship không shop oiiii,neutral,khác
Điện thoại chơi games rất mượt camera nét lắm nói chung là rất thích,positive,camera
Ổn định dc cái pin hk trâu,positive,pin
Anh em nào dùng bản này để chơi game cho em xíu cảm nhận với,neutral,khác
"iPhone 16e 128GB(00926714)Phân loại: 128 GB, Đen16.690.000đ Mua ngay Trả góp(Chỉ từ 697.126đ)",positive,khác
FPT Hộ Phòng Bạc Liêu có sẵn máy k z?,neutral,khác
"Mua đúng đợt sale nên hời lắm đây. Giảm giá mạnh, quà tặng kèm hấp dẫn nữa. Chỉ tội màn hình hơi nhạy sáng ngoài trời nhưng vẫn đáng tiền chứ.",neutral,màn_hình
bên mình có thu sam sung cũ ko ạ,neutral,khác
Mình mua về bị lỗi panicfull và reset counter lên hãng kiểm tra tế máy bảo ko sao giờ thì có lúc 2 ngày hiện 1 lần có lúc ngày hiện 3 lần,negative,khác
Mình mua bên thế giới di động các bạn bảo điện máy xanh với tgioi di động là 1 . Mua ip 16 promax hqa . Cứ bị lỗi cứ khởi động lại hoài kèm theo máy nhanh hết pin . Sang thắc mắc thì nói do phần mềm . Cài lên ios 18.0.1 vẫn bị . Giờ câu trả lời vẫn cứ là do lỗi phần mêm hãng . Thất vọng vô cùng luôn . Lỗi kêu 1 đổi 1 mà giờ cứ kêu về dùng đi có gì báo lại,negative,pin
Rất ưng. Nhân viên nhiệt tình. Với giá tiền này thì tuyệt vời..còn không biết phiên bản này 1.0.7 lên 2.0 có bị lsao ko,positive,giá
Máy ở xã thiên lộc đong anh Hà Nội có hàng không,neutral,khác
E mua điện thoại IP13 128GB từ 10/ 5/2024 điện thoại m cũng dùng ít chỉ lướt mạng. Mỗi lần sạc pin đt rất nóng và bây giờ Pin xuống còn 99% rất nhanh hết pin,negative,pin
HN còn hàng cơ sờ nào,neutral,khác
Chính sách bảo hành tốt đi đôi với dv. Rất ưng ý,positive,khác
"Pin dùng bình thường, nếu dùng nhiều tác vụ nặng hơi tụt nhanh hơn các bản RAM cao hơn.",neutral,pin
Máy như đồ bỏ camera chụp ảnh xa mờ như sương mù có hỗ trợ chỉnh sửa camera ko,negative,camera
SẢN PHẨM DÙNG THÍCH,positive,khác
"Pin 5110mAh + sạc nhanh 45W rất hữu dụng, dùng cả ngày ,sáng đi làm, chiều chụp hình + sử dụng mạng xã hội thì vẫn còn pin tới tối, sạc nhanh mất chốc lát là đầy.",positive,pin
"Sau 10 ngày sử dụng thì vẫn thấy ok.có điều màn máy note 14 này so với con note 13 nó cứ vàng vàng sao ấy, như kiểu bị ám vàng hay sao..",negative,màn_hình
giá offline của poco m7 pro có giống trên shop k ạ,neutral,giá
Đặc quyền bảo hành trọn đời iPhone 17 Series1.500.000đ3.000.000đ,negative,khác
Nâng cấp Ram từ 6 lên 8gb cost bao nhiêu vậy ạ,neutral,hiệu_năng
đà nẵng hải châu cònn hàng không ạ,neutral,khác
14 màu trắng ở phan thiết có không shop,negative,khác
1. Mới mua hôm qua. Chạy cập nhật phần mềm mà máy nóng lắm. Pin sụt từ 100% xuống 95% trong vòng có 2 phút. Không biết máy có vấn đề gì không,negative,pin
E mua dc 3 hôm về loa bật to lúc gọi bị rè,negative,loa_âm_thanh
Sau gan 1 tháng dùng tôi thấy nhà sản xuất quảng cáo về màn hình chống trầy xước hơi điêu. Tôi có dán cường lực ở tgdd đúng hàng chuẩn thế mà do tôi quên bỏ chung dt với chìa khoá thế là cường lực nứt nếu bị xước màn hình chổ cấn ko nói đây cấn ở góc mà xướt gần giữa màn hình. Còn lại thì đt xài vẫn ổn,neutral,màn_hình
Dung lượng pin dùng tạm ổn,positive,pin
Sài rất đã rất mượt nhân viên thì tư vấn rất nhiệt tình nhiều ưu đãi nhiều giảm giá săn cob 12/256 chỉ 9 triệu rưõi rất hài lonhf,positive,giá
"Dung lượng pin lớn, sử dụng cả ngày mà không lo hết pin.",negative,pin
"FPTShop giao máy nhanh, nhân viên hỗ trợ cài đặt, chuyển dữ liệu sang máy mới.",neutral,hiệu_năng
Đt mới mua 11 ngày lỗi reset counter 5 lần,negative,khác
Mua điện thoại 13/01 điện thoại bị bụi camera lên yêu cầu đổi thì lấy lý do không muốn giải quyết thế giới di động càng ngày làm ăn càng rất tệ tôi cảm thấy không hài lòng với dịch vụ của Thế giới di động,negative,camera
alo shop. máy này có dùng được app VNeID ko,neutral,khác
"Sản phẩm này có trả góp ko ạ, em k thấy mục trả góp",negative,khác
"Máy chơi mới 1,2 ván game hoặc coi youtube 3,4p mà nóng ran rồigọi tổng đài hỗ trợ thì bận miết vậy",neutral,khác
dùng được 3 tháng rồi rất hài lòng về chất lượng và cách phục phụ của nhân viên tgdd vui vẻ nhiệt tình chi nhánh cần giuộc,positive,khác
Máy bị chai pịn không cho đổi. Công ty lừ đảo. A e cẩn thận dòng. Máy này với thế. Gioi di động máy mới mua 4 ngày,negative,khác
Pin dùng dc 2 tháng sụt còn 99%,negative,pin
Chất lượng cao từ thiết kế cho đến cấu hình máy và chống nước so với tầm giá,positive,giá
"E này chạy siêu mượt, mở nhiều app cùng lúc cũng không giật lag gì cả, pin thì trâu hơn cả mong đợi luôn, đi chơi 2-3 ngày không cần sạc lại.",positive,pin
Ip 14 bản thường ạ,neutral,khác
Mua mấy ngày thấy xài rất ổn pin trâu,positive,pin
"Máy mới mua về dùng rất nóng mặc dù không chuyển dữ liệu, mới chỉ tải thêm fb, tiktok, messenger. Pin tụt rất nhanh mất 50% trong vài tiếng sử dụng. Đặc biệt sập nguồn khi còn 20% mặc dù không dùng tới. Lần dùng sau có đỡ nhưng vẫn chưa thực sự yên tâm sử dụng",negative,pin
Rất ưng. Nhân viên nhiệt tình. Với giá tiền này thì tuyệt vời..còn không biết phiên bản này 1.0.7 lên 2.0 có bị lsao ko,positive,giá
Đẳng cấp luôn,positive,khác
Mả voucher của nv long châu thì dt còn bao nhiêu ạ,neutral,khác
Dạ cho em hỏi bên chi nhánh Trà Vinh còn dòng máy Redmi note 14 ko ạ với lại góp bao nhiêu 1 tháng có cần trả trước ko ạ?,neutral,khác
Iphone 14 còn hàng không shop,negative,khác
Còn mài xanh lá 128gb tại Cần Thơ không ạ,neutral,khác
Máy lỗi panic và reset gửi hãng bảo hành đã quá 15 ngày mà vẫn chưa trả máy. Lại hẹn thêm 37 ngày trong khi đó chính sách là ko bảo hành quá 15 ngày bao đổi trả Giải thích giúp,negative,khác
máy này có hàng ở Thái Nguyên k a j,negative,khác
điện thoại iphone 14 128GB hoặc 256GB còn ở Lào Cai k ạ,neutral,khác
"Nhìn chung là sảm phẩm rất ok, nhân viên cũng tư vấn cũng nhiệt tình",positive,khác
Mua sử dụng đến nay 6 tháng rồi. Mọi thứ quá ok miễn chê. Của bền tại người. Tránh để tụt pin dưới 10% và hạn chế sạc quá 90%. Giờ pin vẫn 100 OK. Mẹo để pin trâu Vào Trợ năng Chuyển động giảm chuyển động. Vào Màn hình và độ sáng bật Tắt chế độ Trong Suốt. Muốn OK nữa pin trâu như trâu rừng miễn chê thì vào Bảo mật tắt Dịch Vụ Định Vị đi là máy mát như sò lạnh. Chúc các bạn vui vẻ,positive,pin
Pin k dùng mà vẫn tụt,negative,pin
Ip14 pro màu trắng bnhiu vậy shop,positive,khác
"Đã trải nghiệm đc mấy tuần, cũng không quá suất sắc như báo chí hay mấy ông review ca tụng, tầm giá này thì con nào cũng ngon tương đương nhau",neutral,giá
"iphone 13 128GB màu trắng tại cơ sở tại cầu giấy hoặc nam từ liêm, hà nội còn không ạ?",neutral,khác
"điện thoại dùng mượt, chụp hình đẹp, pin dùng mãi chả thấy hết để sạc, rất hài lòng. Ai đang định mua thì chọn luôn không phải lăn tăn nhé",positive,pin
"cho mình hỏi hàng ở Thanh Hoá có 17prm 256gb, màu bạc không?",neutral,khác
Di lính lâm đồng còn hàng ko bạn,neutral,khác
"máy mình mua đc 19 ngày tại cửa hàng, giờ mình muốn thanh lý lại thì mất bao nhiêu % ạ",neutral,khác
17 thường mau đen mua trả góp phải trả trước tâm bao nhiêu ạ ở bên lúc long an,neutral,khác
Tôi mua iphone 16 128 gb mới vào ngày 762025 đáng ra được bảo hành 1 năm nhưng khi kiểm tra mục bảo hành của điện thoại thì chỉ còn 10 tháng .....,negative,khác
Ở Cao Lãnh Đồng Tháp còn máy không ạ và em là sinh viên thì áp dụng tất cả các mức giảm thì sản phẩm còn bao nhiêu ạ,neutral,khác
"Mới mua xong ở fpt thật sự máy rất đẹp luôn mn ạ , sản phẩm đáng được trải nghiệm",positive,thiết_kế
"máy dùng tốt, mua 10 ngày rồi vẫn chưa nhận được loa",positive,loa_âm_thanh
"Phần lưng phía trên máy sao nó bị hở, còn dưới thì bình thường",negative,khác
Sản phẩm mua tại chi nhánh lục nam có đc áp dụng giá ưu đãi này k ạ,neutral,giá
Ở rạch giá An Giang có sẵn hàng không ạ em muốn mua trả góp,neutral,giá
"Iphone 16e rất tốt vượt mong đợi. Lúc mua giá 15.790.000đ, bây giờ giảm còn 13.990.000đ quá rẻ nên mua",positive,giá
Dạ này giá trục tiếp cửa hàng ở Vị Thanh ạ ?,neutral,giá
Galaxy note 10 plus có thu đổi qua S25 được không vậy? Nếu được thì bù khoảng bao nhiêu?,neutral,khác
Mình tính mua online thì có giảm khi mua như quảng cáo không,neutral,khác
"Hiệu năng mạnh mẽ, chơi game nặng và xử lý đa nhiệm không gặp khó khăn.",neutral,hiệu_năng
Sản phẩm rát tốt,positive,khác
iphone 14 thường 256gb giá sao ạ,neutral,giá
"Tầm giá thế này dùng ổn, màn hình khá sáng, hiển thị hình ảnh đẹp, nét, mượt. Pin dùng vừa phải thì được 2 ngày, dùng nhiều tất nhiên là hết pin nhanh. Lướt mạng cũng nhanh, ổn. Mọi thứ đều tốt trừ camera, chụp ảnh tuy màu sắc tươi sáng nhưng phóng to hơi vỡ hạt nên không nét lắm. Redmi 13C mua đợt tháng 6/2024 chụp ảnh còn sắc nét hơn.",positive,pin
Ở Đà Nẵng chi nhánh nào còn hàng sản phẩm Iphone 13 - 128Gb màu Trắng shop nhỉ,neutral,khác
"Anh/ chị em sinh đôi khi cài face id trên iphone 13, người này vẫn mở khoá face id trên điện thoại của người kia được. Điều này không thật sự bảo mật trên thiết bị iphone như mình nghĩ",neutral,bảo_mật
Loại này 4g hay 5g,positive,khác
Sản phẩm này chạy Androi 14 à shop,positive,khác
Giá màn hình của ss a16 5g hiện tại là bao nhiêu v ạ,neutral,màn_hình
"ĐT có thu cũ đổi mới không sop,mình đang dùng sam sung M12",neutral,khác
"Sau khi sử dụng gần 2th thì mọi thứ rất ok pin sài khá lâu , lúc tính mua nghe lỗi nhiều mình cũng phân vân lắm nhưng đến bây giờ thì mình rất hài lòng",positive,pin
"mấy tháng đầu xài ổn, pin tụt 1 2%, nhưng 2 tháng gần đây tụt rất nhanh",positive,pin
Máy mới màu xanh có sẵn ở cơ sở nào ở Hà Nội,positive,khác
Mới mua dùng thấy ổn. Máy thiết kế đẹp. Hàng mới nên an tâm về chất lượng,positive,thiết_kế
Ở năm 2025 thì iPhone 14 vẫn đáp ứng đủ nhu cầu của mình sử dụng nhỏ gọn vẫn đủ mạnh để dùng những app nặng pin đủ tốt để dùng từ sáng đến chiều tối wifi 5G hỗn hợp Mua tại 414 Bình Long Tân Phú được chị Sương hỗ trợ rất nhiệt tình,positive,pin
"Mới mua về 10 ngày mà face id k khả dụng có bảo hàng được k ạ, k rớt nước, k va chạm mạnh mà vẫn bị",neutral,màn_hình_cảm_ứng
GIAO HÀNG NHANH GHÊ,positive,hiệu_năng
"Máy mượt lắm nha mọi người,ok luôn",positive,khác
16prm Vn Vàng sa mạc 256G còn bảo hành 11/2025 đổi qua s25ultra đc k,negative,khác
Có thu cũ đổi mới với Galaxy S24 FE không shop?,neutral,khác
"Mình đang dùng con Xiaomi redmi 10 2022 ,vậy mình có thể đổi để lên đời con này đc k ạ",positive,khác
"Cấu hình con này khá ngon màn cũng đẹp chơi game hay chụp ảnh thì đều rất ổn, shop ship hàng cẩn thận ạ",positive,màn_hình
Ip 17 màu tím hoa oải hương có hàng ở xã Đại Lộc TP Đà Nẵng không,neutral,khác
Pin dùng 4 tháng tụt 1%,negative,pin
Mình đả gửi inphone 14 di kiểm tra máy mình đả dùng 23 ngài bị tróc sơn rất phiền phức bỏ tiền mua sài mà phải đi hầu nửa rất bực bội mong hảng inphone phải hồi mình sớm để mình còn tínhchứ kéo dài thời gian qua thang thứ 2 mình lổ thêm 30% là ko dươc àk.đúng xui đưa ngai mình máy lổi tróc sơn,negative,giá
Mình dùng 67 tháng thì thấy rất ok chỉ là % pin tụt hơi nhanh. Kh bt có bảo hành thay pin chính hãng của Apple kh ạ,positive,pin
Đã Sài đc 1thang OK hết tất cả,positive,khác
máy sài quá tuyệt vời,positive,khác
con A50 thì còn bù bao nhiêu tiền nữa e?,neutral,giá
máy xài ổn định ko bị dung lắc,positive,khác
"Máy mới mua được mấy ngày để qua đêm tắt hết đa nhiệm và mạng sáng ra tuột mất 17% pin ,mang ra cửa hàng gửi đi apple kiểm tra báo máy bình thường. Cho hỏi bình thường chỗ nào Không có 1 cái điện thoại nào để không, không sử dụng mà trong vòng 10 tiếng tuột mất 17% pin hết Cả hãng và nhân viên quá tệ trả lời cho qua loa. Không lắng nghe nhu cầu thực tế của khách hàng",negative,pin
Dịch vụ sữa chữa và bảo hành của apple quá tệ.,negative,khác
Chất lượng tốt,positive,khác
Tốt nha máy đẹp,positive,thiết_kế
"ad ơi. sao cập nhật lên io 17.2 bị hao pin quá ad, có cách nào quay lại bản cũ ko ad",neutral,pin
GIAO HÀNG NHANH,positive,hiệu_năng
"Sản phẩm tốt, máy dùng mượt, pin trâu. % Pin 1 tháng đầu hơi hao 3% tới nay vẫn chưa tụt, cụm viền camera dễ xước ko đụng chạm va đập rơi gì hết vẫn xước ít. Đánh giá máy tốt nên dùng máy nhẹ xài ốp oke, nhiều màu camera đẹp rẻ hơn 14Promax. Đã mua được 5 tháng.",positive,pin
Máy e mới mua dc 1 tuần mà loa nghe rè lúc nghe dc lúc ko nghe dc giờ đổi lại máy khác dc ko ạ,negative,loa_âm_thanh
"Shop đóng gói cẩn thận lắm, giao hàng nhanh gọn. Nhân viên tư vấn nhiệt tình nữa.",negative,hiệu_năng
Máy mới màu đẹp xài mượt ngon nha không lỗi vặt,positive,thiết_kế
"Đt e mới mua mấy ngày đầu dùng pin ổn, 8 9 tiếng. 2 ngày trở lại đây pin rất nhanh hết, chỉ tầm 4 tiếng là bị sao ạ",negative,pin
"mua mới tại ĐMX mà không được hỗ trợ dán kính cường lực ,",neutral,khác
Nubia neo3 GT 5G muốn đổi sang máy này dc ko mơi mua dc 1 tháng gẩn 7 triệu,neutral,khác
Ở phường bà rịa cho em xin địa chỉ ạ,neutral,khác
"Chất lượng vượt mong đợi Chạy mượt, không bị đơ. Camera chuyên nghiệp, chụp thiếu sáng vẫn rõ nét. Xứng đáng đồng tiền.",positive,camera
sau 1 tháng dùng thì tôi thấy con này có vài ưu điểm là màn tràn viền lên xem phim 3d khá thích cảm ứng khuôn mặt khá nhạy xem phim 3d lướt YouTube thoải mái trợ lý AI dùng khá tiện và hữu ích nhược điểm là vân tay con máy này nhận diện hơi chậm máy thi thoảng có hơi lác 1 chút,positive,màn_hình
"Màn hình lớn ram 8GB quá ngon, hệ điều hành color os mượt quá mượt pin trâu quá trâu",positive,pin
Khu vực yên mỹ hưng yên mình còn sản phẩm không,positive,khác
Từ mi 15 lên mi 17 không có gì phải chê cả mình thích dùng những máy nhỏ gọn cấu hình khủng như dòng mi 17 này cho cảm giác cầm nắm gọn gàng mi 17 năm nay vẫn ngôn ngữ thiết kế nhỏ nhắn xinh xắn pin được tăng đáng kể sử dụng cả 1 ngày dài không cần sạc lại nói chung nâng cấp hẳn so với mi 15,positive,pin
Ổn định dc cái pin hk trâu,positive,pin
Máy quá tuyệt. Màn hình rất đẹp. pin trâu,positive,pin
ip 15 còn máy mới chưa kích hoạt không ạ shop,neutral,khác
"Loa đàm thoại bé, không có chia đôi màn hình như các sản phẩm khác. Camera quá chán",negative,màn_hình
E ms mua hôm trc tết vài hôm Bh e tải ngân hàng s ko dc mà tải gem thì dc hỗ trợ giúp e,neutral,khác
Mua trên tictoc rẻ hơn phải không em ơi,neutral,giá
Máy bị lỗi gửi bh ngày 13/9đến 25/9 phản hồi hãng nhận máy đợi thêm 610 ngày nữa để ktra. Rồi ban đầu báo 15 ngày có máy đến hôm nay vẫn chưa giải quyết và hẹn tiếp mình đâu dư tiền để mua máy xong gửi bh hơn 1 tháng và không biết máy sẽ xử lí ntn làm ăn rất rất lè mề. Rồi sau đến 610 rồi hẹn tiếp thì còn gì là cái đt nữa chưa thấy bh mà gần 1 tháng. Bực bội hết sức. Cảm thấy không xử lí đc thì trả máy về để bên đmx họ xử lí ntn,negative,giá
"Hải đã mua trưa hôm qua, máy ngon lành D",positive,khác
"Camera chính 50MP có OIS là điểm ""ăn tiền"" nhất. Chụp ảnh buổi tối hay quay video khi đi du lịch không bị rung, nhòe quá nhiều. Cam này gần như là vô địch trong phân khúc tầm trung rồi.",positive,camera
Tạm biệt dmx. Lần cuối tôi mua hàng ở chuỗi này,negative,khác
"Vừa mua hqua, máy lỗi pin pin nhanh hết có được đổi máy vào ngày hôm sau không",negative,pin
Mình muốn đổi từ Zflip qua iphone có được nhận chương trình thu cũ đổi mới ko ạ?,neutral,khác
cho e hỏi điện thoại e là 13prm màu xanh 128g mua 99 thay màn lô pin bảo trì còn lại cũng ổn thu lại được bao nhiêu vậy ạ,neutral,pin
Ngày đầu tiên bàn phím hơi lag . Tải các app khác mở lên thì lagapp mắc dù wifi rất mạnh,positive,giá
ip 13 256 màu trắng q8 còn k ạ,neutral,khác
Camera sau poco x7 5g có dễ bị xước hay bể ko shop?,neutral,camera
"Sp tốt, nhẹ hơn nhiều so với dòng 14prm mình đang sài, vẫn đang trải nghiệm dc 2 ngày. Nhân viên nhiệt tình , ship hoả tốc nhanh chóng. Thân thiện và nhẹ nhàng",positive,hiệu_năng
Ở Năm Căn có sẵn màu bạc 256gb không ạ?,neutral,khác
"Pin tốt, dùng khá giật lag.. đang xem YouTube mà có người gọi điện thoại đến,khi nghe điện thoại xong là out luôn .",positive,pin
"Pin nhanh hết, không đủ dùng trong một ngày.",negative,pin
14prm 256gb đổi 17prm 256gb thu lại bn shop,neutral,khác
"đt tốt ,đáng đồng tiền",positive,giá
"Quá hài lòng về trải nghiệm của em nó mang lại , 10 điểm",positive,khác
Cho mình xin chính sách trả góp,neutral,khác
iphone 17 256GB màu xanh lá hiện có ở cửa hàng nào ở Hà Nội?,positive,khác
"Chụp hình đẹp, dễ sử dụng",positive,thiết_kế
Không có phiên bản 6/128 à shop,neutral,khác
Em muốn mua ip17prm màu bạc bản 256gb ạ. Ngày mai còn chương trình tặng túi lộc ko ạ,neutral,khác
"E này thiết kế đẹp lung linh, cầm chắc tay lắm. Màn hình lớn mà mỏng nhẹ nữa.",positive,màn_hình
Con máy mượt mà và pin trâu nữa. Đáng tiền nên các bác cứ việc chốt đơn đi.,positive,pin
bây giờ còn trả góp 0 k shop,negative,khác
"loa rè nghe ko dc cái gì,quá tệ ko nên mua phí tiền",negative,giá
"Ngô Mây, Phù Cát, Bình Định có hàng kg shop?",neutral,khác
Đã mua 2 chiếc và 2 chiếc vào time khác nhau ro giá cả thì k nói nhưng đt dùng rất oke nhé Trước mắt thì k thấy vấn đề gì cả cái mua đầu tiên dùng cũng đc 7 tháng r cái mua thứ 2 dùng cũng đc 4 tháng rồi pin dùng oke k hao pin sạc tốt k nóng tôi mua tại yên bái nv phục vụ rất tốt tôi rất hài lòng,positive,pin
Giá trên trang shop và tại cửa hàng có giống nhau không ?,neutral,giá
Sau 4 tháng sử dụng thì khá là okPin trâuMáy mátK bị lỗi gì1 con máy đáng trải nghiệmSạc lại nhanh đầy nữa,negative,pin
quá tệ máy đầu tiên bị bụi cam bảo hành đổi máy khác mới khích hoạt là bị trầy nhắm mắt lấy luôn mang về dùng lâu lâu cục rung kêu két két. tốn tiền mất thời gian,negative,giá
Con này thông tin sai nhé Shop. Dung lượng pin oppo reno 15 5g chỉ 6500k nhé!,neutral,pin
Sản phẩm giá tốt nhưng vẫn mang lại trải nghiệm thương hiệu lớn bền bỉ. Đội ngũ kỹ thuật viên hướng dẫn dặn dò kỹ về cách sạc pin để bảo vệ máy tốt nhất. Cảm ơn shop vì dịch vụ chuyên nghiệp và sản phẩm chất lượng trong phân khúc giá rẻ.,positive,pin
Dùng 4 tháng và pin còn 98%. Sài cũng kĩ lắm rồi mà tụt pin nv thì quá nhanh,negative,pin
"Khuyên ae chân thành là đừng có mua.máy lag lắm.dùng tác vụ đơn gian như lướt fb,tiktok,vào google cũng đơ nữa.lạy hồn.đừng mua nhé ae",neutral,khác
"nhân viên shop giao hàng , hướng dẫn rất nhiệt tình . sản phẩm rất vừa ý .",positive,khác
"xin giá sản phẩm màu xanh, xin tư vấn ưu đãi",neutral,giá
Quận 7 còn hàng này không admin ơi,negative,khác
"tư vấn trang tốt , nhân viên thực tế nhiệt tình",positive,khác
S25 FE bây giờ có những màu nào ạ,neutral,khác
OPPO A3 có khả năng chống nước và bụi theo tiêu chuẩn nào?,negative,khác
"Em là học sinh lớp 11, cho e hỏi mua ip và sim bên mik thì thủ tục có cầu kì, cần người lớn đi theo ko ạ E tính mua trc h đi hc mà sợ ko kịp",neutral,khác
Đặc quyền HSSV - Giáo viênGiảm ngay200.000đXác thực ngay,positive,giá
Hiệu năng hay thiết kế đều hoàn thiện nhất đến hiện tại. Đáng mua,positive,thiết_kế
"Con máy này đúng là đáng tiền, mình thấy chất lượng ổn, mọi thứ đều mượt mà. Nên mua luôn đi.",positive,giá
Sinh viên có thể trả góp được không ạ,neutral,khác
"Mua ở tgdd chủ yếu vì tin tưởng thương hiệu, uy tín, chính hãng, lười tìm hiểu nên mua sự yên tâm ở đây, giá bán đúng niêm yết ko bia kèm lạc, từ lúc đập hộp ra dùng đến bây giờ khá ok, máy mượt, rất tốt",positive,giá
Sản phẩm tốt. Màu xanh dương đẹp. Chiến game trong vài năm tới,positive,thiết_kế
Cho mình hỏi iPhone 13 hàng qua sử dụng ở tgdd là máy mới chưa qua sửa chữa gì phải không ạ,neutral,khác
Mua dùng đc 1 tuần thao tác vẫn nhanh và mượt Pin Ok đọc đánh giá của 1 số khách hàng phàn nàn hay là do chiếc máy đó bị lỗi Mình dùng chưa phát hiện thấy gì,positive,pin
"Pin tụt nhanh, máy nóng khi call video",negative,pin
Mình dùng k được như mong muốn giờ muốn bán lại thì được bn tiền ạ,neutral,giá
Tại Phường Đồng văn - Tỉnh Ninh Bình còn màu bạc bản 512G ko shop,neutral,khác
"Ưu điểm Thiết kế đẹp, pin trâu, camera sau ổn, chơi liên quân ổn đinh 60fps đồ họa trung bình. Nhược điểm Dùng các tác vụ fb,tiktok,ytb... hơi khựng, không được mượt cho lắm. Camera trước khá tệ.Tóm lại ai cần đt bền, pin trâu, dùng các tác vụ thông thường. Thì em nó là 1 gợi ý khá toàn diện.",positive,pin
Hôm nay mới có dịp đánh giá cách phục vụ không liên quan đến SP. Mình mua góp thì có ảnh hưởng đến cửa hàng không ạ Bạn nhân viên nữ có vẻ không thích khách hàng mua trả góp.,neutral,giá
"Thấy bình luận chê quá mình cũng sợ , trải nghiệm 1 ngày thấy cũng ổn",positive,khác
Bắt sóng wifi kém,negative,khác
"Mướt mườn mượt, 10 điểm k có nhưng. Chụp ảnh nét nẹt lun. Cầm vừa tay k bị to hay nặng quá nchung là ưnggggg luôn đồng hành cùng với TGDD",positive,camera
"Sai lầm khi mua con này, camera bình thường thậm chí thua cả A22 4G luôn,",negative,camera
"Mình dùng được 5 tháng muốn đổi máy khác, bên mình có hỗ trợ thu lại không ạ",neutral,khác
"Thiết kế đẹp. Nhỏ gọn, cầm nắm tốt. Galaxy AI hữu ích. Pin không đủ dùng một ngày.",positive,pin
Hiện ở Nhà Bè còn ko shop,neutral,khác
"Mình mua a16 8/128 ở ngoài tiệm ,fpt shop có hỗ trợ thu củ k",neutral,khác
Xài xịn khỏi chê luôn. Siêu thị 01 Cộng Hòa nhân viên dễ thương cực,positive,khác
Mình mới mua máy gần 1 tháng sao sạc máy nóng quá ạ. Cốc sạc cũng nóng. Chụp hình hay quay phim máy cũng nóng luôn ạ.,positive,camera
Chi nhánh bến cam còn ip17 màu xanh lá hong ạ!? E mún thu cũ đổi mới nữa thì mình có tư vấn gì hong ạ,neutral,khác
"Mua đc tháng, dùng thấy ổn mà.",positive,khác
Iphone 15 promax muốn lên iphone 17 pro thì thêm khoảng bnh ạ,negative,khác
Hs đc giảm 150k vậy mua đt còn 4tr350k đko ạ,neutral,khác
A muốn đặt trước 17e mua trả góp thủ tục sao shop,negative,khác
Trần hưng đạo q5 p an đông có màu xanh lá ko ạ,neutral,khác
Máy bao ngon không nóng máy pin trâu.... ai thích bần bần mua sài thì ok...,positive,pin
"Màu xanh lá ,96% bán lại bao nhiêu ạ",neutral,khác
"OPPO A5i Pro thiết kế mặt lưng rất đẹp, cầm trên tay cảm giác mỏng nhẹ và sang trọng. RAM 8GB giúp máy chạy đa nhiệm mượt mà, mở nhiều ứng dụng cùng lúc không thấy bị lag. Nhân viên FPT Shop tư vấn mẫu này rất phù hợp với nhu cầu chụp ảnh và dùng mạng xã hội của mình.",positive,camera
"Đặc trưng của Flip là gập máy dựng đứng, rất hữu ích khi gọi video call, livestream, chụp ảnh nhóm hay quay vlog mà không cần tripod, dân sáng tạo nội dung cực mê.",positive,camera
Minh dùng thấy pin tạm ổn,positive,pin
Dạ bên mình có hỗ trợ trả góp hoặc thu cũ đổi mới không ạ?,neutral,khác
"Mọi thứ rất tuyệt vời, tôi có một trải nghiệm vô cùng hài lòng với chiếc IPhone 15 Pro Max 1TB , nhân viên phục vụ tôi rất tận tâm và nhiệt tình. Tôi rất hài lòng .",positive,khác
có tặng kèm ốp lưng hay dán màn hình j ko ạ,negative,màn_hình
giá online và giá tại shop có khác nhau không ạ,neutral,giá
"Màu đen đẹp, mỏng nhẹ",positive,thiết_kế
14 plus còn ở cửa hàng Lagi Bình Thuận k ạ,neutral,khác
"Chất lượng sản phẩm quá tệ, máy vừa mở hộp đã bị tróc sơn li ti ở sườn mang về nhà soi kĩ mới thấy, người dùng không thể tạo ra được vết như thế, mình có mang ra chỗ mua để đổi nhưng không cho đổi máy khác, không hiểu chính sách 1 đổi 1 kiểu gì trong khi lỗi của nsx, cả 1 cái điện thoại 35tr chứ có ít đâu, đập hộp mà như mua hàng cũ",negative,khác
"Chất lượng tuyệt vời Cảm giác sử dụng rất hài lòng, không hề thất vọng. Sẽ tiếp tục ủng hộ.",positive,giá
"Mình có mua ip15 ở TGDD, về dùng thị bị lỗi bàn phím bấm rất chậm và không được mượt thì có được đổi trả hay hỗ trợ fix phần mềm ko ạ. Hiện hệ điều hành đang ios17.4.1, mình mua vào ngày 25/4/2024.",negative,hệ_điều_hành
Đặc quyền bảo hành trọn đời iPhone 17 Series1.500.000đ3.000.000đ,negative,khác
"CHÍ CÔNG ĐẤT RẺ đã mua tại siêu thị cổ cò nhân viên rất nhiệt tình tên Hằng quản lý.Iclod cũ có vấn đề nhân viên tạo mới nhanh cho khách hàng luôn.Màn hình 6,1 nhỏ gọn rất tiện sử dụng cho ai nhu cầu đơn giản thôi.Hãng này bền bỉ nhiều khuyến mãi.Rất cảm ơn siêu thị cổ cò.",positive,màn_hình
"Nói chung con vợ này quá oke rồi hẹ hẹ hẹ, tiếc mối 120hz thì nai xừ",positive,khác
Sao 5g mà chạy chậm thua cả 4G,negative,khác
Máy có đủ phụ kiện kh?,neutral,khác
Máy này với máy Oppo a60 máy nào xài ứng dụng mượt hơn vậy fpt,negative,khác
Con này bản 256gb bao nhiêu vậy ạ,neutral,khác
Trả góp ip 14 thì mình đua trước nhiêu ạ,neutral,khác
Muốn nhờ tgdd hướng dẫn cách tắt nguồn máy này ạ,negative,khác
Nợ chậm mua đc k vậy,neutral,khác
"Mình mới mua đc 5 ngày, trước mắt thấy OK tất cả ko có lổi gì",positive,khác
Ngoại trừ apple intelligence chưa hỗ trợ tiếng Việt thì còn lại chưa có gì để chê. Đáng từng xu.,neutral,loa_âm_thanh
Dạ cho em hỏi là e có 1 chiếc đt nguyên seal không biết cửa hàng có thu mua lại không ạ,neutral,khác
Co thu lấy vivo y29 ko shop,neutral,khác
"Pin tốt, dùng khá giật lag.. đang xem YouTube mà có người gọi điện thoại đến,khi nghe điện thoại xong là out luôn .",positive,pin
Mua trả góp thì cần trả trước bn vậy shop,negative,khác
"Máy dùng mượt, pin đủ dùng trong ngày",positive,pin
Hiện tại shop giá bao nhiêu,neutral,giá
"Máy mỏng nhẹ, cầm thoải mái. Phần mềm tối ưu tốt, không bị lỗi vặt. Giao diện dễ sử dụng, phù hợp mọi đối tượng.",positive,khác
Xưa giờ chỉ mua đth ở tgdd. Vừa mua con 16prm mà nó đơ đơ zã man. Nt bàn phím thì giật giật. Vài album ảnh thì chậm bấm vài ảnh xem đợi vài giây nó lại nhảy qua ảnh khác. Đưa xuống quầy thì chạy lại cái j j đó rồi bảo cầm lên đc rồi. Hết đơ rồi. Về vẫn đơ như thường. 1 con đth 31 triệu làm như 3triệu1 không bằng. Quá tệ,negative,khác
"Khuyên ae chân thành là đừng có mua.máy lag lắm.dùng tác vụ đơn gian như lướt fb,tiktok,vào google cũng đơ nữa.lạy hồn.đừng mua nhé ae",neutral,khác
"Pin dùng nếu tiết kiệm thì ổn, nếu bật màn hình cao và dùng camera liên tục thì hơi tụt nhanh.",negative,pin
"bạn đang tìm một chiếc điện thoại tầm trung “đáng đồng tiền”, Redmi Note 14 bản 6/128 là lựa chọn khá cân bằng giữa hiệu năng, thiết kế và giá, phù hợp cho nhiều nhóm người dùng",neutral,giá
"Máy hơi nặng tay, xài lâu thấy mỏi. Tần số quét cao mà ko khác biệt lắm",negative,khác
"Máy không tương thích vs ngân hàng msb ra kêu thì báo máy bình thường kêu do app msb nhưng các hãng khác vẫn dùng bình thường , mua phí tiền",neutral,giá
IPhone 16 128 chưa bóc seal muốn len 16plus 128g bù bao nhiêu,neutral,khác
"Mượt, máy đẹp",positive,thiết_kế
Trả góp thì đuợc khuyến mãi gì không shop,negative,khác
"Mình thấy dùng ổn, ngoại hình các thứ đẹp hơn các dòng dưới đã dùng, k am hiểu lắm về đt nhưng cũng thấy đẹp chắc vì mắc tiền nên đẹp, màu titan tự nhiên khá ok",positive,giá
"sản phẩm mượt, ko gì để chê",positive,khác
I want to do a trade-in with my Samsung S23 Ultra. How much discount will I get,positive,khác
cho hỏi là chi nhánh gia lai còn hàng không tôi muốn mua trực tiếp,neutral,khác
"Máy nhẹ, dễ cầm, vỏ lưng không bị bám vân tay, nhìn sạch sẽ. Thiết kế gọn gàng, phù hợp cho người thích máy mỏng nhẹ, vẫn cân được game khỏe.",positive,thiết_kế
ip17 xanh lá có sẵn ở mê linh hà nội không,neutral,khác
"Mua ngày 23/7 ,hôm thứ 7 vừa rồi chụp ảnh ko nhìn thấy màn hình nh vẫn thấy có ảnh, mấy tiếng sau thì lại chụp bt. như này là lỗi gì Dmx Loa cũng hơi bé. Nhiều khi nghe gọi khó nghe.",negative,màn_hình
Điện thoại ít xài mà pin thì cứ tuột nhanh như gì á sạc 4 lần mà tuột 1%. Thất vọng thật sự,negative,pin
"Mình ở tỉnh lẻ nhưng vẫn được giao hàng tận nơi nhanh, đóng gói kỹ càng. Nhận máy kiểm tra đúng IMEI, tem chuẩn hãng, thấy rất hài lòng.",positive,hiệu_năng
trả góp như nào vậy,negative,khác
"Máy rất tốt. Tôi có mua thêm gói bảo hành pvi 1 đổi 1 trong vòng 1 năm nhưng cảm thấy không cần thiết, giờ tôi muốn huỷ gói bảo hành này được không",negative,khác
Mình dùng được 6t pin hoi nhanh ạ,positive,pin
Dùng rất ok,positive,khác
Bảo hành rơi vỡ Bolttech cho iPhone 1.439.000đ1.799.000đ,negative,khác
dt trả góp nhanh tiện,negative,hiệu_năng
"Rất rất nên mua nha mọi người, pin cầm khá lâu, mượt, chơi LQ bao phê trong tầm giá.Theo cảm nhận cá nhân, vậy là quá Ok",positive,pin
"mua ở điện máy xanh 13/128g đc 2 tháng máy dùng ok pin còn 100%,nv tư vấn ok",positive,pin
mua máy trực tiếp tại cửa hàng thì giá là bao nhiêu ạ,neutral,giá
Máy này loa máy có siêu âm lượng không ạ,neutral,loa_âm_thanh
"Thiết kế gập ngang trông rất sang, bản lề năm nay chắc chắn và mượt hơn đời trước, gập mở không bị khấc, cầm trên tay đúng chất flagship cao cấp.",positive,thiết_kế
Từ này đến Tết thì iPhone 15 hồng còn sẵn hàng ko,neutral,khác
"được cái camera ổn, máy cầm đầm tay. Nhưng pin 7000 vẫn tụt nhanh, cái quan trọng mua có NFC để làm việc mà vào cái VNeID không thể quét nổi. Quét thì toàn ra thẻ sử dụng gì đó. Buồn thật.",negative,pin
ip13 thường 128Gb ở Cam Ranh Khánh Hòa còn màu gì v giá bnhiu v ạ,neutral,giá
"Camera 50MP chụp ảnh trong điều kiện đủ sáng cho chi tiết rất tốt, màu sắc tươi tắn và nịnh mắt đúng chất OPPO. Tuy nhiên, khả năng chụp đêm chỉ ở mức trung bình, cần giữ chắc tay để ảnh không bị nhòe.",positive,màn_hình
Mới mua bản 12ram 256g được 3 ngày..sài ít vẫn chưa hết pin..đt ko nóng màn hình mượt quá ok luôn,positive,pin
Hiện tại CH ở kinh môn có sẵn iPhone 15 thường 128g màu vàng không ạ,neutral,khác
Chơi game với chụp ảnh quá tốt luôn,positive,camera
"Mình mới mua đc 5 ngày, trước mắt thấy OK tất cả ko có lổi gì",positive,khác
"Thông báo chậm , vào ứng dụng download còn chậm , ko mượt nhu ios",negative,loa_âm_thanh
"mình đang dùng iphone 12 dung lượng 128g . tình trạng pin 69% . mát không trầy xước , giờ định giá bao nhiêu khi đổi qua iphone 17 vâyg shop ?",negative,pin
"Dùng rất oke, mượt mà, pin dùng 2 ngày nếu chỉ lên mạng bình thường.",positive,pin
Nha Trang có sản phẩm này ko shop?,neutral,khác
Sản phẩm rất tuyệt vời,positive,khác
Xiaomi 15t pro sau khi chỉnh sửa ảnh thì không lưu đè lên ảnh trước được phải không ạ? Tôi đang bó tay...,negative,khác
mình còn sẵn iphone 15 màu vàng ở long xuyên An Giang kh ạ ?,positive,khác
"Học sinh đc giảm bao nhiêu ạ , có hỗ trợ chuyển dữ liệu từ đt cũ sang đt mới ko ạ",neutral,khác
Ip 13 vì sao để 1 đêm k xài gì vẫn hao pin từ 56%. Xin hỗ trợ ạ. Mình mới mua hồi 5.7.2024 ạ,neutral,pin
"Mới mua, nói chung rất tệ với số tiền bỏ ra, lướt tittok luôn đơ máy nói chung không đáng để mua",negative,giá
"em cần tư vấn thêm về sản phẩmmem có thể liên hệ qua đâu ạ. em ở phường phúc lợi, long biên, hnoi",positive,khác
Mua tại cửa hàng có giá như trên web không a,neutral,giá
"Sau 2 tháng sử dụng máy rất ok nha, sạc nhanh, pin khá trâu sài tác vụ cơ bản 78 tiếng bình thường, chơi game hay tác vụ nặng thì 56 tiếng mượt mà, loa hay và to, camera đầy đủ ánh sáng chụp ko có gì để chê, còn ánh sáng kém thì ảnh cũng đáp ứng tạm ổn, quay video thì khỏi phải bàn, màng đẹp nói chung tất cả điều ok hết nhưng phần sơn hơi dễ tróc nhất ngay cụm camera sau vs các phím cứng.",positive,pin
Máy để qua đêm tụt cỡ 5phần trăm pin vậy có ổn không shop,positive,pin
mới mua mấy ngay trước 13.590,neutral,khác
"Máy mới mua ít SD, mới 22 ngày còn 98%tổng dung lượng pin, đêm 10h để đến sáng tắt tất cả mà hết 10% pin gửi kiểm định máy thì TL pin bình thường mà hok giải thích j về vấn đề tình trạng tuột pin nản.ai mua nên cân nhắc ạ, lúc mua thì NV tư vấn máy tự tốt, ổn,OK.đến khi có sự cố thì bảo là iPhone dòng thường thì pin nó sẽ như vậy.vậy sao lúc TV hok nói vậy đi, bán xong là hết trách nhiệm",negative,pin
Tuy hoà có sẵn hàng không ạ,neutral,khác
Mẫu này ở Fpt Đà Nẵng còn hàng không ạ,neutral,khác
Bên mình có cái xiaomi redmi note 14 8GB/256GB không báo giá mình,positive,giá
Tôi cần tư vấn,neutral,khác
Dạ cho mình hỏi bản 256GB nếu trừ hết quà km thì còn bao nhiêu ạ,neutral,khác
Chất lượng hoàng hảo,positive,khác
Nhân viên thật tuyệt.,positive,khác
Đặc quyền bảo hành trọn đời900.000đ1.800.000đ,negative,khác
"Sao camera nó vàng vàng vậy ạ, do máy hay là mình phải chỉnh lại nữa ạ, mọi thứ ok nhưng cái camera thất vọng",negative,camera
Đã mua dùng cực ngon pin trâu,positive,pin
iphone 16 promax 256gb mới mua 4 tháng giờ đổi lên 17 promax 256gb bù bao nhiêu ạ,neutral,khác
Tốt lắm nhé,positive,khác
Mua được hơn 1tháng. Khi pin xuống 20% máy nóng ran nóng kinh khủng và khi xạc pin ở dưới 70% máy cũng nóng ran y chang. Đang ko biết nguyên nhân lí do vì sao. Đã tắt hết ứng dụng ko xạc. Tắt cả wifi,negative,pin
Em đang có máy OPPO A96 mua ở chỗ khác bị hỏng màn muốn đổi sang máy này. Bên mình có nhận thu không ạ và mua máy bây giờ có khuyến mãi gì không ạ?,neutral,màn_hình
Đây là lựa chọn tốt nếu bạn cần một chiếc máy mạnh trong tầm giá trung — không cao cấp như dòng Find nhưng dùng rất thực tế.,positive,giá
"Sài từ 28 tết đến nay ok, chưa phát hiện lỗi gì",positive,khác
Đt mình Xiaomi redmi note 14pro+5g dùng được gần 4tháng rồi giờ thu lại nhiêu ạ,positive,khác
"Toi moi mua. Tai sao ghi RAM 8,0 +4,0 G",negative,hiệu_năng
Ở tri tôn có k ạ,neutral,khác
"Bản lề năm nay cải tiến rõ, gập mở mượt, không còn cảm giác lỏng hay cấn nhẹ như đời cũ, gập lại gọn như hộp phấn nên mang theo siêu tiện.",negative,giá
11 thường đổi 14 thường giá như nào ạ,neutral,giá
Xin tư vấn trả góp ip13 ạ,neutral,khác
"Shop FPT giao hàng nhanh kinh, đóng gói cẩn thận quá. Nhân viên nhiệt tình lắm, cảm phục.",negative,hiệu_năng
Mới mua về loa bị ồm như bịt loa.sạc nóng đt nóng cục sạc.mang ra TGDD nhân viên nói bình thường.nếu vậy họ ta mang ra làm gì cho mất công mất việc.Thà mua điện thoại rẻ tiền cho đỡ tiếc.từ bỏ iPhone 16 ra tên sang nhưng rất tệ,negative,giá
Cáp sạc đi theo máy bị hư đem đi khi còn bảo hành. Cửa hàng gọi lại thông báo không phải cáp chính hãng của apple. Thề từ nay về sau không mua đồ của TGDĐ nữa,negative,khác
"Mua 30tr nhưng chụp hình còn lác và đơ hơn 13prm tới nhân viên kiểm tra thì kêu gửi máy đi nơi khác kiểm tra thì cho hỏi ai tin tưởng giao máy cho nv được , rồi nếu ko tin tưởng thì nói khách tự đưa qua , vậy khách mua thế giới di động lại phải đưa qua chỗ khác mà đâu phải rảnh thời gian đâu, ai cũng có công việc. Mua thế giới di động mục đích mà lỡ máy có gì tiện bảo hành mà bây giờ bảo hành kiểu này thì chịu, máy mua chưa được 1 tháng. Khuyên mọi người mua máy ra chỗ khác mua cho khoẻ vừa rẻ hơn vừa bảo hành nhanh gọn lẹ.",negative,hiệu_năng
sản phẩm này còn máy nguyên seal ở cửa hàng nào không ạ,neutral,khác
"Pin Tốt, Dùng Cảm Ứng Mượt, Cầm Vừa Tay, Mà Bắt Sóng Wifi Chưa Được Tốt Lắm. Với Màn Hình Mà 2K Nữa Thì Tốt Ạ.",negative,pin
Cứ đổi máy cũ là giảm 1triệu đúng k ạ?,negative,khác
Vưa mua đã phai mang đi hãng bao hanh 15 ngay đập hôp mới ra khoi cua hang ma cam đã bị nứt quay lại thi bao do mk lm rơi vỡ trong khi máy k 1 vệt xước lại bị nứt mẻ ở cam,negative,khác
"Mua 7/8, hôm nay là 16/9 đã tụt pin chì còn 99%, một trải nghiệm quá tồi tệ. Sạc thì rất hay nóng máy. Trước mình dùng ip11 gần năm pin mới hao 99% như vậy, đây dùng dc có 39 ngày đã hao hụt pin.",negative,pin
"Máy ngon, mượt. Lần đầu dùng xiaomi không nghĩ máy được như vậy. Hy vọng máy bền xài được 4 hay 5 năm",positive,khác
"Mới dùng được 2 tuần.Rất mượt, pin dùng được cả ngày, kích thước ổn không quá to cồng kềnh, gọn nhẹ dễ bỏ túi.Màn hình độ sáng tốt ngoài trời dễ nhìn không bị tối.Chụp hình chân thật và nét. Chụp đêm khá tốt.",positive,pin
Cửa hàng FPT Shop 11 QL13 Ngã 3 Bằng Lăng có hàng ko shop,neutral,khác
"Cho em hỏi ip15plus bên mình có còn không ạ, và giá bao nhiêu vậy ạ?",neutral,giá
em định mua ip13 mình trả trước bao nhiu,neutral,khác
Ở Quảnh Ninh quanh kb Hạ Long có sẵn 17promax 256gb màu bạc chưa ạ??,positive,khác
"Máy mới mua về dùng rất nóng mặc dù không chuyển dữ liệu, mới chỉ tải thêm fb, tiktok, messenger. Pin tụt rất nhanh mất 50% trong vài tiếng sử dụng. Đặc biệt sập nguồn khi còn 20% mặc dù không dùng tới. Lần dùng sau có đỡ nhưng vẫn chưa thực sự yên tâm sử dụng",negative,pin
"Trong phân khúc tầm trung thì đây là một lựa chọn hoàn hảo từ hiệu năng đến ngoại hình. Loa nghe nhạc hay, âm thanh to và rõ. Quy trình mua bán tại hệ thống chuyên nghiệp, thái độ nhân viên niềm nở làm mình thấy rất hài lòng.",positive,thiết_kế
Điện thoại mình lột tem imei sau lưng điện thoại được k ạ Có ảnh hưởng đến bảo hành hay gì không,negative,khác
có sẵn 17pro 256 màu bạc ở huế ko ạ,neutral,khác
E mua dc 3 hôm về loa bật to lúc gọi bị rè,negative,loa_âm_thanh
Máy có cổng sạc USB-C không shop?,negative,khác
Mik mua đc 5 tháng hơn h cần bán lại shop có thu hk ạ,neutral,khác
Máy đẹp dùng rất thích,positive,thiết_kế
"Máy mỏng nhẹ, cầm thoải mái. Phần mềm tối ưu tốt, không bị lỗi vặt. Giao diện dễ sử dụng, phù hợp mọi đối tượng.",positive,khác
"Rất tốt, mượt và camera chụp hình đẹp sắc nét",positive,camera
Bị lỗi nhiều tốc độ sử lý chơi game chậm,negative,hiệu_năng
máy này shop có mã 12gb 256gb không ạ,neutral,khác
"Máy mua mới dùng đc 1 tháng thì bị lỗi loa trong khi không rơi vỡ vào nước hay cấn móp gì, máy có mua kèm gói bảo hành 1 đổi 1 trong vòng 11 tháng củ cửa hàng, mang lên cái ttbh ủy quyền thậm đỉnh để đổi máy thì lại bị báo từ chối bảo hành và bắt phải bỏ tiền ra thay thế, xong ngâm máy của tôi hơn 2 tháng, tới khi thỏa thuận chấp nhận sửa máy thì lại bắt chờ 3 tuần liền. Tiền mất, tật mang, máy thì không có dùng, công việc thì ngưng trệ. Thất vọng toàn tập.",negative,giá
cho mình hỏi sao vào saferi k truy cập dc vào các trang wed vậycó phqir bị chặn gì k,neutral,khác
"Mua đc tháng, dùng thấy ổn mà.",positive,khác
"Máy dùng ngon , đừng nghe người không biết sử dụng máy ,viết đánh giá không tốt về a56Chỉ có vài đánh giá là đúng , đó là sợi cáp theo máy quá đểu , còn lại toàn đánh giá vớ vẩn Đề nghị tgdd nên xóa những đánh giá sai về sản phẩm , tránh làm những người muốn mua hiểu lầm về a56",negative,giá
Do you have model with LL with only e-sim not physical sim model?,positive,khác
Cho hỏi ở Thị Trấn Vạn giã huyện vạn Ninh tỉnh Khánh Hòa... Có giòng máy...poco m7 pro ko ạ,neutral,khác
Sản phẩm này ở xã Yên Phong Bắc Ninh còn hàng không,positive,khác
"FPT Shop giao máy nhanh, mình đặt online hôm trước thì hôm sau đã nhận được. Hộp máy được đóng gói cẩn thận, nguyên seal, giao đến tay mình rất chỉnh chu.",positive,hiệu_năng
"Mình mua T8 năm ngoái, đến h được 8 tháng nhưng dung lượng pin giảm nhanh lắm ạ. T6 tuần trc mình mang ra dc tư vấn sử dụng theo dõi tiếp, nay được 5 ngày lại giảm tiếp 1%",neutral,pin
Camera trước của OPPO A3 có độ phân giải bao nhiêu?,neutral,camera
Mình đã dùng hơn 2tháng và thấy pin khoẻ chất lượng ok dù chưa biết hết công dụng của nó.,positive,pin
Mình muốn lên đời từ s23ult lên s25ult thì như thế nào vậy shop.chính sách thu cũ đổi mới như thế nào,neutral,khác
Cho hỏi tôi mua 15 plus và có mua miếng dán màn hình nhưng mấy ngày sau bị bong mép.tôi có đến bảo hành và được nhân viên dán lại miếng khác không giống như miếng tôi đã mua trước đó.miếng này có viền đen xung quanh và dày nên cảm giác bấm k được nhạy và mượt.giờ tôi muốn đổi lại miếng dán màn hình nhu tôi đã mua lần đầu thì có mất phí k,negative,màn_hình
15prm pin 86 thu đc bnh ạ,negative,pin
Cảm thấy thất vọng,negative,khác
khu vực Bạc Liêu còn máy này 4G kh,negative,khác
Cho mình hỏi có hỗ trợ trả góp ko,neutral,khác
"Đã sử dụng hơn 5 tháng,xài mượt, nhưng tuột nhanh ,cảm thấy thất vọng",negative,hiệu_năng
Cảm thấy thất vọng,negative,khác
Pin tụt nhanh có đk đổi mớ ko vậy,neutral,pin
an phú an giang có hàng k,neutral,khác
Pin dùng được cả ngày ko ad,negative,pin
"Sản phẩm hiẹn có bán ở Đà Nẵng online ko, giá niêm yết tầm bao nhiêu",neutral,giá
Mua được 3 ngày nhắn tin bị lác quay video máy nóng có lúc bị đơ,negative,khác
Đg dùng 12 lên 15 khi mở ra thật tuyệt vời vì nó đẹp theo màu đen nhìn rất lịch sự sang trọng vò cầm rất đã tay màn hình rất đẹp tôi rất ưng,positive,màn_hình
Sản phẩm rất tuyệt vời,positive,khác
Mình cần tư vấn điện thoại màn siêu bự trên 6.8inch gia rẻ.,neutral,màn_hình
mua iphone 17 vf thanh toán qua quét ví zalo pay được giảm 500k luôn à sốp,positive,khác
Iphone 11promax lên S25 Ultra 5G 256 bù bao nhiêu,neutral,khác
Tôi không hài lòng về chiếc iphone 17 này. Tôi là người sử dụng android. Nhu cầu sử dụng cao. Tôi mua iphone vì tính bảo mật. Thời gian quảng caos là 27 giờ sử dụng nhưng thưc tế pin tuột rất nhanh. Tôi cần 5g liên tục. Đừng bao giờ nói với tôi rằng tôi phải tắt cái này cái kia. Một chiếc điện thoại mà tắt mọi kết nối chỉ để nằm chờ cho hết pin rồi sạc thì sử dụng để làm gì Tôi thấy có người đánh giá pin sài 1 ngày rưỡi. Chỉ với lần đầu tiên thôi. Từ lần thứ 2 trở đi rất tệ,negative,pin
Có hỗ trợ nâu xớ ko ạ,neutral,khác
"Máy rất tốt. Tôi có mua thêm gói bảo hành pvi 1 đổi 1 trong vòng 1 năm nhưng cảm thấy không cần thiết, giờ tôi muốn huỷ gói bảo hành này được không",negative,khác
mua thang lun thi giá cuối cùng bao nhieu shop ?,neutral,giá
mô tả sản phẩm là A56 nhưng hình ảnh là của A36? Cần rõ ràng để khách hàng thấy.,neutral,khác
Khung viền titan mau tróc sơn. Mới xài 12 ngày. Chưa gì mà trầy tè le. Tệ còn hơn tệ,negative,khác
Giá trừ km 1 là còn bao nhiêu vậy shop,neutral,giá
"Từ lúc biết xài điện thoại mình chỉ sử dụng samsung. Mình ko thích điện thoại trung quốcđiển hình là oppo. Nhưng từ khi điện thoại oppo reno 13 ra đời mình đã sử dụng, mình có nhìn nhận khác về oppo, mình đã mua 1 cặp, xài cùng với vợ mình. Cám ơn nhân viên tgdd tây ninh đã tư vấn nhiệt tình. Rất hài lòng, xài rất ok. Ko hề thất vọng",positive,khác
Củ chi còn hàng không shop,neutral,khác
Máy đẹp dùng rất thích,positive,thiết_kế
"Mọi người không nên mua máy ở thế giới di động nữa nhéBỏ ra đống tiền nhưng nhận lại máy giật, lang, đơ hơn cả mấy con máy cùi Nên phá sản sớm thì tốt hơn",negative,giá
"Máy mua từ lúc mới ra, rất mượt. Không có điểm gì để chê.",positive,khác
Gia nghĩa đăk nông có iphone 14 256gb và có hỗ trợ trả góp ko ạ,neutral,khác
"Giá rẻ nhưng đáp ứng được nhu cầu cơ bản, là lựa chọn tốt nếu ngân sách hạn chế.",positive,giá
"Sau 2 tuần sử dụng thì rất hài lòng, mọi thứ đều ổn trong tầm giá, nhân viên khu vực Tam Kỳ rất nhiệt tình, hỏi online được trả lời tận tình, được tặng thêm con loa nghe rất ổn áp.",positive,giá
"Máy nét keng lunnn shop ơiii, màn được tăng độ sáng dùng ngoài trời thích lắm, cam mới chụp góc rộng siêu thích mà đặt trước chỉ cần đặt cọc trước 1 phần khi nhận máy vẫn có thể trả góp tiếp quá đã",positive,màn_hình
"Bị trộm mất con realme c60 nên đổi sang con này, dùng tạm ổn nhưng bị cắt giảm chức năng khá nhiều, đôi lúc cần chụp màn hình hoặc tắt màn hình hoặc tắt nguồn toàn phải dùng phím cứng",negative,màn_hình
Máy này có sẵn tại lạng sơn ko shop,neutral,khác
màu trắng rất đẹp rất thích ...đỉnh kịch trần,positive,thiết_kế
"Tôi mua điện thoại Xiaomi not 15 pro 5g bản 8256 .Khi tôi mua thì nhân viên lấy ra điện thoại đã mở sẵn nói hàng đưa về đó mở ra để giới thiệu cho khách hàng.Nhân viên nói tôi kiểm tra xem cấn móp gì không, tôi nhìn sơ ko thấy vấn đề gì, nhưng màn hình đã dán sẵn nilon chống trầy.Về nhà dùng thì thấy loa nghe hơi rè , sóng gọi lên tổng đài Viettel thì nhân viên nói rè rè không nghe rõ nhưng tôi thử gọi người cho máy khác thì thấy không bị sao.Tôi hỏi máy đmx bán ra có nguyên seal không thì nhân viên nói quy trình là khi bán hàng Xiaomi thì mở ra , còn hàng apple thì mới nguyên seal.Nhưng tôi không yêu cầu mở lại đưa máy mở sẵn nên có cảm giác như là máy đã được đổi trả rồi test xong bán lại chứ không phải máy mới.Trước tôi mua máy poco bên FPT vẫn còn nguyên seal.Nhiều người nói tôi mua máy cũ dù bây giờ tôi chưa thấy đt có vấn đề gì lớn.",negative,màn_hình
Sản phẩm này chạy Androi 14 à shop,positive,khác
Tân Phước Khánh-Tân Uyên TPHCM có Poco x7 pro không ạ,neutral,khác
Thất vọng khi mua máy nhiều khi điên muốn đập luôn máy,negative,khác
Đc cái hỏi ad ko thềm trả lời,neutral,khác
Hồng Phai quá đẹp cho con tướng bánh bèo như tui,positive,thiết_kế
iPhone X 64gb đổi được Ko vậy,neutral,khác
"Pin trâu, mượt, camera nét, ngoại hình cute. Rất okXứng với tầm giá",positive,pin
Nhân viên nhiệt tình quá,positive,khác
Giá kèm khuyến mãi túi lộc thì sp bán ... Là giá sao vậy adm,neutral,giá
"Cảm giác máy hơi nặng tay, chụp hình bt thôi chứ ko có gì quá nổi bật",negative,giá
Đặc quyền bảo hành trọn đời1.200.000đ2.400.000đ,negative,khác
"12 pro max , và 14 pro max bù bn lấy 17",positive,khác
Iphone 15 plus 256 GB còn giá 15.390.000 còn giá đó hok ạ,negative,giá
"Chip xử lý mạnh, ứng dụng nặng như chỉnh ảnh, game mobile chạy mượt.",positive,hiệu_năng
máy thỉnh thoảng lát nhảy loạn lên,negative,khác
Dt iphone 13 hien tại 12tr290 la đã trừ túi lộc 2tr4 chua zy shop,neutral,khác
Shop có thu mua lại iphone 16promax 256g pin 95% ko shop,negative,pin
"Dạ shop có hỗ trợ thu cũ Honor 90 lite, lên đời S25 FE ko ạ?",neutral,khác
Quá Vip.chơi game bao ko nóng máy luôn....ngon,positive,khác
Máy bị chai pịn không cho đổi. Công ty lừ đảo. A e cẩn thận dòng. Máy này với thế. Gioi di động máy mới mua 4 ngày,negative,khác
Mình mới lấy máy này giờ muốn đổi máy khác shop hỗ trợ không ạ,neutral,khác
máy xài ổn định ko bị dung lắc,positive,khác
ở Đức phổ có hàng không ạ,neutral,khác
"E này chạy mượt mà không chê vào đâu được. Dùng nhiều app cùng lúc vẫn trơn tru, pin thì kéo dài cả ngày không lo sạc giữa giờ làm luôn.",positive,pin
Cho mk hỏi một người coa thể trả góp 2spham k,neutral,khác
Mình đã dùng hơn 2tháng và thấy pin khoẻ chất lượng ok dù chưa biết hết công dụng của nó.,positive,pin
"Mình mua đt 3/4/24. Pin để qua đêm không dùng có tụt %. Thỉnh thoảng vào các app như face, zalo... có bị đơ. Chụp ảnh ban ngày sắc nét. Tối thì tạm. Ngoài trời màn hình để mức sáng tối đa vẫn khó nhìn. Face thì ảnh sáng yếu là không nhận nhận diện khuôn mặt. 128G thì dung lượng lưu trữ thấp. Toàn báo đầy. Lướt app lâu lâu đơ 1 phát hoặc tự thoát app luôn. Sạc pin lâu lắm nếu để báo pin yếu thì sạc 45h mới đầy. Nên cứ 50% là m sạc lên 80%. Dung lượng pin tốt. Nếu đi làm không sử dụng nhiều chỉ dùng lúc dc nghỉ với và dọc tin nhắn công việc thì dùng được 1 ngày. Nói chung với giá 14 triệu hơi chát. Mong rằng độ bảo mật tốt và tính ổn định sẽ cao sau thời gian dài sử dụng. Nhân viên shop nhiệt tình tư vấn cài đặt. Cài từ ip cũ sang rất đơn giản.",negative,pin
"Máy để qua đêm tuột pin xuống còn 81%,84%. Mới xuất hiện tại 2 hôm nay. Mình mua hồi 7/5 pin còn 99%.",negative,pin
"Máy trang bị chip A18 và A18 Pro, mang lại tốc độ xử lý vượt trội",negative,hiệu_năng
"Em có con iphone 17 pro max người ta tặng em. Có tem của fpt lun. Chưa khui, còn nguyên. Cho r hỏi fpt có thu lại không ạ",neutral,khác
"Nhân viên nhiệt tình, máy xài êm 10đ",positive,khác
Mua 1 được 2 là sao ạ,neutral,khác
Máy mới mua 2 ngày mà tuột pin quá.,negative,pin
hiện tại 17 256 màu xanh lam khói có hàng sẵn k vậy,neutral,khác
Mình đã cập nhập lên 26.3,positive,khác
Mới xài được mấy tháng OK nhưng loa nghe hơi lớn là rè HK biết do máy hay con máy nào cũng z hay sao Đem lại cửa hàng người ta kiu do nước nhưng có lm j ướt đâu mà kiu ướt loa,neutral,loa_âm_thanh
tôi mua máy dc 1thang giờ đổi máy khác thì sao ạ,neutral,khác
Mua hôm 26/6 dùng tới nay rất ổn định mượt mà màn hình đẹp lên ios 17.5.1 pin hơi yếu so với 17.4 thôi hi vọng ios 18 ra mắt pin sẽ ổn hơn,positive,pin
Mua sử dụng đến nay 6 tháng rồi. Mọi thứ quá ok miễn chê. Của bền tại người. Tránh để tụt pin dưới 10% và hạn chế sạc quá 90%. Giờ pin vẫn 100 OK. Mẹo để pin trâu Vào Trợ năng Chuyển động giảm chuyển động. Vào Màn hình và độ sáng bật Tắt chế độ Trong Suốt. Muốn OK nữa pin trâu như trâu rừng miễn chê thì vào Bảo mật tắt Dịch Vụ Định Vị đi là máy mát như sò lạnh. Chúc các bạn vui vẻ,positive,pin
"Giao hàng nhanh, hướng dẫn chu đáo, thái độ vui vẻ tận tình!",negative,hiệu_năng
Location: Khách chưa chọn địa chỉ rất hài lòng,positive,khác
san phẩm ok,positive,khác
"RAM 8GB giúp máy đa nhiệm mượt mà, chuyển đổi giữa các ứng dụng mạng xã hội và làm việc nhanh chóng mà không bị lag. Dung lượng 128GB thoải mái để mình lưu trữ hình ảnh và tài liệu học tập trong thời gian dài.",positive,hiệu_năng
"Mình có mua điện thoại iphone 13 ở Thế giới di dộng thới lai mình cái bạn cài điện thoại cho mình cài icloud mà không hỏi mình cài tên gì bạn tự ý cài kh theo ý mình mong muốn , mình luac giờ chỉ tin tưởng thế giới di động , bạn làm mính thất vọng quá , bạn cài máy rất lâu làm mình rất không vui , mình không muốn vào lại đó chút nào",neutral,khác
Máy này camera sau chụp hình có đẹp ko shop,positive,camera
OPPO Reno12 F có hỗ trợ Bluetooth phiên bản nào?,neutral,khác
Máy dùng rất tốt có 5G mượt wifi mượt thông báo load vù vù.,positive,loa_âm_thanh
Huhu dùng được 5 tháng pin tụt còn 98%,negative,pin
"Sau 2 tháng sử dụng máy rất ok nha, sạc nhanh, pin khá trâu sài tác vụ cơ bản 78 tiếng bình thường, chơi game hay tác vụ nặng thì 56 tiếng mượt mà, loa hay và to, camera đầy đủ ánh sáng chụp ko có gì để chê, còn ánh sáng kém thì ảnh cũng đáp ứng tạm ổn, quay video thì khỏi phải bàn, màng đẹp nói chung tất cả điều ok hết nhưng phần sơn hơi dễ tróc nhất ngay cụm camera sau vs các phím cứng.",positive,pin
Mới mua tại TGDD. NV nhiệt tình. Nhưng máy chán. Mới mà xạc đã bị nóng máy. Sim gọi k được toàn báo lỗi không xđ. Có ai bị giống Th của tui hok.,negative,khác
Ổn nha mấy sạc đầy từ sáng 1011 là 100% ts tối 7h ngày 1111 còn 39% trâu nha cam đẹp,positive,thiết_kế
Dạ đang có oppo a31 thì bù bao nhiu ạ,neutral,khác
Máy quá tuyệt. Màn hình rất đẹp. pin trâu,positive,pin
máy sử dụng ok. 1 ngày ngốn xấp xỉ 20% pin. hơn 4 ngày sạc 1 lần.,positive,pin
"Sản phẩm dùng rất ổn định, phần mềm ColorOS dễ sử dụng và nhiều tính năng hay. Đội ngũ kỹ thuật hướng dẫn mình cách tối ưu bảo mật vân tay và khuôn mặt rất nhiệt tình. Cảm ơn shop đã cung cấp sản phẩm chính hãng với mức giá rất cạnh tranh.",positive,giá
"Mình từ Samsung chuyển qua S23 plus điều mình cảm thấy là dùng rất mượt, pin tốt, camera chụp đẹp chụp đẹp hơn hẳn 16 promax. Nhưng mình thấy có điều ko bằng samsung là ko có khoanh tròn tìm kiếm tiện như samsung,hay tìm âm thanh như samsung, AI ko bằng nữa, back chỗ vuốt dc chỗ ko ko đồng bộ như samsung,dùng youtube bản pre phải tốn tiền kia xài chùa dc, bàn phím nó cứ hơi lag lag, dùng bàn vni càng bất tiện, Ngoài ra bạn đừng nghe dụ dỗ mua ốp lưng hở cụm camera như mình về sợ xước lại phải thay ốp khác phí 350k",negative,pin
"quay video máy nóng ran,tối màn hình lại,các chức năng khác bình thường",negative,màn_hình
Samsung Galaxy z fold 6 còn bản 512GB không ? Giá tiền,neutral,giá
"Máy mượt ngon lắm ạ , nhưng hao PIN, để qua đêm vẫn tuột pin nữa, cảm giác hơi khó quen bộ pin này .",negative,pin
Xài gần 1 năm rồi pin vẫn 100% nhe mấy ní. 17 sắp ra rồi nhưng 16 vẫn đẹp hơn. Múc liền 16 đi mấy ní ơi,positive,pin
Giá Z F6 cuối năm có giảm thêm k ad,neutral,giá
Mình có 2 đt samsung cũ muốn mua mới 2 chiếc đt này thì có đc giảm giá k ạ.,neutral,giá
Có máy ip ko ban,negative,khác
Có sẵn ip17 256gb màu xanh lá ở Hưng Yên ko ạ,neutral,khác
Cô trả góp k ạ,negative,khác
Mua điện thoại ms dùng dc 5 tháng sạc không vào gửi đi bảo hành thì từ chối bảo hành lý do bị cấn kêu muốn thay thì thay cả main pin hết 12tr150k . K hiểu kiểu làm ăn ntn. Bên này thì đổ bên kia không có trách nhiệm lần sau bán hàng thì bỏ cái bảo hành đi cho kh đỡ hiểu lầm. Bán chênh hơn bên khác vì sự uy tín tin tưởng mà làm ăn thật sự quá tệ,negative,pin
Rất thích và hài lòng.Nhân viên tư vấn nhiệt tình,positive,khác
Tôi xài OK cảm ơn TGDĐ,positive,khác
Chi nhánh Đại Từ - Thái Nguyên còn ko shop ?,negative,khác
"Dùng được hơn 1 tuần thì màn hình bắt đầu bị đơ, lag rất khó chịu",negative,màn_hình
Cách thức trả góp như thế nào vậy shop,neutral,khác
"Thiết kế đẹp. Nhỏ gọn, cầm nắm tốt. Galaxy AI hữu ích. Pin không đủ dùng một ngày.",positive,pin
E muốn mua trả góp mà trả trước bao nhiêu phần trăm vậy nhờ,neutral,khác
sản phẩm này ở tp.hải dương còn không ah?,positive,khác
Mình cân ho tro,neutral,khác
Trả góp bằng thẻ Visa MB có cần thủ tục gì không shop,neutral,khác
Máy để qua đêm tụt cỡ 5phần trăm pin vậy có ổn không shop,positive,pin
"Máy mới mua ít SD, mới 22 ngày còn 98%tổng dung lượng pin, đêm 10h để đến sáng tắt tất cả mà hết 10% pin gửi kiểm định máy thì TL pin bình thường mà hok giải thích j về vấn đề tình trạng tuột pin nản.ai mua nên cân nhắc ạ, lúc mua thì NV tư vấn máy tự tốt, ổn,OK.đến khi có sự cố thì bảo là iPhone dòng thường thì pin nó sẽ như vậy.vậy sao lúc TV hok nói vậy đi, bán xong là hết trách nhiệm",negative,pin
Ip 17 màu xanh lam khoi FPT nghi sơn thanh hoá 256g còn m a,positive,khác
Máy này ở cửa hàng xuyên mộc có k ạ,neutral,khác
Giảm giá đến ngày bao nhiêu ah,neutral,giá
Nv hỗ trợ tốt,positive,khác
Cái đt ở cái tắc tui cai nát rồi lúc đó bị lỗi pin lỗi chui sạc lỏg màn bị chấm đen tui bị lỗ vì tin,negative,pin
"Màu đen đẹp, mỏng nhẹ",positive,thiết_kế
Cũng tốt chưa thấy lỗi vặt,positive,khác
Pin không dùng tuột vẫn nhanh,negative,pin
"Vừa mua đt này ở FPTShop, sản phẩm ko còn nguyên seal, vì tin tưởng ko kiểm tra kỹ nên về nhìn thấy 1 vết xước ở màn hình, hơi buồn😭",negative,màn_hình
shop tại quán toan hải phòng còn máy ko shop ?,neutral,khác
Đây là lựa chọn tốt nếu bạn cần một chiếc máy mạnh trong tầm giá trung — không cao cấp như dòng Find nhưng dùng rất thực tế.,positive,giá
S23 plus đổi bù bao nhiêu vậy?,neutral,khác
Where can I buy an orange iPhone 17 Pro 256GB right now in Da Nang?,negative,khác
"Rất rất nên mua nha mọi người, pin cầm khá lâu, mượt, chơi LQ bao phê trong tầm giá.Theo cảm nhận cá nhân, vậy là quá Ok",positive,pin
"Màu titan sa mạc ngoài đời nhìn khá đẹp, điện thoại dùng mượt, hiệu năng ok.",positive,thiết_kế
Sản phẩm iPhone 14 128G của shop là hàng mới hay hàng lướt ạ,neutral,khác
NHÂN VIÊN NHIỆT TÌNH,neutral,khác
Có ở gần Thanh Hóa k,neutral,khác
16 mòng két hiện giờ nhiêu ạ,neutral,khác
Mình lấy 1 con ram 6g và 1 con ram 8g nhưng đều bị tình trạng khi có cuộc gọi zalo đến thì máy tự động tắt cuộc gọi và không hiện thị. Phải chờ đến khi zalo thông báo cuộc gọi nhỡ khi đó mới gọi lại được.,neutral,hiệu_năng
GIAO HÀNG MẤT PHÍ KHÔNG,negative,khác
"Chụp hình ban đêm thử với 50MP + OIS, ảnh bắt sáng tốt, giảm noise ổn",positive,khác
"Xài rất tệ, máy ko đc mượt cấu hình rất chậm, nói chung rất là tệ",positive,khác
máy này có hỗ trợ nfc không vậy shop,neutral,khác
Cho em hỏi em mua từ tháng 5/2025 sạc 56 lần còn 98% pin. Vậy có vấn đề gì kh ạ,neutral,pin
Mấy màu admin?,positive,khác
Không hài lòng với thái độ của nhân viên,negative,khác
Mình chủ yếu mua để chơi liên quân thì con 14 này có ổn áp ko shop,neutral,khác
"cụm camera nâng cấp của A56. Camera nét và chống rung tốt sẽ giúp tôi quay video TikTok,làm conent khá tốt.",positive,camera
"ở khu vực biên hòa , đồng nai có hàng không ạ",neutral,khác
Mình mới mua 4 tuần rất OK nha pin Trâu máy hong nóng nha quá OK luôn,positive,pin
"Cải tiến về khả năng gập mở, giảm thiểu tình trạng nếp gấp trên màn hình.",negative,màn_hình
Bắt sóng quá tệ . Thua Oppo . Thua iPhone 11 với 14,negative,khác
Trả góp dễ không ạ?,negative,khác
Máy hay bị sập nguồn liên tục. Giờ tôi phải làm sao. Có đổi máy liền cho tôi được ko,negative,khác
Hỗ trợ đổi máy cũ nên máy mới này còn đc mua trả góp k shop,negative,khác
đã gủi bảo hành mà chưa biết kết quả năm naymay lỗi nhiều quá,negative,khác
"Mua ở FPT Shop cảm giác yên tâm, có sẵn trung tâm bảo hành gần nhà, nhân viên nói nếu máy có lỗi, thì mang ra cửa hàng gần nhất sẽ được hỗ trợ tiếp nhận nhanh, không cần đi xa.",neutral,hiệu_năng
Tốt nv nhiệt tình dù cao hơn với những bên khác nhưng chất lượng phục vụ ok,positive,khác
Máy xài chán. Đánh chữ nhảy chậm như rùa,negative,khác
Có hỗ trợ đổi redmi note 7 k nhỉ,neutral,khác
Khu vực Đơn Dương có k ạ,neutral,khác
"Camera chụp ảnh selfie đúng chất OPPO, da dẻ mịn màng tự nhiên mà không cần chỉnh sửa nhiều. Dung lượng 128GB thoải mái cho mình lưu trữ hình ảnh và video. Dịch vụ giao hàng của shop nhanh chóng, đóng gói cẩn thận giúp mình rất hài lòng.",positive,màn_hình
"Cho e hỏi Oppo A12 4GB 64GB bị lỗi nút nguồn vs âm thanh còn lại thì bình thường. Thì bên mình có thu máy ko ạ, do e vào đăg kí đổi máy mà ko thấy hiện tên máy.",neutral,loa_âm_thanh
Có hàng 17 pro màu trắng ở hội an ko ad,positive,khác
Máy này mình sạc pin dự phòng vừa sạc vừa chơi máy có bị chai pin không,negative,pin
"Mình đặt hàng tầm 1 tiếng sau đã có nhân viên gọi xác nhận xử lí đi đơn luôn cho mình. Cảm giác tác phong rất chuyên nghiệp và xử lí đơn hàng khá là nhanh chóng, không phải chờ đợi lâu.",positive,hiệu_năng
iPhone 12 promax 128gb 75% thì đổi qua iPhone 17 bao nhiu ạ,negative,khác
"Thiết kế kim loại cao cấp, cầm trên tay rất chắc chắn và sang trọng. Phù hợp để mang đi gặp gỡ đối tác, nâng tầm phong cách chuyên nghiệp, nhìn rất đẳng cấp.",positive,thiết_kế
Khu vực yên khánh ninh bình con bao nhieu s24fe,neutral,khác
Máy đẹp pin trâu,positive,pin
Điện thoại mình lột tem imei sau lưng điện thoại được k ạ Có ảnh hưởng đến bảo hành hay gì không,negative,khác
"Bắt bluetooth rất kém, nhiều lúc không ghép đôi được thiết bị cần ghép đôi, còn lại tất cả đều ổn",neutral,khác
Mua từ 9/3/2025 đến nay 19/2 kh sạc qua đêm kh chơi game lần sạc 353 xuống còn 85% chán thật sự,negative,khác
ở châu đốc còn poco m7 pro 5G ko,negative,khác
"Máy có tốc độ sạc nhanh ấn tượng, chỉ cần cắm sạc một lát là đủ dùng cho cả buổi. Màn hình hiển thị sắc nét, màu sắc rực rỡ xem phim rất đã mắt. Bạn nhân viên tư vấn tại cửa hàng hỗ trợ mình dán màn hình và cài đặt máy rất nhiệt tình.",positive,màn_hình
Tôi đang dùng Samsung A9 2018 vậy liệu có được thu cũ đổi mới kèm mua trả góp 4 tháng qua cty tài chính được không,neutral,khác
Ở Bình Đại có không,neutral,khác
Cho e hỏi e mới mua Samsung A06 5g giờ e muốn đổi qua Oppo đc ko ạ,neutral,khác
Iphone 17 pro max bao nhiêu ạ,neutral,khác
"Cho hỏi máy hiện còn hàng ở KV gần UB phường Trản g Dài, Đồng Nai không và giá hiện tại là giá mua online hay trực tiếp tại CH",neutral,giá
15 prm phiên bản 512 thu bao nhiêu vậy bạn,neutral,khác
Ip13 promax 128gb nâng cấp lên ip17 promax 256gb bù thêm bao nhiêu shop,neutral,khác
Can Tho còn Iphone 13 128gb không,negative,khác
Mình đang xài IPhone 13 128gb vn cần lên đời IPhone 17 thì giá thu lại bao nhiêu vậy ad?,neutral,giá
"Sau 2 tháng sử dụng pin còn 99%, hơi thất vọng mặc dù để chế độ sạc tối ưu hoá.",negative,pin
Có bản bộ nhớ 1T không,neutral,khác
"Đối với mình thì không chê vào đâu được, cam ổn, game ổn, màn hình đẹp, pin thì bt, mua mới đã là iOS 17 rồi nhé. Nhân viên tư vấn nhiệt tình, mua tại Phú Thọ, Cẩm Khê, TT Sông Thao.",neutral,pin
"mình còn đang phân vân giữa ip 13 với ss A56 màu hồng , mình muốn ra shop xem thử ấy ạ, có shop nào khu vực thủ đức hoặc quận 9 còn 2 sp này ko ạ",neutral,khác
"Chạy quá chậm, vào một ứng dụng cơ bản mà 3 giây sau nó mới vào được, pin 6000 mà nhanh tuột nhanh hơn pin 5000 của các dòng điện thoại khác",negative,pin
Mình ở Việt Trì Phú Thọ,positive,khác
"mua 8/7/2025.. sau khi xóa các app ko cần thiết.. chạy rất mượt.. màn hình sáng đẹp.. pin lâu.. mở khóa khuôn mặt, vân tay đều ổn... camera chụp hơi xấu.. máy giá rẻ như thế là ổn..nghe gọi, wifi, 4g ổn đinj",negative,pin
Máy dùng rất tốt có 5G mượt wifi mượt thông báo load vù vù.,positive,loa_âm_thanh
iPhone 16 Plus có hỗ trợ 5G không? HCM còn máu hồng không ạ,neutral,khác
Tháng 3/2026 ip 15 màu Hồng có còn mở bán k ạ e muốn mua tặng mẹ em,neutral,khác
"Đã trải nghiệm đc mấy tuần, cũng không quá suất sắc như báo chí hay mấy ông review ca tụng, tầm giá này thì con nào cũng ngon tương đương nhau",neutral,giá
Mới mua 2 ngày .Mạng hay bị giật lag,negative,hiệu_năng
"Anh ơi, đổi máy iPhone 16 Pro Max 256GB sang S25 Ultra có cần bù thêm tiền không anh, máy iPhone vẫn còn nguyên seal nhé anh",negative,giá
Hổm mua 13.2 nay lên 15.7 vãi chưởng,positive,khác
"Anh chị quản lý chu đáo, anh Vỹ chi nhánh tgdđ Hai Bà Trưng tư vấn nhiệt tình dễ thương, sẽ ủng hộ tiếp cho những lần tới, em cảm ơn anh chị rất nhiều.",neutral,khác
Iphone 17 256gb còn hàng ở các chi nhánh HCM k ạ?. Nếu không con thì đặt hàng mất bao lâu ạ?,negative,khác
tuyệt mn nên trải ngh,positive,khác
Samsung Galaxy A26 có được trả góp 12 tháng với thẻ tín dụng Vietcombank không ạ,neutral,khác
Con này quét được NFC không shop,neutral,khác
Tiếc quá mk mua đc 2 hôm k được tặng loa hôm nay đc tặng loa quá buồn. Máy dùng mượt nhưng hơi nóng,negative,loa_âm_thanh
Gọi thường không được dù vẫn báo sóng 4G căng,negative,khác
"máy bị đơ cảm ứng,",negative,màn_hình_cảm_ứng
MÌNH Ở BTHUAN MUỐN MUA IP13 THƯỜNG MÀU HỒNG 256G CÒN HÀNG KO SHOP VÀ CÓ HỖ TRỢ GIAO TỚI NHÀ KHÔNG (mình ở đường Đặng Văn Lãnh),neutral,khác
"Chọn bản RAM 12GB để là để đa nhiệm tốt. Thực tế mở 1 app game và 2 app bình thường khác, khi chuyển qua lại giữa các app thì app game tải lại, giống như mấy máy RAM 4GB, còn chẳng thể so với máy RAM 8GB. Hết sức mỉa mai con số 12GB RAM",neutral,hiệu_năng
Ok ngon lành cành đào,positive,khác
mình có 16 pro 128gb muốn lên đời 17 pro bù bao nhiêu shop? có sẵn hàng ở HN không?,neutral,khác
OPPO Reno13 F 8GB 256GB đẹp chấm điểm 👍,positive,thiết_kế
"CHÍ CÔNG ĐẤT RẺ đã mua tại siêu thị cổ cò nhân viên rất nhiệt tình tên Hằng quản lý.Iclod cũ có vấn đề nhân viên tạo mới nhanh cho khách hàng luôn.Màn hình 6,1 nhỏ gọn rất tiện sử dụng cho ai nhu cầu đơn giản thôi.Hãng này bền bỉ nhiều khuyến mãi.Rất cảm ơn siêu thị cổ cò.",positive,màn_hình
"Dùng dc 1 tuần, rất ok, hi vọng ko lỗi gì, pin trâu xài bt 3 ngày mới hết",positive,pin
"Giao diện ColorOS trực quan, dễ làm quen và có nhiều tính năng tùy biến thông minh hỗ trợ tốt cho công việc. Khả năng bắt sóng và kết nối Wifi của máy rất khỏe, ít khi gặp tình trạng chập chờn hay mất mạng.",positive,khác
Khi nào có colors 16 trên dòng máy này,neutral,khác
shop ơi mới mua cái poco x7 mà nhớ nhanh tụt pin và nhảy pin nhanh quá,negative,pin
"Máy dùng tốt, nhân viên niềm nở nhiệt tình. Trải nghiệm mua hàng tuyệt vời.",positive,khác
Pin dùng ok nhưng để qua đêm tắt hết mạng wifi .. mà vẫn tụt 10%,positive,pin
Tốt Nhưng mà để qua đêm tuột 6%,positive,khác
"thông báo như mes, tin nhắn, zalo, ngân hàng... không thông báo phải vào app mới thông báo, đang dùng app khác thì không nghe điện thoại được không biết là tính năng hay lỗi, bên hãng có bảo hành lỗi này được không ạ",neutral,khác
Nếu là sinh viên thì được giảm bao nhiêu,neutral,khác
Cho hỏi mình đang sài s23 ultra có ép kính lại giờ muốn đổi lên s25 ultra thì bù thêm bao nhiêu ạ,neutral,khác
Mn Đừng mua iphone TGDD toàn máy bị lỗiTôi mua iphone 16prmx bị lỗi bảo hành 2 lần chưa thấy trả đây.,negative,khác
Nếu mà đến shop mua có dc giảm 800k ko vậy,neutral,khác
K nên mua hàng ở thế gioi di dông bán thì mắc bh thì tệ chỉ bt xl là giỏi toàn bộ chỉ khách hàng chịu thiệt.nói chung k nên ghé thế gioi di dộng mua dt,negative,giá
em cần mua gấp do cần thay máy thì khi nào mua dc ạ,neutral,khác
"Ok, tuyệt vời, pin trâu",positive,pin
"Mình may mắn trúng ip17prmax 256gd màu cam từ tiệc tất niên công ty. Máy được mua từ fpt shop và còn nguyên seal, mình muốn đổi màu bạc thì hệ thống fpt có hỗ trợ được không?",neutral,khác
Hệ điều hành của Reno12 F là gì?,positive,hệ_điều_hành
Loa quá tệ,negative,loa_âm_thanh
"Máy ổn định, pin trâu, màn hình đẹp.",positive,pin
Máy rất mượt,positive,khác
"Sản phẩm thì okay, nhưng thái độ phục vụ quá tệ. Mình mua máy mới mà cái họp bị đốm trắng quá trời trên hình của iphone. Mình nói họp vậy mình không lấy thì nhân viên khó chịu. Làm việc thì lề mề chậm chạp. Không quay lại mua ở TGDĐ nữa.",negative,khác
sinh viên được giảm giá ko ạ,neutral,giá
S24 FE thu cũ được bao nhiêu,neutral,khác
"Thời lượng pin sử dụng rất tốt, có thể dùng thoải mái cả ngày. Máy mát, không bị nóng dù sử dụng lâu. Quá hài lòng",positive,pin
"Máy không seal , không củ sạc , không tai nghe . Hộp cũng không còn nilon bảo vệ . Biết vậy không mua , không khác gì xài hàng cũ. Lần đầu thử trải nghiệm mua online tại TGDD và cảm giác rất thất vọng",negative,giá
giá ngoài store bnh shop,negative,giá
GIÁ BAO GỒM PHÍ VAT CHƯA,neutral,giá
Mình muốn mua trả góp có cần trả trước hay điều kiện gì không shop chờ red magic 11 pro chắc tới mùa quýt😂 nên chọn xài iPhone thử,neutral,khác
Pin dùng ok nhưng để qua đêm tắt hết mạng wifi .. mà vẫn tụt 10%,positive,pin
"Ở núi sập có khôg v shop,oppo a3x lên máy pocoM7pro5g bù thêm bao nhiêu v ạ",neutral,khác
Mọi thứ điều tốt Ngoài trừ % pin 260 lần sạc dung lượng Pin còn lại 92,negative,pin
Đơ màn và tự khởi động lại mặc dù đã định dạng và lên ios mới nhất vẫn bị..Gửi đi thẩm định 11 ngày rồi.. còn 4 ngày nữa xem kết luận thế nào,negative,màn_hình
Là mình mua sim có đc giảm thêm ko ạ,neutral,khác
Mua cũng đc 2 tháng xài ok màn hình to nét tần số quét 144hz mượt mà. Pin siêu trâu xài 3 ngày mới sạc. Sạc rất nhanh nữa chứ,positive,pin
"Mới mua chưa được 1 tuần cụm camera sau có 1 mắt dô 2 hạt bụi,không ưng cho lắm có đổi trả được không",neutral,camera
"Cho minh hỏi iphone 16 chụp ảnh,,những hình ảnh mới chụp nó không xuất hiện trên ma nó đẳy xuống dưới cùng vậy",negative,camera
Có sẵn iPhone 17 pro 256G màu xanh đậm tại cửa hàng ở BMT ko shop?,positive,khác
"Máy mua về sài vui thôi giờ chơi game không thực sự ngon, máy nóng lên cảm ứng không chuẩn dễ ấn hụt, sạc nóng máy",negative,màn_hình_cảm_ứng
Rất ok ạ dùng cho ng già ng lớn tuổi giá cã hộp lí nhá,positive,giá
"Máy mua từ lúc mới ra, rất mượt. Không có điểm gì để chê.",positive,khác
máy lỗi rành rành ra nói bảo hành 1 đổi 1 xong vòng vo tam quốc bịp bợm,negative,khác
"Sài sướng thật,năm ngoái xài Xiaomi 14t pro .năm nay lên đời vẫn sướng.",positive,khác
Tôi đã mua máy tại thế giới di động. Máy rất mượt và pin rất tốt tôi rất ưng ý. Đặc biệt là cam chụp rất đẹp. Dù là máy cũ nhưng mà chất lượng thì cũng là tốt. Tuy loa còn hạn chế một chút nhưng tôi lại dùng điện thoại khác để nghe nhạc,positive,pin
Mún góp iphone 17 phải trả trước bao nhiu ạ,neutral,khác
"Số tốt pin trâu, mượt,",positive,pin
Ip mua hòi 16/5 sau khi mua về pin trâu lắm mà xài được vài ngày pin tuột kinh khủng không biết sau nữa,negative,pin
Cảm ứng thì đơ. Kêu lỗi 1 đổi 1 trong 1 tháng.giờ lỗi kêu đi bảo hành. Bắt đổi thì kêu chưa có máy đổi.,negative,màn_hình_cảm_ứng
máy sử dụng ok. 1 ngày ngốn xấp xỉ 20% pin. hơn 4 ngày sạc 1 lần.,positive,pin
Cho xin giá ip 16 plus 256 G?,neutral,giá
Sp quá ok của nhà samsumg,positive,khác
Máy tụt pin nhanh kinh khủng. Ngày sạc 2 lần. Đêm k dùng để tới sáng tụt 100% còn 8 mấy %,negative,pin
"Camera nét giúp tôi chụp ảnh sản phẩm rõ ràng, đăng bài bán hàng nhanh chóng. Sạc nhanh là cứu cánh lớn cho những lúc tôi cần xử lý đơn hàng gấp.",positive,camera
Máy mình mua từ 1/10 cũng mấy lần bị tự khởi động lại k biết hãng bảo hành sao,negative,khác
"Vừa ra shop chỗ Định Công test thử con S26 xong, công nhận mỏng dính luôn. Cầm nhẹ tênh mà sang thực sự, quả màu mới nhìn ngoài đời cuốn hơn trên ảnh nhiều. Đã cọc chờ ngày nhận máy thôi.",positive,khác
"Máy Samsung Galaxy A36 5G 8GB 128GB, với giá trên đã có sạc và tai nghe chưa shop?",negative,giá
"Sạc nhanh 33W là điểm cộng lớn, giúp mình tiết kiệm được nhiều thời gian chờ đợi mỗi khi cần sử dụng máy gấp. Pin 5000mAh cực kỳ bền bỉ, đáp ứng tốt nhu cầu sử dụng liên tục cả ngày dài của mình.",positive,pin
iphone12prm pin 85% bên mình thu dc bnhieu ạ,neutral,pin
sản phẩm này có hỗ trợ vân tay không sh? khác gì so với phiên bản a15?,neutral,bảo_mật
"Thiết kế đẹp. Nhỏ gọn, cầm nắm tốt. Galaxy AI hữu ích. Pin không đủ dùng một ngày.",positive,pin
Ở mỹ tho có shop nào còn máy này hog,neutral,khác
"Ad cho e hỏi đt ko có camera ở màn hình khoá ạ, hay do đt e bị lỗi vậy ạ",negative,màn_hình
Mới lấy máy buổi tối. Sáng hôm sau đi làm quay video thì 8s là đứng màn hình thậm chí khởi động lại . Màn hình thì chậm lúc ăn cảm ứng lúc không,negative,màn_hình
"mình thích con này được cái màn hình to 6.9 inch.nghe nhạc, xem video tuyệt vời luôn. có hỗ trợ sạc không dây...",positive,màn_hình
iphone 17 màu xanh lá xô ở Phan thiết còn ko ạ,negative,khác
Galaxy S24 FE có khả năng kháng nước và bụi không? Tiêu chuẩn cụ thể là gì?,negative,khác
"May mình mua giá 13,99 triệu, hôm sau xem lên 15,99 triệu",neutral,giá
"Dùng được vài hôm bị dính lỗi này . Mang ra thì bảo phải gởi đi hãng chạy thẩm định lỗi mới được đổi mới . Lúc mua thì nói lỗi 1 đổi 1 , hư gì đổi nấy",negative,khác
máy này ở kiên lương có hàng không sop?,neutral,khác
Quay video xong Vào xem lại máy rất chậm phông chữ cũng rất nhòe tầm tiền vậy mua con sam sung dòng A thì ok rất tiếc lần này lại mua oppo,positive,giá
"Hiệu năng máy tốt, đáp ứng mượt mà các nhu cầu cơ bản và đa nhiệm.",positive,khác
Galaxy A26 bán nguyên hộp có tai nghe và cục sạc ko shop?,negative,khác
Nhận hàng có thể quẹt thẻ tại nhà không shop,neutral,khác
"Tốt, chụp ảnh đẹp",positive,camera
"Mới mua ngày hôm qua 3/10/2025 giới thiệu bin 7000 mà tui xài thấy có trâu bò gì đâu nghe truyện offline mà còn mau gì đâu, TGGD có cho mình đổi cái khác được không chứ mình không hài lòng với cái này với lại shop ko có khuyến mãi gì hết",negative,khác
Mua được 1 tháng thì pin đã tuột 1%,negative,pin
A muốn lên đời 17promax 512gb. Từ 15promax 256 màu xanh titan pin 91 % muốn đổi bù thêm nhiêu tiền shop,neutral,pin
"Sau 1 tháng dùng, pin tốt, hiệu năng kém, camara trung bình không đủ dùng, ae chơi game thì ối dồi ơi đừng mua lác + giật + đơ, 10tr không xứng đáng",negative,pin
Mới mua 16 pro max lúc đập hộp không để ý kĩ về thấy có Vài chần li ti mà không đổi được máy giá trị cao mà đen thật,negative,giá
"Máy dùng mượt, mát sau khi lên one ui 8. Pin 3900 nhưng đủ dùng cả ngày với những tác vụ thông thường và mạng xã hội.",positive,pin
sinh viên thì có được giảm giá ko ạ?,neutral,giá
"Đi du lịch Đà Lạt mình test zoom 5x chụp cảnh xa, ảnh chi tiết thật sự, màu sắc không bị bệt. Mấy bạn đi cùng còn tưởng mình xài máy ảnh xịn.",positive,màn_hình
Máy bị lỗi. Đi ra tgdd đem trung tâm apple thẩm định đã được đổi máy mới oke. Nhưng có điều chờ hơi lâu. Máy xài mượt ngon lành. Không có gì để chê.,negative,khác
"Máy nóng, mau tuột pin Hơi tiếc khi bỏ ra gần 32củ mua",negative,pin
"Mình có mua ip15 ở TGDD, về dùng thị bị lỗi bàn phím bấm rất chậm và không được mượt thì có được đổi trả hay hỗ trợ fix phần mềm ko ạ. Hiện hệ điều hành đang ios17.4.1, mình mua vào ngày 25/4/2024.",negative,hệ_điều_hành
Sp tốt camera chụp đẹp chơi game mượt nhưng chưa nhận dc loa,positive,camera
máy đập hộp ạ?,positive,khác
Đổi 16prm 256g sang 17prm 256g thì thưem bao nhiêu ạ,neutral,khác
Lên đời 16prm cho nó nhanh đâu k thấy đơ hơn con 13prm đang xài. Đề nghị gửi máy vào hãng kiểm tra cũng k gửi. Đưa máy xuống nhân viên chạy hay làm j đó cũng k rõ. Bảo ok rồi. Vẫn đơ như thường. Mở máy ra nt cũng đơ. Làm cái j cũng đơ. Chán. Hối hận qtqd. Tức quá nên viết thôi chứ gọi cũng chả giải quyết đc j,negative,hiệu_năng
"Minh mới mua máy dùng rất tốt mà lúc đó quên xem là nó ko có hỗ trợ thẻ nhớ, mình mua bản Xiaomi Redmi Note 15 Pro 5G 8GB/256GB giờ muốn đổi lên 12Gb 512Gb được ko.",positive,khác
Mình đang sử dụng note 20 ultra 256G mà bị sọc màn hình thì có được trợ giá ko vậy,neutral,màn_hình
Iphone 14 prm 256gb màu tím thu cũ đổi mới trợ giá lên 17 prm thì bao tiền nữa shop,negative,giá
"Sản phẩm này có ở Tân Châu, An Giang không vậy",positive,khác
có NFC không ạ,neutral,khác
Bạc liêu có hàng không shop giá bao nhiêu ạ,neutral,giá
"Dùng dc 1 tuần, rất ok, hi vọng ko lỗi gì, pin trâu xài bt 3 ngày mới hết",positive,pin
Hàng sử dụng tốt,positive,khác
"Máy đẹp , chụp hình quay phim ổn , cầm pin cực kì , lướt mượt mà. Với giá này quá oke lun",positive,pin
Mình muốn trả trc 70% đc ko shop??,neutral,khác
Loa ngoài rung ốp rung cam thì có sao không ạ,neutral,loa_âm_thanh
Đg dùng 12 lên 15 khi mở ra thật tuyệt vời vì nó đẹp theo màu đen nhìn rất lịch sự sang trọng vò cầm rất đã tay màn hình rất đẹp tôi rất ưng,positive,màn_hình
minh muốn đổi từ iphone 11 thuong đổi lên ss 25untra thi sao,neutral,khác
Mới ngày chủ nhật bữa nữa là 4 ngày ở nhà còn 85% bây giờ còn 82% trong khi đó không có lưới gì hết,neutral,khác
"Nói chung là đáng tiền, chất lượng ổn từ hình thức đến hiệu năng. Ai đang băn khoăn thì cứ mạnh dạn sắm nhé.",positive,giá
"Mình mua ip 15 plus 128g fullbox tại tgdd mà về sử dụng đc gần 5 ngày thấy máy bắt mạng kém quá vậy, wifi, 4g căng đét mà gọi zalo, mess k liên lạc đc, thỉnh thoảng nhăn tin cg k nhận đc luôn, khi mở ứng dụng ra mới thấy 1 loạt cuộc gọi nhỡ và tin nhắn, thất vọng thật sự khi bỏ ra 1 số tiền lớn mà lại bị như vậy mong nv hỗ trợ sớm",negative,giá
Nhân viên tư vấn nhiệt tìnhGần qua 1 năm rồi giá iphone 16pm vẫn mức duy trìMáy mạnh tuyệt,positive,giá
"Mình mua được 1 tuần nhận xét như này pin dùng thoả mái từ tối hôm trc sạc đến 10h tối hôm sau dùng vẫn ok , chip a15 nói chung ổn nhanh vs các tác vụ cơ bản rất mượt ko bị chững như con xs max trc. Mua chip quan trọng hơn ram là hợp lí. Dung lượng 128g con này thấy ko báo ảo đựng dữ liệu cũng mấy nghìn cái video . Chỉ một điểm yếu của nó là máy ảnh nó ảo hơn xs max . Màn hình thì ko thấy bị mỏi mắt khi xem nhiều có thể do lần đầu mua máy ở tgdd còn trc mua xs max mua ngoài quán nó thay màn r . Nói chung thấy chất lượng so vs tầm giá",positive,pin
Nâng cấp phiên bản mới. Giờ cài hình nền nó cứ tự động nhảy màu là sao,neutral,khác
Khi nào có bản màu hồng ạ,neutral,khác
"Dùng được 2 ngày thì lỗi không nhận sạc, phải reset máy mới nhận sạc, vậy là do lỗi phần mềm đúng k nhỉ",negative,khác
"Mượt chụp ảnh đẹp, mỗi tội pin ko lâu như mong đợi. Xài từ sáng đến chiều là đã hết sạch pin",positive,pin
"Ưu điểm Thiết kế đẹp, pin trâu, camera sau ổn, chơi liên quân ổn đinh 60fps đồ họa trung bình. Nhược điểm Dùng các tác vụ fb,tiktok,ytb... hơi khựng, không được mượt cho lắm. Camera trước khá tệ.Tóm lại ai cần đt bền, pin trâu, dùng các tác vụ thông thường. Thì em nó là 1 gợi ý khá toàn diện.",positive,pin
"máy mua chưa được 1 ngày loa rè kêu phải gửi ra hãng check 710 ngày, dịch vụ quá tệ",negative,loa_âm_thanh
Máy này camera sau quay phim có đẹp không fpt,positive,camera
Xiaomi Redmi Note 14 Pro Plus 5G 8GB 256GB đã cập nhật lên được Androi 15 chưa Shop,positive,hệ_điều_hành
"Lần đầu xài Samsung mà thấy tuyệt vời quá, rất xịn, pin trâu và chụp đẹp. Fan Hà Còi",positive,pin
Dùng được 1 tháng rồi thấy OK,positive,khác
Mua sử dụng đến nay 6 tháng rồi. Mọi thứ quá ok miễn chê. Của bền tại người. Tránh để tụt pin dưới 10% và hạn chế sạc quá 90%. Giờ pin vẫn 100 OK. Mẹo để pin trâu Vào Trợ năng Chuyển động giảm chuyển động. Vào Màn hình và độ sáng bật Tắt chế độ Trong Suốt. Muốn OK nữa pin trâu như trâu rừng miễn chê thì vào Bảo mật tắt Dịch Vụ Định Vị đi là máy mát như sò lạnh. Chúc các bạn vui vẻ,positive,pin
"Sim sóng lúc có lúc ko quay vòng vòng,,hơi thấy vọng",negative,khác
Máy đẹp pin trâu,positive,pin
Bên mình còn 15 promax 512G không,negative,khác
cho em hỏi ip 14 thường 256g bao nhiêu vậy ạ,neutral,khác
Pin không đúng theo thông số 33 giờ dùng yotobe. Mang ra cùng thế giới di động tess chỉ được hơn 11 phút đã giảm 1% trong khi đó không để ý YouTube tắt lúc nào. Thế giới di động không cho đổi trong khi đó mua chưa được 2 ngày,negative,pin
Máy bao ngon không nóng máy pin trâu.... ai thích bần bần mua sài thì ok...,positive,pin
Mua 31tr mà lấy lãi tính trả góp 0% mà tư vấn ko nói rõ ra 32triệu,neutral,khác
Giá 6 triệu990 có giảm giá học sinh xuống 6 triệu710 vậy giá này là mua online hay là cả online cả mua tại cửa hàng luôn vậy ạ,neutral,giá
con này và note 14 con nào ngon hơn ạ,positive,khác
Không game thì mọi thứ ok trong tầm giá,positive,giá
"Bao h shop giảm 1,5 tr tiếp v ạ",neutral,khác
Mức giá hợp lý so với những tính năng và hiệu năng mà sản phẩm mang lại.,positive,giá
Cho e hỏi 14 prm bây giờ giá như nào e ở thuận giao bình dương cũ ạ,neutral,giá
Tôi đang dùng máy này. Đã mua hai chiếc máy này rồi. Máy này thỉnh thoảng đang dùng thì màn hình tự tăng độ sáng lên cao trong khi tôi không để chế độ sáng tự động. Chỉnh lại độ sáng trên thanh thông báo thì lại trở lại bình thường. Không biết về lâu về dài có gây lỗi màn rồi phải thay màn hình không,negative,màn_hình
"Máy thì ok nhma có ai giống không không sạc nhiều, k sạc qua đêm, không vừa chơi vừa sạc mà mới 1 tháng 3% pin rồi",negative,pin
"RAM 12GB quá dư dả, mở vô vàn app nặng cùng lúc không hề lag. Bộ nhớ 256GB thoải mái, không cần phải xóa game hay dọn bộ nhớ liên tục.",neutral,hiệu_năng
ở bắc từ liêm hà nội còn không ạ,neutral,khác
cho c hỏi 17 Promax màu cam 256 Gb co ở cửa hàng FPT thành phố bắc ninh chưa em,neutral,khác
Mình đã cập nhập lên 26.3,positive,khác
Shop có thu mua ss s21 fe không ạ?,neutral,khác
"Samsung tối ưu gập tốt hơn, gần như không thấy nếp gấp rõ như các đời đầu nữa, cảm giác vuốt chạm liền mạch hơn rất nhiều.",positive,giá
"Tầm giá thế này dùng ổn, màn hình khá sáng, hiển thị hình ảnh đẹp, nét, mượt. Pin dùng vừa phải thì được 2 ngày, dùng nhiều tất nhiên là hết pin nhanh. Lướt mạng cũng nhanh, ổn. Mọi thứ đều tốt trừ camera, chụp ảnh tuy màu sắc tươi sáng nhưng phóng to hơi vỡ hạt nên không nét lắm. Redmi 13C mua đợt tháng 6/2024 chụp ảnh còn sắc nét hơn.",positive,pin
Giờ e muốn mua iPhone 16 plus 256gb e trả trước 30 phần trăm trả 9 tháng thì mỗi tháng e trả bao nhiêu ạ,neutral,khác
nó bị chóc nhâm nhâm,negative,khác
Mất sóng liên tục,negative,khác
"Mình mới mua hôm 23/2, màu Vàng sa mạc tại chi nhánh Phước Long, Bạc Liêu.Nhân viên vô cùng nhiệt tình và dễ thương.Cảm nhận khi nhận máy là màu đẹp, màn hình lớn và nặng tay nha.Sau khi sử dụng vài ngày thì mình thấy mọi thứ vẫn khá ổn. Pin khá ok lướt youtube, liên quân, tiktok, facebook cả ngày sạc 1 lần nhưng gọi video thì hao pin hơn samsung rất nhiều nha.Tổng quan lại thì mình vẫn thấy ổn đến thời điểm hiện tại. Vẫn rất đáng mua.",positive,pin
"Mình mới mua hôm 23/2, màu Vàng sa mạc tại chi nhánh Phước Long, Bạc Liêu.Nhân viên vô cùng nhiệt tình và dễ thương.Cảm nhận khi nhận máy là màu đẹp, màn hình lớn và nặng tay nha.Sau khi sử dụng vài ngày thì mình thấy mọi thứ vẫn khá ổn. Pin khá ok lướt youtube, liên quân, tiktok, facebook cả ngày sạc 1 lần nhưng gọi video thì hao pin hơn samsung rất nhiều nha.Tổng quan lại thì mình vẫn thấy ổn đến thời điểm hiện tại. Vẫn rất đáng mua.",positive,pin
Giá 10tr mà al làm cho có Pin tuộc lẹ chơi game thì máy nóng Wifi thì tự mất tự kết nối quá chán,negative,pin
Nói là lỗi 1 đổi 1 trong 1 tháng đến lúc gửi đi bảo hành thì bảo ko lỗi chạy lại mỗi phần mềm và chạy lại ko cho đổi máy khác trong khi đó các chỗ khác vẫn cho đổi,negative,khác
"Lần đầu xài Samsung mà thấy tuyệt vời quá, rất xịn, pin trâu và chụp đẹp. Fan Hà Còi",positive,pin
Cảm thấy cảm ứng ko nhạy cho lắm chơi game lq nhìu lúc bấm ko dc,negative,màn_hình_cảm_ứng
Máy này Sài ok ko ạ lượt web mượt và dùng lượng pin cao ko,positive,pin
Poco M7 pro 5G tại vị thanh-Hậu giang còn hàng không ạ,neutral,khác
Sạc nhanh nhưng cũng mau hết pin. Máy êm xài mượt,negative,pin
"Đã sài hơn 3 tháng ,sài rất OK ,chụp ảnh nét ,sáng",positive,camera
"Mới múc tức thì sáng nay, chất lượng buld của Xiaomi giờ ngon thật",positive,khác
Cho em xem gói báo hàng bên mình được không ạ ?,neutral,khác
bên mình còn hàng bên chi nhánh hòa khánh tôn đức thắng k ạ,neutral,khác
Cho e hỏi cách sạc điện thoại này lần đầu ạ,neutral,khác
Mình mua sản phẩm này ở thegioididong thái bình trước Tết. Sử dụng OK lắm với tầm tiền bỏ ra,positive,giá
Máy này trên quảng Phú CưM’gar còn máy k ạ,negative,khác
"Chụp hình đẹp lắm ạ, vừa túi tiên",positive,thiết_kế
kiến đức.lâm đồng có sẵn hàng ko shop,neutral,khác
"Đã xài hơn 2 tháng nay ,lúc đầu mới mua chơi liên quân bị khựng nhiều nhưng vài tháng sau có vẻ đã tối ưu nên thấy k còn khựng nữa chơi khá mượt ,pin vẫn rất tốt tui đã cài sạc đầy 95% sử dụng mọi tác vụ và chơi game hơn 1 ngày, 2 tháng nay chưa gặp lỗi gì lướt fb tiktok vẫn rất mượt ,camera chụp và quay theo tui 8đ ,loa 7đ ,có thể tui dễ chịu nên thấy mọi thứ đều rất ổn và khá hài lòng ,tui vẫn chưa update pb mới vì máy đang rất mượt nên k cần thiết phải update",positive,pin
Màn hình chỉnh chỉnh đi chỉnh lại rất tối.k đc HD kém so với thực tế mong đc tư vấn xem lại,negative,màn_hình
"mình mua ngày 17/10/2025 thật tuyệt vời không chê tí nào. máy gọn đúng ý mình. pin rất trâu,mát mượt. nghe nhạc âm thanh rất hay. ai tuổi như mình nên mua",positive,pin
Mọi thứ điều tốt Ngoài trừ % pin 260 lần sạc dung lượng Pin còn lại 92,negative,pin
12promax lên 17pro bnh vậy shop,neutral,khác
Chất lượng tốt,positive,khác
Mau hết pin quá.,negative,pin
IP 15plus giá sao,negative,giá
"Đã mua dùng được 1 tuần , nói chung cũng ưng",positive,khác
"Xin chào, tôi muốn hỏi cách để tắt quảng cáo và tự tải game trên điện thoại, đã lên Google tìm hiểu nhưng vẫn chưa được",neutral,khác
"ip 13 ở xã An Phú, an giang còn hàng không ạ",neutral,khác
"Điện thoại rất mượt nha, pin khá trâu, sạc nhanh. Camera với Ai thì khỏi bàn r. Thiết kế mình thích nhất. đẹp điên lên dc, với bản pro tưởng nhỏ lắm mà mình thấy cầm đầm , vừa tay nha. Ko chơi game nên kbt hiệu năng, nhưng antutu mình đo dc 2tr1 điểm thì mình nghĩ quá dư sức r. Nói chung là nên mua nha hehe",positive,pin
Máy mình mới sử dụng được 6 tháng mà pin đã tụt xuống 93%. Hơi thất vọng.,negative,pin
E vừa mua ip 14 thường. Cho e gói giá mua gói bảo hành lỗi thêm 1 năm là bao nhiêu ạ,neutral,giá
điện thoại này sạc với cục sạc nào là được ạ,negative,khác
Chụp đêm sáng,positive,camera
Mua được 3 tháng thấy ngon nhất trong tầm giá. OS mượt pin trâu chụp ảnh đẹp.,positive,pin
Loa ngoài có vấn đề.lúc to lúc nhỏ.tgdd có kiểm tra cho mình ko.nhất là âm chụp màn hình.lúc to nghe rất rát.,neutral,màn_hình
Trải nghiệm loa kép khi video call không lọc tạp âm rất tệ,negative,loa_âm_thanh
Máy này ở Huyện Cù Lao Dung Sóc Trăng còn không ạ,negative,khác
"Oppo find x9 pro mới mua về test camera thua x8pro đang xài. Cấu hình không trên lệch mấy, liệu có thể đổi lại x8 pro không, mới test chưa 5p đã thấy chán.",negative,camera
Sản phẩm được bảo hành như thể nào ?,negative,khác
Tgdd thu mua lại giá sao ạ,neutral,giá
Để hk Sài cũng hao pin,negative,pin
"Tôi mua redmi note 14 pro 5g được 2 tháng nhưng camera qr code của ứng dụng vcb baking bị méo hình ảnh, xin chỉ cách khắc phục",neutral,camera
Mình xin địa chỉ shop còn ip15 256 đen ạ,neutral,khác
Màn hình redmi note 14 mua ngày 8tháng2. Màn hình bị lem màu có còn bảo hành không shop,negative,màn_hình
sản phẩm quá đỉnh,positive,khác
"Nên cân nhắc...máy yếu lag chạy ko nổi.Đơ đơ, đc cái pin trâu sạc nhanhThua mấy cái cùng cấu hình của các hảng khác",negative,pin
"Hiệu năng máy tốt, đáp ứng mượt mà các nhu cầu cơ bản và đa nhiệm.",positive,khác
khi nào ra sp pocox8 thế ạ,neutral,khác
"Vừa muốn có đủ công nghệ mà vừa muốn giá thành dễ chịu mà thiết kế vừa tay thì em pro này đáp ứng được đủ cả, lại còn có màu cam vũ trụ hot trend, đặt trước tại shop vừa được giảm giá vừa được nhận máy sớm để trải nghiệm,quá tuyệt vời",positive,giá
MÁY A56 CHƠI GAME HAO PIN NÓNG PIN KO,negative,pin
mình còn hàng ở nhà bè ko ạ,neutral,khác
"Shop giao hàng nhanh quá, đóng gói cẩn thận nữa. Nhân viên tư vấn nhiệt tình, hướng dẫn sử dụng chi tiết luôn.",positive,hiệu_năng
Shop ơi thu lại con 13 thường hư màn pin còn 76% shop thu bnh v shop,negative,pin
"Máy mượt lắm nha mọi người,ok luôn",positive,khác
OPPO Reno13 F 8GB 256GB đẹp chấm điểm 👍,positive,thiết_kế
Iphone 11promax 64g đã thay màn 75% pin giá giờ bán đi giá bao nhiêu ạ,negative,pin
OPPO A3 có hỗ trợ sạc nhanh không?,positive,hiệu_năng
"Hiện đang bị lỗi nhắn tin bị đơ 3s mới nổi lên , cảm thấy không được hài lòng cho lắm máy chỉ mới xử dụng 2 ngày",negative,khác
Chương trình tặng túi lộc là như nào vậy shop,neutral,khác
Mới mua chưa đủ 1 tháng mở không lên màn hình phải gửi đi bảo hành.,negative,màn_hình
minh mua may nay truc tiep tai cua hang van la gia 3.490.000đ dung khong a?,negative,khác
"Cho hoi gop tc bao nhieu thang ,moi thang bao nhieu tien iphon 15",neutral,khác
Hà Giang có máy này ko ạ?,negative,khác
Pin không đúng theo thông số 33 giờ dùng yotobe. Mang ra cùng thế giới di động tess chỉ được hơn 11 phút đã giảm 1% trong khi đó không để ý YouTube tắt lúc nào. Thế giới di động không cho đổi trong khi đó mua chưa được 2 ngày,negative,pin
"Đã nhận được hàng, dùng mấy tuần rồi rất tuyệt. Màu sắc đẹp, lấp lánh bùm chíu long lanh",positive,màn_hình
"Em muốn trả góp làm sao ạ, em ở Bình Phước",positive,khác
máy xài vá ngoan xuất sắc pin trâu mỏng nhẹ,positive,pin
Shop cho hỏi khung viền máy là kim loại hay bằng nhựa,neutral,khác
"Thiết kế hiện đại, cầm rất chắc tay. Loa ngoài to, rõ ràng. Camera selfie chụp đẹp tự nhiên, không cần chỉnh sửa nhiều.",positive,camera
K sử dụng mà xuống pin nhanh quá mới mua tối hôm qua,negative,pin
"Ở Đồng Nai, Gia Kiệm gần nhà thờ Phúc Nhạc có Xiaomi Redmi Note 14 6GB 128GB k ạ",neutral,khác
"Thiết kế máy mỏng, mặt lưng PU giả da nhìn sang hơn hẳn so với máy nhựa bình thường, cảm giác cầm tay thấy cao cấp hơn.",negative,giá
"Mình có đt sam sung cũ có đổi giảm ko ạ, hay máy 2G mới đc ạ",neutral,khác
Samsung Galaxy S25 Ultra 12GB 256GB trả góp bao nhiêu 1 tháng ạ,neutral,khác
"Sản phẩm tìm kiếm nhiều: Macbook Neo | Samsung A37 | Samsung A57 | Samsung S25 | Samsung A56 © 2007 - 2024 Công Ty Cổ Phần Bán Lẻ Kỹ Thuật Số FPT • Địa chỉ: 261 - 263 Khánh Hội, P. Vĩnh Hội, TP. Hồ Chí Minh • GPĐKKD số 0311609355 do Sở KHĐT TP.HCM cấp ngày 08/03/2012.GP số 47/GP-TTĐT do sở TTTT TP HCM cấp ngày 02/07/2018Điện thoại: (028) 7302 3456 Email: fptshop@fpt.com Chịu trách nhiệm nội dung: Nguyễn Trịnh Nhật Linh.",neutral,khác
Mọi thứ đều ok cho đến khi.Mình bị ocd nặng nên rất cẩn thận trong việc sạch sẽ giữ đồ đạc.Đã cố gắng cẩn thận hết cỡ mà vẫn bị trầy. Mua cái máy 38tr lận mà cái lớp sơn trên máy thua cả hàng 2-3tr.,negative,khác
Đóng trả góp 17 pro max màu trắng 1TB trả trc bao nhiu shop,negative,khác
"Được trang bị một số tính năng Galaxy AI như Khoanh tròn tìm kiếm (Circle to Search) và Xóa vật thể (Object Eraser), tuy không đầy đủ như dòng S nhưng cũng rất là oke với dòng A rồi",positive,khác
Xin hỏi là máy mua được 1 tuần mà đổi hoặc trả thì mất bao nhieu hả shop,neutral,khác
Mình có 1 ip16 pro 128GB mua 2/3/2025 pin 92 máy đẹp không xước thì thu lại được bao nhiêu vậy ạ,neutral,pin
Máy mình mới mua hai tháng nhưng pin tụt còn 95% là sao ạ,neutral,pin
"Máy này ko cài được chuông riêng từng sim phải ko nhỉ, người khác gọi đến ko biết đang gọi vào sim nào thực sự khó chịu",negative,khác
Mh có thẻ vib có được áp dụng chương trình giảm 2tr ko b,neutral,khác
"Lỗi face book, đề nghị dmx liên hệ lại",negative,khác
"Dùng rất oke, mượt mà, pin dùng 2 ngày nếu chỉ lên mạng bình thường.",positive,pin
Ở phường bảo ninh thuận cũ còn ko v,negative,khác
Rất hài lòng về dịch vụ của nhân viên bán hàng và làm dịch vụ của FPT,positive,khác
OPPO A58 này có hỗ trợ cảm biến vân tay kh?,positive,bảo_mật
"Nhân viên rất Nhiệt tình, chăm sóc rót nước các kiểu 5 sao",positive,khác
SS Galaxy Z Fold 6 có thể chạy ứng dụng Android và iOS không?,neutral,hệ_điều_hành
Khung viền titan mau tróc sơn. Mới xài 12 ngày. Chưa gì mà trầy tè le. Tệ còn hơn tệ,negative,khác
thiết kế mặt trước nhìn giống táo 16 pro max quá. nhìn cái kết e honor liền. giao dien ok bắt mắt. hiệu năng tốt trog tam gia. tiec là ko có NFC. không hiểu iphone 8plus đã có NFC cách đây 7nam. honor ít kỷ với người dùng qua,negative,thiết_kế
Mới mua có mấy ngày là thấy bị lỗi rồi chán thật,negative,khác
E đang dùng sony xperia xa1 có được thu cũ đổi mới ko ạ,neutral,khác
bữa mua 13 triệu giờ con 14 cũng 13 triệu hài,neutral,khác
Nhân viên tư vấn nhiệt tình. Chế độ bảo hành tốt.,positive,khác
tư vấn giúp e với ạ,neutral,khác
Cam sau chụp gần không lấy nét được ảnh mờ,negative,khác
"Dùng hơn hai tháng máy ổn định,chụp ảnh ổn áp, pin cực trâu, cầm nhẹ tay, màu xinh",positive,pin
Máy không có kèm củ sạc mà phải mua riêng hay sao ạ?,negative,khác
"RAM 8GB đủ để tôi vừa chơi game, vừa mở nhiều app nặng như Zalo, Facebook cùng lúc mà không bị chậm hay phải tải lại ứng dụng.",neutral,hiệu_năng
"Pin dùng trâu hơn hẳn đời cũ, giúp tôi thoải mái làm việc và họp online cả ngày. Sạc nhanh giúp nạp đầy pin chỉ trong thời gian ngắn.",positive,pin
Iphone 16 prm có dải màu bao nhiêu bit z ad,neutral,khác
"Mình vừa gọi lên tổng đài của shop, nhân viên tư vấn nhiệt tình, nhưng nói hơi dài chút, đợt này trộm vía thanh toán qua tin nhắn gửi link nên cũng khá nhanh",neutral,hiệu_năng
Pin 6000 cảm giác sài như 5000 của SS. Mua chưa được 1 tuần mà có vẻ lag ngay cả zalo. Load trắng phông phải load lại. Không mượt ngay cả những ứng dụng cơ bản. Mở khoá màn hình nhấp đúp lúc dk lúc không. Nói chung là tệ so với tầm giá.,negative,pin
Máy có hổ trợ 5g k em,neutral,khác
học sinh 11 mua hàng có ưu đãi gì k ạ?,neutral,khác
"Mới mua trả góp ip15 128 gb Cảm nhận đầu tiên là có hơi nóng, cần tìm hiểu nguyên nhân, chắc tải áp quá nhiều, nên phải thường dọn rác , máy nhẹ hơn ip 13 nhiều Mong sẽ có cảm nhận mới Nhân viên phục vụ thì tuyệt vời tận tâm nhiệt tình Luân không giỏi về tìm hiểu, chỉ cảm nhận những tính năng của iPhone có giúp ích cho đăng tải video Phật Pháp Chục ảnh chất lượng tốt hơn",positive,khác
ở xã hiệp hòa tỉnh bắc ninh ( trước là huyện hiệp hòa tỉnh bắc giang ) có máy ko,neutral,khác
15pr pin 98% có chày xước nhẹ vài chỗ thu bn ạ Lên 17prm256,neutral,pin
SP này có hỗ trợ bảo mật vân tay không?,positive,bảo_mật
"Dùng tốt, không vấn đề gì.",positive,khác
E muốn đổi 12 pro max sang 17 pro max màu cam thì phải thêm bn tiền n,positive,giá
Sản phẩm này có hỗ trợ sạc nhanh không?,positive,hiệu_năng
"Sản phẩm tuyệt vời, từ thiết kế cho đến chất lượng. Pin trâu, sạc nhanh siêu tiện. Máy chạy rất êm, không có hiện tượng nóng máy.",positive,pin
còn máy ở móng cái quảng ninh không ạ?,negative,khác
Hỗ trợ 5G giúp kết nối nhanh chóng và ổn định hơn bao giờ hết.,positive,hiệu_năng
Mới mua nguyên sill mà thấy nhanh rớt pin quá,negative,pin
Nhân viên tư vấn nhiệt tìnhGần qua 1 năm rồi giá iphone 16pm vẫn mức duy trìMáy mạnh tuyệt,positive,giá
Chụp hình xấu kinh khủng thua xa ss a50s đời tống nữa,negative,thiết_kế
Rất ok ạ dùng cho ng già ng lớn tuổi giá cã hộp lí nhá,positive,giá
Pin tốt. Máy quá ok,positive,pin
Có hỗ trợ mua 0đ k ạ..,neutral,khác
"Máy khá tốt , cam sau chụp khá nét, có điều máy khi sạc pin chỉ tới 80% r ngừng, mk đang thắc mắc vấn đề này",positive,pin
Mình mua đúng đợt sale nên giá quá hời so với chất lượng. Tiếc là pin hơi mau hết nhưng mà sạc nhanh nên cũng ổn. Đáng tiền.,negative,pin
mua iphone 17 Pro Max màu trắng trả góp thì phải trả bao nhiêu tiền trước ạ,neutral,giá
I want to do a trade-in with my Samsung S23 Ultra. How much discount will I get,positive,khác
Trã góp k đưa trước 12 tháng có đc tặng loa k chiều nay ra lụm luôn,neutral,loa_âm_thanh
"Pin trâu, mượt, camera nét, ngoại hình cute. Rất okXứng với tầm giá",positive,pin
Mua được vài hôm dùng thấy được,positive,khác
Trả góp 15T Pro có được tặng loa không shop,neutral,loa_âm_thanh
Mục google khám phá thường xuyên bị mất.phải vào cài đặt set lại mới được.1 thời gian lại mất,negative,khác
con này chiến game pubg có bị lác giật không ạ em muốn tìm 1 con chơi game nặng,neutral,khác
"Năm nay xem review con này quá là ưng màu vì có màu hồng, nhỏ gọn đẽ mang theo. được cái đã có tích hợp sạc không dây, mua về làm máy phụ dùng cũng okela . đợi có máy là quất liền hihi",positive,khác
25 chu kì sạc tình trạng pin còn 99% pin quá tệ,negative,pin
Ở năm 2025 thì iPhone 14 vẫn đáp ứng đủ nhu cầu của mình sử dụng nhỏ gọn vẫn đủ mạnh để dùng những app nặng pin đủ tốt để dùng từ sáng đến chiều tối wifi 5G hỗn hợp Mua tại 414 Bình Long Tân Phú được chị Sương hỗ trợ rất nhiệt tình,positive,pin
có loại 8/128GB ko shop ?,neutral,khác
mình đang trả góp dt có mua trả góp cái nữa đc ko,negative,khác
"Máy chủ yếu là pin trâu và hệ điều hành còn về trải nghiệm trước là chip đi yếu rất nhiều nếu muốn trải nghiệm cùng tầm giá thì nên chọn Redmi note 14 hoặc 13 sẽ ngang và ko chênh quá nhiều , về camera thì đúng quá kém chỉ 13mp với số tiền này thì mấy hãng khác cũng 50mp nói chung dùng ổn định khoonh chụp quay video ko chơi game thì cũng này cũng được nói chung mấy tay oppo chỉ được mỗi dùng find còn lại toàn ảo giá",neutral,pin
Mới mua về loa bị ồm như bịt loa.sạc nóng đt nóng cục sạc.mang ra TGDD nhân viên nói bình thường.nếu vậy họ ta mang ra làm gì cho mất công mất việc.Thà mua điện thoại rẻ tiền cho đỡ tiếc.từ bỏ iPhone 16 ra tên sang nhưng rất tệ,negative,giá
máy có cổng hồng ngoại không shop?,negative,khác
Dùng tốt nhưng dễ vỡ kính mặt lưng,positive,khác
Cho em hỏi dây sạc điện thoại iphone 16 có bảo hành hong ạ,neutral,khác
Có giao hàng ko ad,neutral,khác
Máy oke . Nếu sài nghe gọi coi fb video thời gian ngắn thì pin sài hơn 1 ngày sạt 100% 7h sáng sài tới 19h còn 48%,negative,pin
Đuôi sạc dởm... mới mua về đã bị lỗi.. ngày sạc bình thường ngày sạc được mấy chục phần trăm pin là ko vào nữa... cũng chả hiểu kiểu gì luôn...,negative,pin
Mới mua bản 12ram 256g được 3 ngày..sài ít vẫn chưa hết pin..đt ko nóng màn hình mượt quá ok luôn,positive,pin
Pin tuột nhanh quá 1h tuột gần 30 % pin,negative,pin
ib mua hàng,neutral,khác
Mình có con redmi note 14pro 8ram+256gb Muốn đổi sang poco x7 các thêm bao nhiêu nữa ah,neutral,hiệu_năng
Giá quá cao,negative,giá
Cho em hỏi máy này chỉ xài đc 1 sim thôi hả,neutral,khác
"máy cũ hay máy mới vậy ạ, mình ở Hanoi",positive,khác
Dạ Ip14 thường màu tím bên cửa hàng Lê Văn Việt còn hàng k ạ,neutral,khác
OK. Mượt mà.,positive,khác
Mức giá hợp lý so với những tính năng và hiệu năng mà sản phẩm mang lại.,positive,giá
"Mượt chụp ảnh đẹp, mỗi tội pin ko lâu như mong đợi. Xài từ sáng đến chiều là đã hết sạch pin",positive,pin
"Hiện tại màu xanh lá, hoặc tím tại FPT phường Trảng Bàng, thị xã Trảng Bàng tỉnh Tây Ninh có hàng không?",neutral,khác
Ngon hơn s23. Đáng tiền,positive,giá
Mình đủ 18 tuổi chưa mua góp lần nào mua được máy không shop,neutral,khác
"Lỗi zalo quài luôn, chả biết bị gì,",negative,khác
"Mua được 10 ngày tự động tắt nguồn khởi động lại, biết thế de 15 prm xài",negative,khác
"Mua tại 739 Lê Trọng Tấn BHH. Bình Tân, rất ok. Nhân viên vui vẻ nhiệt tình. Bạn tên Phong. Nói chung trc h chưa chê TGDĐ điều gì.",positive,khác
đổi máy bàn phím loại nào ví dụ masstel đc không,neutral,khác
Điện thoại rất tốt,positive,khác
"Camera chụp đẹp trong điều kiện đủ sáng, màu ảnh ổn, nhưng thiếu sáng ảnh có noise nhẹ.",positive,camera
"Mình đang dùng ip 11 pro dung lượng 512 GB, tình trạng pin 72%, đổi qua ip 17 trợ giá bao nhiêu vậy ạ?",positive,pin
"Thiết kế đẹp mắt, cầm chắc tay lắm. Màn hình to và sáng rõ, nhìn rất đã mắt.",positive,màn_hình
"Nâng cấp đáng giá nhất chắc tới từ pin, nhưng camera có vẻ không bằng được mấy con Tàu,",neutral,pin
"Hàng có ở chi nhánh Hồng lĩnh ,hà tĩnh ko ạ",neutral,khác
Mình mua trả góp tư vấn mình,neutral,khác
"Ý là mua xài được 11 ngày, mà cũng không xài quá thường xuyên tại có 2 điện thoại để thay đổi. Nhưng mà lâu lâu điện thoại bị đơ, đứng hình. Xong tắt màn hình mở lên lại thì bình thường. Loa lâu lâu vô tiktok hay youtube bị nhỏ. Kéo lên kéo xuống âm lượng gì âm thanh nó cũng nằm ở mức đó",negative,màn_hình
"Nhân viên rất Nhiệt tình, chăm sóc rót nước các kiểu 5 sao",positive,khác
có iphone 17 pro màu bạc ở ba đồn quảng trị chưa ạ,negative,khác
"Em muốn trả góp làm sao ạ, em ở Bình Phước",positive,khác
Chất lượng tốt,positive,khác
Bị nợ xấu có mua chả góp dc ko,negative,thiết_kế
"Âm thanh, loa đều tốt, hỗ trợ xem video khi mở ngang màn gập.",neutral,màn_hình
mua iPhone 13 TGDD không có cổng sạc hả ad,negative,khác
"Lần trước mình mua con Reno10 ở đây thấy ok, lần này tặng bố e này nhân dịp sinh nhật. Chất lượng vẫn như xưa, yên tâm lắm.",positive,khác
Có iphone 17pro 256gb sx 2026 KV Hưng Yên chưa shop ơii,neutral,khác
"Ss 25 ultra mới mua 2 tháng nhưng quá tệ, chạy chậm, out phần mềm, nói chung chê",positive,khác
What is the Model ?,neutral,khác
Mới mua hôm qua máy mượt pin trâu,positive,pin
ip13 thường 128gb hồng muốn lên 17promax 512gb thì cần thêm bnh ạ,neutral,khác
cơ sở ở phường hồ thị xã thuận thành bắc ninh còn hàng oppo reno13f 4g ko nhỉ?,neutral,khác
Chiếc điện thoại này có bán ở Hội An không?,negative,khác
"Màn hình hiển thị tốt, màu sắc ổn trong nhà; ngoài trời mạnh thì hơi mờ.",positive,màn_hình
"Mình mua máy tại thế giới di động sát cầu an lộc q12 ạ. Máy mình ko rơi đang gập ko phải đang xài, đi có đoạn đường tự nhiên mở máy ra thấy có vệt sáng to dài trên màn hình á. Mình ra chỗ này gặp thì a quản lý mặc đồng phục trắng nói chuyện với mình. Quản lí j mà tư vấn nói chuyện bực ghê. Cứ đổ trách nhiệm cho khách rồi nói kiểu cho qua. Thứ nhất Ảnh nói là do có cái j đó chạm vào màn hình á mà trong khi máy gập lại ko đụng j nó. Thứ 2 ảnh bảo là mình dùng máy thời trang nên mình phải chấp nhận rủi ro chấp nhận điều đó. Ủa mọi người ơi. Vậy rủi ro của máy lớn như vậy hỏng suốt như vậy thì ngay từ đầu ko tư vấn kĩ vậy đi để mình khỏi mua dòng này. Máy mình đã bị như vậy 1 lần rồi ạ. Lần đầu mua ĐK 3 tháng là bị rồi bảo hành thay rồi mới chưa ĐK năm giờ bị nữa nè mn . Hay bị lỗi vậy thay màn hình có rẻ đâu Đã chán với dòng này rồi. Còn chán với cái cách bạn ấy nói chuyện với mình. Mất tiền tin tưởng TGDD mà để 1 bạn ăn nói như vậy lên làm quản lí.",negative,màn_hình
"Ra shop trải nghiệm rồi, máy cầm rất chắc tay, màn hình 6.7 inch QHD+ nhìn thích, nhân viên shop giới thiệu sản phẩm nhiệt tình",positive,màn_hình
"Giao diện mượt, không gặp lag nặng trừ khi chạy nhiều ứng dụng nặng cùng lúc.",negative,khác
Máy để qua đêm sao tuột tầm 15% pin,negative,pin
xin giá ở mỹ hòa hưng yên với,neutral,giá
sp còn hàng tại tp châu đốc an giang không,neutral,khác
Máy nóng bất thường khi sử dụng lướt fb..zalo,negative,khác
Nhân viên tận tình sản phẩm tốt,positive,khác
xiaomi note 11s đổi sang máy này có trợ giá k ạ,negative,giá
tuyệt mn nên trải ngh,positive,khác
"Điện thoại mới mua mà hao pin quá, lại còn dễ nóng máy, không đáng giá tiền cho lắm",negative,pin
"Máy dùng tốt trong tầm giá, nhưng tìm máy tím khó. Phải đi mấy cửa hàng mới có",neutral,giá
"Chất lượng tuyệt vời Cảm giác sử dụng rất hài lòng, không hề thất vọng. Sẽ tiếp tục ủng hộ.",positive,giá
E là sv FPT K20 nhưng mà trường k cấp email sv thì làm sao để đăng ký giảm giá sv ạ?,neutral,giá
"Mới mua luôn dùng rất tốt, nên mua.",positive,khác
Khi mua iPhone 17 pro có nhận được hay tặng phụ kiện gì k shop,negative,khác
Mình mới mua iPhone 14 128gb máy zin pin 100 đổi lên 15 128gb thì giảm đc bao nhiêu ạ,neutral,pin
Tôi muốn đổi iphone 7 lên đời 17 thì bù bao nhiu shop?,negative,khác
Pin tốt. Máy quá ok,positive,pin
"Điện thoại rất đẹp,samsung cao cấp dùng sướng khỏi nói nhân viên nhiệt tình",positive,thiết_kế
cam trước bị hong nét mấy với có ra vd bên tiktok máu ra xấu cam thì ổn ổn có khi chụp đẹp có khi chụp xấu chắc do lúc nắng đẹp lúc nắng quá gọi call bên zl thì mờ tịt luôn cam trước có để hơn cả reno 2f đã từ dùng như cả thấy cam có reno 2f cũ của tôi còn đẹp hơn,negative,thiết_kế
Có hàng tại thị trấn Vân Đình ko shop,neutral,khác
Cho hỏi. Mua iphone 16pro max hôm 5/1/2025 nhưng nay cáp sạc bị hỏng. Thì có dc bảo hành kg ạ,negative,khác
E muốn mua ip 17prm trả trc 10% có đc duyệt k ạ,neutral,khác
Bên shop có kjnh doanh bản 8.256gb k vậy???,neutral,khác
Cho mình hỏi nếu giờ mình đổi từ Samsung A15 sang Poco M7 pro thì cần bù bao nhiêu ạ,neutral,khác
Dùng cục gạch 4g đổi có bớt 300k không ad?,negative,khác
Cảm ứng thì đơ. Kêu lỗi 1 đổi 1 trong 1 tháng.giờ lỗi kêu đi bảo hành. Bắt đổi thì kêu chưa có máy đổi.,negative,màn_hình_cảm_ứng
"Mua được khoảng 5 ngày mà thấy màn hình không sáng cứ vàng vàng sao ấy, đem ra dmx chỉnh vẫn vậy, mấy bạn nói là tại mỗi máy mỗi khác, chả hiểu saonhìn Ko sáng bằng ip11 nữa nói chung là Ko vừa ý. Ai có dự định mua nên so sánh màu của màn hình trước nhé",neutral,màn_hình
"Máy dùng ổn, mua thu cũ đổi mới được giá tốt, nv đmx hỗ trợ nhiệt tình",positive,giá
"Camera chụp ở chế độ ban ngày ảnh sắc nét, thiếu sáng có thể bị mất chi tiết nhỏ.",negative,camera
CÓ HỖ TRỢ GIAO HÀNG MIỄN PHÍ KHÔNG,neutral,khác
Dùng được gần 2 tháng bị lỗi tải và xem video là sao vậy,neutral,khác
Mình may mắn mua đúng đợt sale nên giá hời quá. Nhưng hơi tiếc là pin không trâu như mong đợi. Bù lại máy chạy nhanh phê phà.,positive,pin
hàng rất ok. camera chụp ảnh đẹp. Quay video có chống rung quang học rất tốt. Pin trâu cả ngày làm việc ok. Không có điểm chê trách.,positive,pin
Quá thất vọng về dòng này. Điện thoại chỉ rớt nhẹ k cấn ở đâu vẫn vỡ màn hình. Lần đâu tiên mua oppo mà màn hình tệ như vậy,negative,màn_hình
Bắt sóng quá tệ . Thua Oppo . Thua iPhone 11 với 14,negative,khác
Ip 17 pro bạc 256 có sẵn hàng chưa ạ,neutral,khác
Bản 12 256 có không ạ,neutral,khác
"Màn hình hiển thị sắc nét, viền mỏng tang nhìn cực kỳ hiện đại. Dù thiết kế mỏng nhưng thời lượng pin vẫn rất ổn định, dùng thoải mái cho các nhu cầu hàng ngày. Dịch vụ giao hàng nhanh và hỗ trợ dán màn hình, ốp lưng rất cẩn thận tại cửa hàng.",positive,pin
Điện thoại tôi mua lúc 6/3 tôi muốn bán lại thì mất phí bn % ạ,negative,khác
Ở khu vực quận 6 mình có hàng không ạ,neutral,khác
S25 thường có máy cũ không shop,negative,khác
"Pin tụt nhanh, máy nóng khi call video",negative,pin
256gb màu tím có hàng ở tp đà nẵng không ạ,neutral,khác
Mình mới mua 2 hôm dùng ko hợp có nhu cầu đổi trả lạiBên mk có nhận thu mua lại ko Và chính sách như nào nhỉ,neutral,khác
Z Fold 6 có thể gập lại như thế nào?,neutral,khác
máy sử dụng ok. 1 ngày ngốn xấp xỉ 20% pin. hơn 4 ngày sạc 1 lần.,positive,pin
Mình có cái đt Oppo a54 củ muốn mua iPhone 13 cua hàng có thu lại ko ạ Khu vực thoại sơn An Giang,neutral,khác
Ở thạch thất hà nội có còn hàng không ạ,neutral,khác
Bây giờ có hàng tại thái hà chưa b? T đã cọc tuần trước thì khoảng thời gian nào được nhận máy?,neutral,khác
"Camera Pro có thêm thuật toán xử lý tốt hơn, ảnh portait đẹp và sắc nét hơn bản thường.",positive,camera
"Màn hình hiển thị sắc nét, viền mỏng tang nhìn cực kỳ hiện đại. Dù thiết kế mỏng nhưng thời lượng pin vẫn rất ổn định, dùng thoải mái cho các nhu cầu hàng ngày. Dịch vụ giao hàng nhanh và hỗ trợ dán màn hình, ốp lưng rất cẩn thận tại cửa hàng.",positive,pin
Tại sao lên phiên bản 3.0.11.0 không có hyper island,neutral,khác
Galaxy a36 5g 128gb giá hiện tại trừ khuyến mãi giá bao nhiêu ạ,neutral,giá
"Hôm e ra , trưởng ca hôm đó báo nếu đổi nữa mà vẫn bị thì sẽ gửi hãng kiểm tra . Máy lỗi , đã đổi thêm 1 máy khác , vẫn bị tình trạng cũ . Trong khi e cần dùng máy mới đi mua . Tin tưởng hãng mới mua sử dụng nhưng bị lỗi mãi rất phiền ạ . Trong khi e giới thiệu người thân đi mua .",negative,khác
Chị nhân viên chụp hộ hàng sài oke trải nghiệm lâu dài ch bik,positive,khác
Rõ ràng trên wed phiếu mua hàng airpods 500k giờ kt lại bảo đơn hàng không có,neutral,khác
"Lag xài ứng dụng dựt dựt tiktok , game gì củng bị, mong khắc phục",negative,khác
Máy dùng ổn nhưng pin tụt rất nhanh. Pin tụt nhanh thì có thể đổi mới trong vòng 1 tháng không ạ,negative,pin
Mọi thứ ổn trừ camera chụp nó xấu k đẹp màn hình đt thì theo hướng hơi vàng k phải kiểu trắng sáng . Sai lầm khi mua đã vậy ra nv còn nói dòng này là dòng thấp nhất thế này thế kia,negative,màn_hình
"mới mua iphone 13 128GB 17/09/2024 sạc nhanh ko nóng, nhưng tuột pin quá nhanh chỉ facebook và zalo . 13h đến 16h30 từ 100% còn 70 mấy %, mua xong tự nhiên muốn xài lại samsung ghê",negative,pin
Oke Sài ngon hơn con sam sung a56 nữa,positive,khác
cho mình hỏi giá của iphone 15 thường màu hồng ở chi nhánh hòa khánh-liên chiểu giá bao nhiêu,neutral,giá
fpt Thạch Thất có máy không ạ FPT Thạch Thất còn máy không ạ,negative,khác
Loa máy bị rè cách khắc phục dùm,negative,loa_âm_thanh
"Màn hình gập đẹp, khi mở ra sử dụng như máy tính bảng nhỏ, trải nghiệm rất thú vị.",positive,màn_hình
"còn hàng kg xanh navy , đổi máy s23 ultra",negative,khác
"Camera chụp ảnh selfie đúng chất OPPO, da dẻ mịn màng tự nhiên mà không cần chỉnh sửa nhiều. Dung lượng 128GB thoải mái cho mình lưu trữ hình ảnh và video. Dịch vụ giao hàng của shop nhanh chóng, đóng gói cẩn thận giúp mình rất hài lòng.",positive,màn_hình
"Chip mới nên mọi thao tác mở app hay chuyển đổi tác vụ đều rất mượt mà, không có độ trễ. Loa ngoài âm lượng lớn và ấm, xem video hay chơi game giải trí trong phòng rất ổn.",positive,hiệu_năng
Phục vụ nhanh và chu đáo,positive,hiệu_năng
"Sau 10 ngày sử dụng thì vẫn thấy ok.có điều màn máy note 14 này so với con note 13 nó cứ vàng vàng sao ấy, như kiểu bị ám vàng hay sao..",negative,màn_hình
Kiểm tra tình trạng bảo hành đến đáu cho mình với,negative,khác
Xài ổn định mượt mà,positive,khác
Máy loại này bị lỗi xạc... dùng được nửa ngày nap đã ko vào đổi lại dùng được 2thang lại như cũ...chán..,negative,khác
"Lần trước mình mua con Reno10 ở đây thấy ok, lần này tặng bố e này nhân dịp sinh nhật. Chất lượng vẫn như xưa, yên tâm lắm.",positive,khác
"Vừa muốn có đủ công nghệ mà vừa muốn giá thành dễ chịu mà thiết kế vừa tay thì em pro này đáp ứng được đủ cả, lại còn có màu cam vũ trụ hot trend, đặt trước tại shop vừa được giảm giá vừa được nhận máy sớm để trải nghiệm,quá tuyệt vời",positive,giá
M muốn đổi từ s22 utra lên s25 utra được ko ạ,neutral,khác
web hiện 5tr thì mua trực tiếp cũng 5tr đúng ko ạ?,neutral,khác
"iPhone 17 256GB(00921654)Phân loại: 256 GB, Tím Oải Hương24.590.000đ24.990.000đ-2% Mua ngay Trả góp(Chỉ từ 1.037.842đ)",neutral,khác
sau chơi lq nó hơi giật giật ko hỉu luôn,negative,khác
Điện thoại không chặn được số lạ dù đã bật thất vọng,negative,khác
xiaomi 15t pro 256 có ko phop giá nhiêu vậy,neutral,giá
"Ngon hơn khá nhiều so với Fold 4, nói chung đáng để nâng cấp",positive,khác
"Oppo find x9 pro mới mua về test camera thua x8pro đang xài. Cấu hình không trên lệch mấy, liệu có thể đổi lại x8 pro không, mới test chưa 5p đã thấy chán.",negative,camera
Cũng tốt chưa thấy lỗi vặt,positive,khác
Thu lại con ip 11 thường pin 73% đổi 17 256g bù bn vậy shop,neutral,pin
"Pin trâu , loa đt lúc to lúc bé , bàn phím hơi đơ Còn lại tất cả đều ổn Ko biết lên hệ đh mới có khắc phục đc ko",negative,pin
iphone này là new hay like new ạ,positive,khác
Tôi mua io16promax 256gb giá 32971k dùng dc 3 hôm phát hiện mắt camera sau có vệt ố phía trong lên chỗ thê giới di động trương định bảo ko xử lý đổi 11 mặc dù khi mua bảo 11 nếu có lỗi về máy và tôi mua thêm gói bảo hành 650k thêm cảm thấy hối hận khi quyết định xuống tiền mua máy o đây Tôi gọi điện lên tổng đài thì bảo gui máy về hãng bảo hành 7/15 ngày ma tôi hỏi tôi lấy máy gì dùng con chưa biết là máy gui đi thì sẽ bị mở ra không ae nên cân nhắc vê máy khi mua giá trị cao trước giờ toàn mua o thế gưới di động nhưng lần này tôi hối hận khi nào ip17 ra có điều kiện tôi sẽ mua o chỗ khác k bao giơ mua o đây nữa chế độ đổi mới khi tư vấn thì ok lọt tai nhưng khi xảy ra sự cố phát hiện dc lỗi thì bị từ chối vẽ ra bảo do người mua ko kiêm tra kĩ vãi lol,negative,camera
Chạy vậy hoài,positive,khác
Location: Khách chưa chọn địa chỉ rất hài lòng,positive,khác
cho mình hỏi hiện tại không trả góp online được ạ?,neutral,khác
tư văn giúp em gói bảo hành trọn đời,negative,khác
"Khuyên mọi người đừng mua loại máy nầy , loa nghe rung ốp lưng rung luôn cả camera phía sau , tình trạng nầy trước sau loa cũng rè thôi đó mình ko test máy trước mua luôn về mới vở lẻ ra thua cả Xiaomi note 12 thì sản xuất làm gì nhỉ",negative,camera
"Màn hình rất đẹp, hiển thị sắc nét. Chơi game mượt, không bị giật lag. Đáng tiền với mức giá này. Sẽ tiếp tục ủng hộ.",positive,màn_hình
"Sản phẩm ip16 256gb giá bao nhiêu, và hiện tại có nhưng ưu đãi , hay khuyến mãi tầm bao nhiêu, và sau khi áp dụng các chương trình giảm giá còn bao nhiêu ạ.",neutral,giá
"Là chiếc máy độc đáo, nếu bạn thích công nghệ mới, gập màn hình là trải nghiệm thú vị, nhưng cần chuẩn bị tinh thần về độ bền màn gập theo thời gian.",neutral,màn_hình
Mới mua bản 12ram 256g được 3 ngày..sài ít vẫn chưa hết pin..đt ko nóng màn hình mượt quá ok luôn,positive,pin
"Máy ok tốt, sẽ giới thiệu cho bạn bè.",positive,khác
chip máy này tương đương snap bao nhiêu ạ,neutral,hiệu_năng
con này và note 14 con nào ngon hơn ạ,positive,khác
Máy chạy chậm hay bị đơ pin yếu,negative,pin
minh thanh toán bang the super card được ko shop,neutral,khác
Sử dung ok nhưng mới mua đc 5 tháng mà pin tuột quá,positive,pin
"Thiết Kế 2 Camera Mà Chỉ Sử Dụng Được 1 Camera Còn Lại Trang Trí.Loa Nhỏ , Và Cực Kì Rè.Với Cái Giá 5.000.000 Thì Không Xứng Đáng.",negative,camera
"E này thiết kế đẹp mê ly luôn nha, cầm chắc tay mà mỏng nhẹ. Vỏ nhám chống bẩn tốt quá trời.",positive,thiết_kế
"đt tốt ,đáng đồng tiền",positive,giá
Dạ cho em hỏi em sinh viên chưa tròn 19t có được làm hồ sơ trả góp kh ạ,neutral,khác
"Iphone 16 prm 256g mới sài 1 tuần , mau tụt pin hơn iphone 13 prm 128 cái củ mình đang đang sài .. có ai bị giống mình kh ..",negative,pin
Tôi đã mua máy tại thế giới di động. Máy rất mượt và pin rất tốt tôi rất ưng ý. Đặc biệt là cam chụp rất đẹp. Dù là máy cũ nhưng mà chất lượng thì cũng là tốt. Tuy loa còn hạn chế một chút nhưng tôi lại dùng điện thoại khác để nghe nhạc,positive,pin
Iphone 13 hồng tình trạng còn tốt thu cũ đổi mới lên Iphone 17 thì thanh toán thêm bao nhiêu?,negative,khác
hàng rất ok. camera chụp ảnh đẹp. Quay video có chống rung quang học rất tốt. Pin trâu cả ngày làm việc ok. Không có điểm chê trách.,positive,pin
Có bảo mật vân tay sao ạ,neutral,bảo_mật
"Sau 1 tuần trải nghiệm mình thấy khả là oke,máy cam đẹp ko bị thâm như dòng A55,máy to hơn A31 cũ của mình mà nhẹ vl,mình chơi Zenless Zone Zero max setting vẫn mượt lun nóng nhẹ,máy mỏng lắm lun á,nhưng mà do máy viền vuông mình sài trần cấn tay khó chịu lắm nêm mình khuyên nên lắp ốp",positive,thiết_kế
"Con máy này đáng đồng tiền bát gạo lắm mọi người ạ. Mượt mà, pin trâu, camera đẹp. Nên mua liền tay đi là chuẩn không cần chỉnh.",positive,pin
"Sau khi sử dụng gần 2th thì mọi thứ rất ok pin sài khá lâu , lúc tính mua nghe lỗi nhiều mình cũng phân vân lắm nhưng đến bây giờ thì mình rất hài lòng",positive,pin
"Camera chụp tốt trong điều kiện đủ sáng, ảnh sắc nét, màu trung thực.",positive,camera
tuyệt mn nên trải ngh,positive,khác
May co huống trinh thu cũ doi mới tu sam dung sang ko ad,neutral,khác
"Màn hình lớn hiển thị được nhiều nội dung, rất tiện cho ai hay phải đọc tài liệu hay check mail trên điện thoại. Nút Action thay cho cần gạt rung cũ dùng tiện và linh hoạt hơn hẳn.",neutral,màn_hình
"Con máy này xứng đáng với đồng tiền bỏ ra, màn hình đẹp, pin trâu lại nhiều khuyến mãi nữa, mọi người nên chốt đơn ngay đi đừng đợi sale sau nhé.",positive,pin
Điện thoại của mình mới mua chưa đc 1 tháng. Nhưng camera trước thi thoảng không lấy nét được. Phải tắt máy đi bật lại mới được. Cảm giác rất khó chịu,negative,camera
"thích iPhone 16 tích hợp Apple Intelligence, giúp tối ưu hóa hiệu suất",positive,khác
mới sài dc 2 ngày máy khá nóng khi sài 2sim để chế độ auto phải tắt bớt 1 sim về chế độ 2G để đỡ nóng máy,positive,khác
"Máy rất mượt, nhưng thấy hơi hao pin. Mới dùng thấy ổn vs tầm giá",positive,pin
Bảo hành rơi vỡ Bolttech cho iPhone 1.439.000đ1.799.000đ,negative,khác
"mình mới mua iphone 13 ngày 14/5 trên trang tgdd isos 15 sao máy mình mở ra đã 17.3.1. pin xuống nhanh, máy lúc nào cũng trong tình trạng nóng",negative,pin
Ví dụ e có điểm thưởng ở cửa hàng mình rồi giờ mua ip16prm có đc giảm hay như thế nào không ạ,neutral,khác
Máy ok hết mỗi tội pin để chế độ chờ tụt nhiều quá lần đầu đổi sang hãng mì xào này thất vọng quá,negative,pin
Mình mua ngày 1/4 về sử dụng sao thấy wifi cứ lâu lâu dựt dựt kết nối k on định. Bảo có chụp hình được dưới nước mà k có quay lại cam trước được điểm trừ,neutral,khác
Quá Vip.chơi game bao ko nóng máy luôn....ngon,positive,khác
Mình mua ở cửa hàng thì giá có giống mua online không shop,neutral,giá
cho hỏi khi nào ms có bản ram 8 rom256 v,neutral,hiệu_năng
Đắk Lắk mình có cửa hàng ở easúp không shop,neutral,khác
chi nhánh đại lộc còn màu trắng đập hộp512GB k ạ,neutral,khác
Cho e hỏi nếu mua em có thể chia ra 1 nửa trả tiền mặt 1 nửa trả thẻ tín dụng được không,neutral,giá
Mình muốn mua ip 15 plus xanh biển thì ko biết giá mình mua trực tiếp ở tiệm có được giảm như trên page ko v shop,neutral,giá
Máy có sẵn ở Bạc Liêu chưa ạ,neutral,khác
ip 15 màu hồng 128gb chi nhánh lào cai còn hàng ko ạ,neutral,khác
"iphone 17 màu tím có sẵn hàng ở cơ sở trần duy hưng, hà nội không ạ?",neutral,khác
"Màn hình lớn xem tin tức và xem YouTube rất rõ nét, màu sắc trung thực. Máy chạy ổn định các tác vụ cơ bản như Facebook, Zalo hay lướt web. Dịch vụ giao hàng nhanh chóng, đúng hẹn. Thái độ phục vụ của nhân viên từ tư vấn đến giao nhận đều rất lịch sự.",positive,màn_hình
S23 uitra lên đời s25uitra bù bao nhiêu v anh,neutral,khác
"Điện thoại mới mua mà hao pin quá, lại còn dễ nóng máy, không đáng giá tiền cho lắm",negative,pin
Rất ưng. Nhân viên nhiệt tình. Với giá tiền này thì tuyệt vời..còn không biết phiên bản này 1.0.7 lên 2.0 có bị lsao ko,positive,giá
Sp tốt camera chụp đẹp chơi game mượt nhưng chưa nhận dc loa,positive,camera
"Mình vừa mua được 1 ngày , hình thức sp tốt nhân viên TV nhiệt tình , nhưng test chưa được kỹ hôm nay mở nghe nhạc mới phát hiện loa bên dưới bị rè rất khó nghe .",positive,loa_âm_thanh
"Nói chung là đáng tiền, chất lượng ổn từ hình thức đến hiệu năng. Ai đang băn khoăn thì cứ mạnh dạn sắm nhé.",positive,giá
"iPhone Air 256GB(00921699)Phân loại: 256 GB, Xanh Da Trời23.990.000đ31.990.000đ-25% Mua ngay Trả góp(Chỉ từ 1.325.192đ)",neutral,khác
"Mới mua hôm tối 30/12/2025, tới nay 5/2/2026. ít sử dụng, lúc sạc pin thì tắt hết wf và mạng di động,.... sạc đc tầm 98%. Tớ chỉ nt zalo là lướt fb 1xisu rồi đi ngủ. sáng dậy thấy tuột 13%pin trong k mở tap nào cả, cũng để chế độ k làm phiền. 85% tớ tắt máy xong tầm 34p sau xem lại còn 84%, khởi động lại máy xong còn 82%. tính ra mới mua đc 7 ngày thôi á mà sau tuột pin nhanh vậy",negative,pin
Em muốn trả góp qua samsung finance thì cần yêu cầu gì không ạ?,positive,khác
Có giảm cho học sinh sinh viên không ạ?,neutral,khác
"sản phẩm chính hãng , tư vấn và hỗ trợ nhiệt tình ạ",positive,khác
"Phần lưng phía trên máy sao nó bị hở, còn dưới thì bình thường",negative,khác
Đổi iPhone xs max máy đẹp lấy iPhone 13 bù bao nhiêu shop,positive,thiết_kế
"Fold7 hỗ trợ đa nhiệm ngon, chia đôi màn hình dùng song song 2–3 ứng dụng rất mượt, mình vừa họp video vừa ghi chú vẫn chạy êm, không lag.",positive,màn_hình
"Thiết kế sang trọng và đột phá, thể hiện sự sáng tạo của Samsung trong ngành công nghệ.",positive,thiết_kế
"độ sáng cao và viền mỏng, phù hợp cho người dùng thích xem phim như mình",positive,màn_hình
"Xài 7 tháng pin còn 90%,chán",negative,pin
Có dán cường lực full màn hình ko shop,neutral,màn_hình
Ở Hà Nội còn hàng ko shop,neutral,khác
"shop ơi, em muốn lên đời từ ip15prm 256G đổi lên ip17prm 256G bù bao nhiêu ạ",neutral,khác
"Mau hết pin quá, hối hận khi mua so này",negative,pin
Mua ngày 26/10/2025 mới dùng hơn tháng mấy hôm nay bị mất âm thanh lúc nghe lúc không huhu . Đã thế không bị lỗi trong tháng đầu để đổi còn đổi haizzz,negative,loa_âm_thanh
"Mới mở hộp được 2 ngày, trước tiên thấy đẹp, hoàn thiện cao, pin trâu. Màu đỏ thật sự nổi bật",positive,pin
tôi đổi ngang iphone 15 pro max của tôi và bù thêm mấy triệu có đc k,neutral,khác
mình còn sẵn iphone 15 màu vàng ở long xuyên An Giang kh ạ ?,positive,khác
"Từ lúc biết xài điện thoại mình chỉ sử dụng samsung. Mình ko thích điện thoại trung quốcđiển hình là oppo. Nhưng từ khi điện thoại oppo reno 13 ra đời mình đã sử dụng, mình có nhìn nhận khác về oppo, mình đã mua 1 cặp, xài cùng với vợ mình. Cám ơn nhân viên tgdd tây ninh đã tư vấn nhiệt tình. Rất hài lòng, xài rất ok. Ko hề thất vọng",positive,khác
Em định nâng đời từ Xr lên 13 thì được ưu đãi gì không shop,negative,khác
"Nên cân nhắc...máy yếu lag chạy ko nổi.Đơ đơ, đc cái pin trâu sạc nhanhThua mấy cái cùng cấu hình của các hảng khác",negative,pin
Mình mới mua hôm 19/10 điện thoại để qua đêm không sử dụng vẫn tụt mất 8% phin,negative,khác
Chưa dc tháng sạc 25 lần k sạc qua đêm k dùng lhi sạc mà còn 99,negative,khác
Sai mới 4thang mà hao hết 3% pin hối hận,negative,pin
Mới mua đc 1 tháng mà dùng chơi game giờ thấy hay nóng máy với lại tụt pin nhanh,negative,pin
"Chụp hình đẹp, dễ sử dụng",positive,thiết_kế
Bật âm lượng to máy bị nóng là sao vậy a,neutral,khác
Mua Máy iPhone 14 này có đi kèm với sạc ko sốp,negative,khác
"Mình có mua 1 máy iphone 17 prm trắng, mình cũng kiểm tra hàng kỹ lúc mở hộp, bạn nhân viên bán hàng cũng nhiệt tình kiểm tra ngoại quan máy cùng mình, vậy mà tối về nhà rảnh nên bỏ máy ra xem vẫn dính 1 vết đốm ở mặt kính trắng sau máy và 1 hạt bui nhỏ trong ống kính cam sau. Apple sản xuất sản phẩm giá trị cao mà vẫn có khuyết điểm về ngoại hình khiến mình cũng không hài lòng với số tiến lớn đã phải bỏ ra. Có chút thất vọng.",negative,giá
"Mua được 1 tuần máy đã không bật được, đã liên hệ shop để gửi bảo hành.",negative,khác
"Máy mượt lắm nha mọi người,ok luôn",positive,khác
Mình muốn đổi s20fe có đc ko?,neutral,khác
"Mình ko thích máy vì sạc pin hơi lâu. Hiệu năng chơi game bt, ko nổi trội lắm",negative,pin
Ngon lành mua lúc còn km đc cái loa xịn sò quá đã luôn khỏi phải bàn.,positive,loa_âm_thanh
Đt cũ Xiaomi Redmi Note 13 mua 7 triệu chụp ăn đứt con mười mấy triệu này chụp ảnh cực kỳ tệ noi vô cùng cứ như điện thoại mua 12 triệu v pin tuột nhanh hơn con đt cũ mình,negative,pin
Bên mình có bán poco x7 pro k ạ,neutral,khác
"Máy rất đáng mua, có thương hiệu lớn, hiệu năng mạnh trong tầm giá, camera đẹp, sạc nhanh với viên pin tiêu chuẩn, có kháng bụi kháng nước, có 5G, có NFC, màn hình thì siêu đẹp rồi, nói chung không có gì để chê, nên mua",positive,pin
san phẩm ok,positive,khác
Dạ ip12pro pin bảo trì máy còn zin đổi lên 17pro max thì cần bao nhiêu ạ,neutral,pin
"mình mua vào lúc 20/1/2026 mọi thứ đều tốt nhưng loa khi mở max loa lướt tiktok fb thấy rè rè rung rung , mong được sớm hỗ trợ",positive,loa_âm_thanh
E vừa lấy máy đk 6 ngày mà bị bể kính cammera giờ mang lên tgdd sửa hết bn vậy ad ơi,negative,khác
đã gủi bảo hành mà chưa biết kết quả năm naymay lỗi nhiều quá,negative,khác
"Dùng hơn hai tháng máy ổn định,chụp ảnh ổn áp, pin cực trâu, cầm nhẹ tay, màu xinh",positive,pin
khi mua có được tặng kèm phụ kiện không ạ,neutral,khác
Mua máy chưa đến 1 tháng mình thấy cảm ứng chậm bàn phím đơ loạn cảm ứng. Thất vọng vì bỏ tiền ra mua máy nhưng nhận về sp chất lượng kém. Mất niềm tin vào TGDD,negative,giá
Mình mới mua 4 tuần rất OK nha pin Trâu máy hong nóng nha quá OK luôn,positive,pin
"Ngon hơn khá nhiều so với Fold 4, nói chung đáng để nâng cấp",positive,khác
Bên mình không có 12gb và 256gb hả,neutral,khác
dung lượng pin như nào ạ,negative,pin
Mới mua một tuần cảm thấy hài lòng pin dùng cũng được một ngày vì máy mới nên ok,positive,pin
Máy chạy chậm hay bị đơ pin yếu,negative,pin
Có ai bị quay time plase cam trước không lưu video như em không ạ,negative,khác
Mượt mà. Chụp ảnh xuất sắc. Tạm thời rất ưng ý,positive,camera
"Đã nhận được hàng, dùng mấy tuần rồi rất tuyệt. Màu sắc đẹp, lấp lánh bùm chíu long lanh",positive,màn_hình
mẫu này có màu vàng chưa shop?,neutral,khác
2 ngày tuột them 1% đem ra TGDD nhân viên xem sơ xong kêu up phần mềm xem có cải thiện không. Rồi bán hàng kèm 9 sách bảo hành mà k có nổi 1 nhân viên có chuyên môn. Rồi gởi đi bảo hành 14 ngày rất mất thời gian và cũng không biết là giải quyết được vấn đề hay ko. Rất chán kiểu làm việc bán rồi thôi của 1 chuỗi cửa hàng lớn như vậy.,negative,khác
Hồng Phai quá đẹp cho con tướng bánh bèo như tui,positive,thiết_kế
"Con 12prm 128g bị lỗi camera sau, bị bể màn hình trước, bể mặt sau giờ muốn đổi lên 17prm 256g là bù thêm bn vậy ạ?",negative,màn_hình
Máy xài rất tốt với tầm giá này,positive,giá
"Chip mới nên mọi thao tác mở app hay chuyển đổi tác vụ đều rất mượt mà, không có độ trễ. Loa ngoài âm lượng lớn và ấm, xem video hay chơi game giải trí trong phòng rất ổn.",positive,hiệu_năng
Rất thích sản phẩm này. Nhưng van chưa biết giá ra sao,positive,giá
Máy đẹp Sài muoc van tây cực kỳ nhạy giá vừa túi tiền.dang để mua Sài,positive,giá
Rất thích và hài lòng.Nhân viên tư vấn nhiệt tình,positive,khác
"Máy dùng dc 6 tháng thì nóng , ko lên nguồn. Gửi đi bảo hành 10 ngày . Chiều ra DMX lấy về thì tiếp tục nóng, ko lên nguồn. Quá phiền phức, ảnh hưởng đến công việc.",negative,khác
Máy mua tại Thegioididong không phải mã VNA mà ZPA ạ,neutral,khác
Bà Rịa - Vũng Tàu còn hàng không shop?,negative,khác
Muốn đặt giờ còn ship ko ah,neutral,khác
"Iphine 13 128Gb, trắng , Phường Cầu Kiệu TPHCM, có hàng không giá bao nhiêu?",neutral,giá
"Máy mình dùng hao pin nhanh thật luôn,",positive,pin
"Số tốt pin trâu, mượt,",positive,pin
Xài oke lắm nhà mượt mà,positive,khác
Mua sử dụng đến nay 6 tháng rồi. Mọi thứ quá ok miễn chê. Của bền tại người. Tránh để tụt pin dưới 10% và hạn chế sạc quá 90%. Giờ pin vẫn 100 OK. Mẹo để pin trâu Vào Trợ năng Chuyển động giảm chuyển động. Vào Màn hình và độ sáng bật Tắt chế độ Trong Suốt. Muốn OK nữa pin trâu như trâu rừng miễn chê thì vào Bảo mật tắt Dịch Vụ Định Vị đi là máy mát như sò lạnh. Chúc các bạn vui vẻ,positive,pin
"Mua ngày 25/10 thì phải. Máy mới, mà bàn phím lâu lâu thì giật giật. Có khi bấm không được luôn phải tắt nguồn lại mới được. Vào album ảnh thì chậm bấm vài ảnh xem đợi vài giây nó lại nhảy qua ảnh khác. Gần 31tr chứ k rẻ. Đề nghị kiểm tra, Dù đã đọc bình luận nhiều người đánh giá nhưng dùng iphone quen nên vẫn mua mà chán 13prm cũ dùng 4 năm còn mượt hơn.",negative,giá
Gọi thường không được dù vẫn báo sóng 4G căng,negative,khác
Đã mua dùng cực ngon pin trâu,positive,pin
đà nẵng có hàng kg,neutral,khác
Dùng 3 lần máy được mỗi cái máy hài lòng là Samsung galaxy a03s còn hai cái máy Samsung galaxy a05s với cả Xiaomi 14 note làm ăn quá chán Samsung galaxy a05s bảo hành tháng rời nói thật không bao giờ hài lòng còn bảo hành cứ để đấy lúc nào có lỗi lầm gì mới mang đi không bao giờ mua máy của thế giới di động đang nói thằng bực mình,negative,khác
"Khi dùng lâu máy hơi ấm vùng mặt sau, nhưng không khó chịu khi cầm.",negative,khác
"Tôi mua được 4 tháng, giờ màn hình đổ mực. Khi nhân viên kiểm tra báo Tôi có cấn thân máy. Tôi không thấy. Nhưng tôi vẫn đồng ý,nhưng lại báo hãng có cấn màn hình và hãng báo không bảo hành. Tôi đã khiếu nại và đang chờ giải quyết. Không biết ra sao đây. Mời cả xem coi có thấy cấn màn hình chổi nào không ạ",neutral,màn_hình
"Sản phẩm dùng tốt lắm, giá quá rẻ nữa",positive,giá
"Có chống nước, chống va đập như honor7x không ạ",neutral,khác
Máy này còn ở Tp Bắc Ninh không ad? Không quan trọng màu sắc,positive,màn_hình
"Cho mình hỏi 17 pro max thu cũ đổi mới thì sẽ trừ giá máy cũ vào giá mua đúng không. Với lại ưu đãi thanh toán techcombank còn ko ạ, có thêm được trả góp 0% ko ạ.",negative,giá
"Được trang bị một số tính năng Galaxy AI như Khoanh tròn tìm kiếm (Circle to Search) và Xóa vật thể (Object Eraser), tuy không đầy đủ như dòng S nhưng cũng rất là oke với dòng A rồi",positive,khác
"Cá nhân mình sd đến hiện tại vẫn ok nha. Mua cũng đã đc gần 1 tháng rồi nhưng mọi thứ vẫn ok, từ pin đến các chức năng của máy. Chị nhân viên cũng tư vấn rất nhiệt tình, hỗ trợ mình rất nhiều. Thực sự rất đáng để mua",positive,pin
"Điện thoại mới sử dụng được 1 ngày, thấy cũng tạm ổn. Sẽ quay lại đánh giá sau khi sử dụng lâu.TGDD xưa nay luôn k làm tôi thất vọng với thái độ phục vụ của nhân viên. Nhưng lần này tôi cho 1 sao với thái độ của quản lý cửa hàng. Sẽ k bao giờ quay lại ở cửa hàng đó",negative,giá
Điện thoại này nếu trả góp thì trả trước bao nhiêu ak,negative,khác
"Điện thoại rất đẹp, cấu hình mạnh mẽ trong tầm giá, rất đáng mua",positive,giá
"mình đang muốn mua íp 17 pro màu cam. số đt của mình, xin đt tứ vấn giúp 09xxxx9483, xin không đăng số dt của mình lên",neutral,khác
Khu vực Tân Ninh Tỉnh Tây Ninh có poco x7 5G kh ạ,neutral,khác
"Mình dùng iPhone 16 Plus để học online và giải trí, màn hình to nên học thoải mái hơn hẳn. Hiệu năng mạnh giúp chạy app học tập mượt mà, không giật lag.",positive,màn_hình
Nhân viên tư vấn nhiệt tình máy tới hiện tại dùng vẫn ok,positive,khác
"15plus 3thang còn 98% , hơi thất vọng, ib zalo ko một lời giải thích",negative,khác
"Iphone 16 prm 256g mới sài 1 tuần , mau tụt pin hơn iphone 13 prm 128 cái củ mình đang đang sài .. có ai bị giống mình kh ..",negative,pin
máy new đập hộp đúng không ạ,neutral,khác
"Máy xài mượt , tốt !",positive,khác
"Mơi lây tôi hôm qua, co cam giac cam ưng lâu lâu bi châm, đâu tiên thi ko xem đươc trinh trang Pin, sau khi câp nhât PM thi xem ok. Chăc tư tư hang cung khăc phuc thôi. hi vong xai ôn đinh va ko phai gưi lên hang",neutral,pin
"Chào shop, em muốn mua con máy này cho e hỏi chi nhanh lạch tray, ngô quyền, hải phòng còn sản phẩm này không ạ",neutral,hiệu_năng
"Nhân viên nhiệt tình, giao hàng nhanh, tận nơi còn giúp set up máy tại nhà giúp mình luôn, máy thì nguyên seal đẹp không tì vết, 5 sao cho sự uy tín tận tâm này",neutral,hiệu_năng
Về cơ bản thì quá ok.,positive,khác
Mua được vài hôm dùng thấy được,positive,khác
Mua theo lý trí và rất hài lòng,positive,khác
GIAO HÀNG CHẬM,negative,khác
GIAO HÀNG NHANH GHÊ,positive,hiệu_năng
OPPO A3 sử dụng loại vi xử lý nào?,neutral,hiệu_năng
Trả góp 17 max có cần thu iclou . Với làm thủ tục có lâu không ạ,neutral,khác
iPhone 8plus được được đổi không,negative,khác
"Mọi thứ rất tuyệt vời, tôi có một trải nghiệm vô cùng hài lòng với chiếc IPhone 15 Pro Max 1TB , nhân viên phục vụ tôi rất tận tâm và nhiệt tình. Tôi rất hài lòng .",positive,khác
Dạ cho em hỏi có cách nào để tăng tỉ lẹ xét duyệt hồ sơ này không ạ tại em đang rất quan tâm về sản phẩm với gói trả góp này ạ em xin cảm ơn shop nhé 3,neutral,khác
có hết giảm giá k ạ,neutral,giá
"Khi đặt cọc thì khi có máy, đến nhận máy thì tham gia trả góp, cần trả trước bao nhiêu phần trăm vậy?",neutral,khác
Tại sao không có chữ oppo trên lưng,neutral,khác
Máy bị lỗi. Đi ra tgdd đem trung tâm apple thẩm định đã được đổi máy mới oke. Nhưng có điều chờ hơi lâu. Máy xài mượt ngon lành. Không có gì để chê.,negative,khác
rất tốt nhân viên nhiệt tình rất ok,positive,khác
Mình tin tưởng TGDĐ và giá này tốt nhất rồi. Đt xịn đẹp,positive,giá
"khu vực Đoan Hùng, Phú Thọ còn không ạ",neutral,khác
"Điện thoại dùng hơi lâu xíu là bị nóng máy, gọi zalo cũng bị nóng máy. Mà dạo này gọi zalo cứ bị chập chờn mất sóng hoài cứ bảo kết nối ko ổn định ko rõ do tại máy hay do mạng vinaphone vì tôi xài sim 4G dung lượng đến 6GB/ngày gọi cho nhà mạng thì nhà mạng kiểm tra bảo kết nối bình thường. Nều do máy thì thật sự rất tệ",negative,khác
Mình mới mua đc vài ngày. Với mức pin 5500 thì cảm giác nó tụt khá nhanh. Chơi game đc 20 30 phút thì máy khá nóng,neutral,pin
"15pl hồng 256 hiện tại đồng tháp, chi nhánh nào còn v ạ. giá bao nhiu",neutral,giá
"Tôi đang dùng S24 ultra 256 Gb, muốn đổi sang S25 Ultra 512 Gb thì định giá thu đổi như thế nào",neutral,giá
Máy đẹp Sài muoc van tây cực kỳ nhạy giá vừa túi tiền.dang để mua Sài,positive,giá
"Dòng iPhone Air mới quá ấn tượng với thiết kế siêu mỏng và trọng lượng cực nhẹ, cầm nắm cả ngày không thấy mỏi. Bản 1TB tha hồ quay phim chụp ảnh chất lượng cao mà không lo hết dung lượng. Nhân viên FPT Shop tư vấn rất nhiệt tình về các tính năng mới của dòng này.",positive,camera
Cho em hỏi 13 thường màu hồng 256gb hay 128gb ở fptshop cần thơ còn hàng không ạ,neutral,khác
"Xài mà mê lun. Pin trâu, cam ổn, tầm giá này thì ko chê đc chỗ nào hết",negative,pin
Đặc quyền HSSV - Giáo viênGiảm ngay200.000đXác thực ngay,positive,giá
"Dc cái này mất cái nọ, S25 5G, màn hình cấu hình ok. Thiết kế ok.Pin bình thường, cam ko có gì đổi mới. Loa kém 5/10, so với giá của dt cao cấp.",negative,pin
Cho mình hỏi iphone 13 bên FPT bán là điện thoại mới chính hãng đúng ko?,neutral,khác
"Trên web để tặng phiếu mua hàng loa tai nghe trị giá 500k vậy mà ra nhân viên báo phải mua hoá đơn trên 3tr mới sử dụng được , từ đầu sao ko để trên web rõ ràng đi làm ăn lom com",neutral,giá
How much does the phone cost iphone 17pro max 1tb silver at a discount?,negative,khác
"bắt kích hoạt ở của hàng, nhân viên active mất luôn quickstart để chuyển dữ liệu từ máy cũ. Lần đầu cũng như lần cuối mua tgff",negative,khác
DẠ E GÓP BÊN FE VỚI HOME KO ĐẬU GIỜ GÓP BÊN NÀO ĐƯỢC Ạ,neutral,khác
May mua được hai tháng đã thấy bi bong lớp mạ bên ngoài,negative,khác
"Số tốt pin trâu, mượt,",positive,pin
Rất hài lòng với sản phẩm này,positive,khác
khi mua xiaomi 15t pro không lấy quà được giảm bao nhiu tiền shop,negative,giá
Sản phẩm này có thể chơi được game nặng không?,neutral,khác
"Sp tốt, nhẹ hơn nhiều so với dòng 14prm mình đang sài, vẫn đang trải nghiệm dc 2 ngày. Nhân viên nhiệt tình , ship hoả tốc nhanh chóng. Thân thiện và nhẹ nhàng",positive,hiệu_năng
"Máy thiết kế đẹp nhẹ, pin tốt sạc nhanh , dùng bình thường mượt game nhẹ ok",positive,pin
Lỗi wifi đang xài thì tắt wifi chập chờn khó chịu,negative,khác
Xài hơn 1 tháng đeo ốp lấy ra lau thấy hiện tượng bông tróc viền,negative,khác
"Mướt mườn mượt, 10 điểm k có nhưng. Chụp ảnh nét nẹt lun. Cầm vừa tay k bị to hay nặng quá nchung là ưnggggg luôn đồng hành cùng với TGDD",positive,camera
Sao đt tắt chế độ máy bay tất wifi gạt hết ứng dụng đi ngủ sáng mất mấy % pin,negative,pin
"Sau khi dùng được 15 Ngày tôi cảm nhậnMáy mượt , tốt , dùng lâu sẽ bị ấm và hơi nóng máy Quan trọng nhất là máy rất dễ bị hở và bung nắp lưng nhé . hôm trước tôi mang qua hãng và bảo hành lắp lưng rồi , hôm nay lại bị , cách nhau đc 4 ngày",negative,khác
Sản phẩm tóit,positive,khác
Em ở daisa đam rông Lâm Đồng có của hàng k ạ,neutral,khác
Dùng đến bây h ok nói chung phù hợp các tác vụ hiện tại của mk,positive,khác
Đổi máy cũ bất kỳ là sao shop,negative,khác
Samsung Galaxy S24 FE có kích thước màn hình bao nhiêu inch?,neutral,màn_hình
"Tản nhiệt ổn khi dùng bình thường, nếu chơi game nặng hoặc quay video lâu máy có ấm nhưng vẫn chấp nhận được.",neutral,khác
"Thiết kế kim loại cao cấp, cầm trên tay rất chắc chắn và sang trọng. Phù hợp để mang đi gặp gỡ đối tác, nâng tầm phong cách chuyên nghiệp, nhìn rất đẳng cấp.",positive,thiết_kế
"Điện thoại rất đẹp,samsung cao cấp dùng sướng khỏi nói nhân viên nhiệt tình",positive,thiết_kế
"Giá hợp lý cho ai muốn một chiếc smartphone bền bỉ, đơn giản để dùng hằng ngày.",positive,giá
"Thiết kế máy mỏng & nhẹ, cầm bằng tay thoải mái, không bị cấn khi bỏ túi, nhìn màu máy đẹp + viền mỏng nhìn sang hơn máy tầm trung khác.",positive,thiết_kế
Pin mới xài dc 44 ngày mà tut còn 99pin . Trước mình xài 11 gần 2 năm mới xuống 91 pin,negative,pin
"ad cho e hỏi là !em có máy 14prm 256g màu vàng,pin con 78%.xài ngon chưa qa tay lần nào!thi đổi bù khoảng mhiu ạ!trợ giá 3triệu có công zô giá bù k ạ",neutral,pin
Máy dùng ok,positive,khác
Có ai bị quay time plase cam trước không lưu video như em không ạ,negative,khác
Màn hình iPhone 16 Plus có điểm gì nổi bật? Mua trả góp thẻ tín dụng có gì ưu đãi không?,negative,màn_hình
"Bên mình còn có sản phẩm iphone 13,hoặc iphone 14 pro max khôbg ạ",positive,khác
"Màu trắng nhìn thanh lịch, mặt lưng nhám sờ rất thích tay và không bám dấu vân tay mấy. Bản 128GB vừa đủ dùng cho nhu cầu văn phòng và lưu trữ ảnh cơ bản của mình.",positive,bảo_mật
"FPT chi nhánh Tân Châu, An Giang có sẵn IP15 128GB màu hồng không ạ và có bắt buộc phải trả trước bao nhiêu không ạ",neutral,khác
Ad cho mk hỏi mình muốn mua máy ip 14 ko bt bên shop bán ra là máy mới 100phần trăm hay 99 vậy,neutral,khác
Đặc quyền bảo hành thêm 1 năm iPhone 17 Series1.300.000đ,negative,khác
votre galaxy s25 ultra existe t il en version francaise ?,neutral,khác
"Máy dùng mượt, mát sau khi lên one ui 8. Pin 3900 nhưng đủ dùng cả ngày với những tác vụ thông thường và mạng xã hội.",positive,pin
Đây là con điện thoại đáng để đầu tư. Mình khuyên ai đang tìm kiếm một chiếc smartphone tầm trung tốt nên cân nhắc Redmi Note 15 này ngay và luôn.,positive,khác
"Khuyên mọi người đừng mua loại máy nầy , loa nghe rung ốp lưng rung luôn cả camera phía sau , tình trạng nầy trước sau loa cũng rè thôi đó mình ko test máy trước mua luôn về mới vở lẻ ra thua cả Xiaomi note 12 thì sản xuất làm gì nhỉ",negative,camera
Cho em hỏi khu vực cao bằng có sẵn 17 xanh hoặc tím không ạ,neutral,khác
"Máy ok tốt, sẽ giới thiệu cho bạn bè.",positive,khác
Máy xuống pin nhanh. Sạc bị nóng máy trong khi mới mua đc 1 tuần,negative,pin
Sắp có poco x7 pro 5g chưa shop?,neutral,khác
Chụp hình thừa cả Oppo a93Cảm thấy thất vọng pin 6000 nhưng kém Chạy YouTube chậm khi nhấp màng hình 2 lần đứng lát mới chạy,negative,pin
Máy rất mượt,positive,khác
hải phòng còn không shop?,neutral,khác
Giá mua tại cửa hàng có khác hong,neutral,giá
"mấy tháng đầu xài ổn, pin tụt 1 2%, nhưng 2 tháng gần đây tụt rất nhanh",positive,pin
"Cho mình hỏi đang giảm giá có phải ko, máy này không có giảm giá nhiêu vậy shop",neutral,giá
Thiết kế không gập nên độ bền màn hình đơn giản hơn so với N3.,negative,màn_hình
Không hiểu sao khi xem trực tiếp trên facebook xem toàn màn hình ko dc máy note 11 cũng bị máy note14 mới cũng bị y chang Ai am hiểu về cái này ko,negative,màn_hình
"Mua hôm 12/12, nhân viên tư vấn nhiệt tình, đt thì lướt mượt, máy nhẹ, camera đẹp,chỉnh sửa AI siêu đỉnh, thiết kế đuôi cá cũng đẹp với người thích màu mè như mình. Mình rất hài lòng luôn",positive,camera
"em nhận hàng rồi shop ơi, màu xanh đẹp hơn trong hình, máy thiết kế cầm năm khá thích ngoài hình cũng đơn gian nhìn ưng mắt hơn các dòng máy khác, hiệu năng thì để trải nghiệm 1 thời gian mới biết đươcj, nhưng cứ cho shop 10 đ về chất lượng hàng hóa đến tay và dịch vụ vận chuyển",positive,thiết_kế
Nhân viên nhiệt tình quá,positive,khác
Máy dùng rất tốt có 5G mượt wifi mượt thông báo load vù vù.,positive,loa_âm_thanh
"Cấu hình con này khá ngon màn cũng đẹp chơi game hay chụp ảnh thì đều rất ổn, shop ship hàng cẩn thận ạ",positive,màn_hình
"Mẫu này hot quá nè, rất muốn cầm đc máy ngay lập tức, FPT Shop các bạn nv tư vấn nhiệt tình lắm",positive,khác
Mới mua đc vài ngày pin tuột nhanh hết có cuộc gọi lúc bắt máy đc lúc ko bắt máy đc,negative,pin
Không chỉnh được camera chụp hình 48 Mb chụp được 36 Mb iOS 18.2.1,negative,camera
"Sản phẩm tuyệt vời, chất lượng xịn sò, cực hài lòng luôn",positive,khác
"Máy mua hàng đổi trả. Máy có trầy 1 chổ. Nhưng ko đáng kể. Máy mới pin 100. Xài ổn định mượt. màn đẹp loa hay, Pin trâu xài wifi ko game 810 tiếng tuỳ tác vụ. Camera chụp hình quay video ngon. Cảmm thấy hài lòng với ip13. Nhân viên tư vấn nhiệt tình. Ok",positive,pin
Galaxy S24 FE có hỗ trợ tính năng DeX của Samsung không?,neutral,khác
TpKonTum có SSA56 mình mua 1c,neutral,khác
Có hỗ trợ mua trả góp ko cần trả trước ko bạn,neutral,khác
Sp quá ok của nhà samsumg,positive,khác
Ko dan đc kính cường lực vậy,neutral,khác
Mình mua về bị lỗi panicfull và reset counter lên hãng kiểm tra tế máy bảo ko sao giờ thì có lúc 2 ngày hiện 1 lần có lúc ngày hiện 3 lần,negative,khác
"Ý là mua xài được 11 ngày, mà cũng không xài quá thường xuyên tại có 2 điện thoại để thay đổi. Nhưng mà lâu lâu điện thoại bị đơ, đứng hình. Xong tắt màn hình mở lên lại thì bình thường. Loa lâu lâu vô tiktok hay youtube bị nhỏ. Kéo lên kéo xuống âm lượng gì âm thanh nó cũng nằm ở mức đó",negative,màn_hình
"Bên cửa hàng Ngô Gia Tự, Long Biên. Hà Nội còn hàng không",neutral,khác
máy hiện tại pin dùng tụt nhanh lắm ạ,negative,pin
Ngày đầu tiên bàn phím hơi lag . Tải các app khác mở lên thì lagapp mắc dù wifi rất mạnh,positive,giá
Bên mình có poco x7 pro chưa shop,neutral,khác
"Từ lúc biết xài điện thoại mình chỉ sử dụng samsung. Mình ko thích điện thoại trung quốcđiển hình là oppo. Nhưng từ khi điện thoại oppo reno 13 ra đời mình đã sử dụng, mình có nhìn nhận khác về oppo, mình đã mua 1 cặp, xài cùng với vợ mình. Cám ơn nhân viên tgdd tây ninh đã tư vấn nhiệt tình. Rất hài lòng, xài rất ok. Ko hề thất vọng",positive,khác
Shop còn iphone 14 ios 16 không nhỉ,neutral,hệ_điều_hành
"Thiết kế của OPPO A6 Pro thực sự rất bắt mắt với mặt lưng đổi màu sang trọng, cầm trên tay rất chắc chắn. RAM 8GB kết hợp với bộ nhớ 256GB giúp máy vận hành mượt mà mọi tác vụ hàng ngày. Nhân viên shop tư vấn mẫu này rất phù hợp với nhu cầu lưu trữ nhiều và chụp ảnh của mình.",positive,camera
Trời ơi.thua cả reno8 pro nữa,negative,khác
Mới mua được 2 tuần. Sơn máy bị rộp bong tróc. Gửi bảo hành thì nhân viên nói từ chối bảo hành. Vì lí do ko bảo hành phần ngoại quan.Tôi thề ko bao giờ bước chân vào tgdd,negative,khác
Chơi tốc chiến fps 120 đc không ạ,neutral,khác
Ở dĩ an - bình dương mình còn k ạ,neutral,khác
Đặc quyền Bảo hành thêm 1 năm iPhone (BT)500.000đ1.000.000đ,negative,khác
"Màn hình rất đẹp, hiển thị sắc nét. Chơi game mượt, không bị giật lag. Đáng tiền với mức giá này. Sẽ tiếp tục ủng hộ.",positive,màn_hình
Cam sau chụp gần không lấy nét được ảnh mờ,negative,khác
Chiếc này mỹ tho shop nào còn ko ạ,neutral,khác
"Mình xài tầm 1 tuần thấy như sauƯu điểm thiết kế đẹp, mặt trước và sau vát cong nên cầm rất thuận tiện thoải mái. Màn hình đẹp và độ sáng cao dễ nhìn khi ngoài đường nắng. Pin ok, không quá trâu nhưng sạc khá nhanh. Hiệu năng dùng cơ bản như lướt facebook, tiktok, youtube thì vô tư. Camera ổn, đủ chụp cơ bản chụp nét, màu sắc ok nhưng tốc độ chụp chậmNhược điểm Ứng dụng camera rất lag và quay video dù chỉ để FHD 60fps, đầy đủ ánh sáng vẫn lag, khung hình bị chậm và giật.",positive,pin
Học sinh mua thì giảm bao nhiêu ạ,neutral,khác
Mình dùng được 6t pin hoi nhanh ạ,positive,pin
"Pin sài 10p tụt 2%, mình mới mua ngày hôm qua. Mình muốn trả hàng và đổi sang sản phẩm khác",positive,pin
Tôi có mua 1 ip 16prm bản 256 màu đen tại thế giới di động chỗ cầu lim thành phố ninh bình đã đổi đến cái thứ 6 vì lỗi gọi tới đen màn nhân viên tư vấn đổi sang màu vàng tôi đã nghe theo và đổi sang màu vàng nhưng vẫn bị lỗi hiện tại tôi đã đổi đến cái thứ 8 trong vòng 3 tháng khi tôi đòi hoàn tiền nhân viên k cho bắt tôi mất 20% tiền . Tôi viết bài đánh giá thì có nhân viên gọi điện sẽ giải quyết cho tôi trước 17h ngày 21 tháng 8 2025 . Nhưng k thấy gì tôi rất k hài lòng về cách phục vụ này . Bài viết trước của tôi đã bị xoá,negative,màn_hình
Bữa em mới mua tab galaxy A9 đó giá đình ko cho bé xái có cho đổi lại lấy điện thoại đk ko ạ,neutral,giá
Không nên mua nhé mọi người mua về máy lỗi tùm lum gửi lên hãng bực thêm,negative,khác
"Sao cáp sạc con 17 promax mình truyền dữ liệu không được vậy ạ. Cáp của con xs max mình kết nối với máy tính bình thường, nhưng con 17 pro max này cắm vào máy tính khong nhận tín hiệu luôn ấy ạ",neutral,khác
"Công nhận pin đỉnh để qua đêm không tụt tý gì, dùng sướng hơn 15prm nhiều",positive,pin
Về cơ bản thì quá ok.,positive,khác
"Ở bạc liêu(đường Trần Huỳnh)còn máy này không, qua tết còn giảm giá này không shop",negative,giá
Có thu lại s21 fe ko ah,neutral,khác
"Hi, im feom the philippines and will be there next week. How much is your iphone 17 pro max 256GB? Thanks",negative,pin
mình muốn trả trc 20% đc k shop,neutral,khác
có sẵn hàng k ạ,neutral,khác
góp 24 tháng được không ạ,neutral,khác
17 thường ở khu vực HN còn không ạ?,negative,khác
"mua mới tại ĐMX mà không được hỗ trợ dán kính cường lực ,",neutral,khác
Có thu cũ samsung s21 để lên đời k shop,neutral,khác
Mọi thứ ổn trừ camera chụp nó xấu k đẹp màn hình đt thì theo hướng hơi vàng k phải kiểu trắng sáng . Sai lầm khi mua đã vậy ra nv còn nói dòng này là dòng thấp nhất thế này thế kia,negative,màn_hình
Mẫu này ở điện bàn còn ko,negative,khác
Từ mi 15 lên mi 17 không có gì phải chê cả mình thích dùng những máy nhỏ gọn cấu hình khủng như dòng mi 17 này cho cảm giác cầm nắm gọn gàng mi 17 năm nay vẫn ngôn ngữ thiết kế nhỏ nhắn xinh xắn pin được tăng đáng kể sử dụng cả 1 ngày dài không cần sạc lại nói chung nâng cấp hẳn so với mi 15,positive,pin
Cho em hỏi bên mình có thu mua điện thoại ko ạ. Em mới mua được 5 tháng ạ.,neutral,khác
"Xin chào Xin cho hỏi Tôi mới mua iPhone 16 128G, đang dùng sang tháng thứ 2. Giờ muốn mua iPhone 17 256G thì nên chọn hình thức đổi trả hay thu cũ đổi mới để có giá trị cao hơn",neutral,giá
Dạ cho e hỏi đt samsung galaxy a16 4g mua 4triệu 500 ngày 26/5/2025. Bên shop thu lại bao nhiêu vậy ạ,neutral,khác
"Mua tại 739 Lê Trọng Tấn BHH. Bình Tân, rất ok. Nhân viên vui vẻ nhiệt tình. Bạn tên Phong. Nói chung trc h chưa chê TGDĐ điều gì.",positive,khác
tư vấn em ạ,positive,khác
S24FE này có hỗ trợ thu ip lên đời máy mới không shop,positive,khác
"Mình có mua 1 máy iphone 17 prm trắng, mình cũng kiểm tra hàng kỹ lúc mở hộp, bạn nhân viên bán hàng cũng nhiệt tình kiểm tra ngoại quan máy cùng mình, vậy mà tối về nhà rảnh nên bỏ máy ra xem vẫn dính 1 vết đốm ở mặt kính trắng sau máy và 1 hạt bui nhỏ trong ống kính cam sau. Apple sản xuất sản phẩm giá trị cao mà vẫn có khuyết điểm về ngoại hình khiến mình cũng không hài lòng với số tiến lớn đã phải bỏ ra. Có chút thất vọng.",negative,giá
E vừa lấy máy đk 6 ngày mà bị bể kính cammera giờ mang lên tgdd sửa hết bn vậy ad ơi,negative,khác
"máy xài ngon,ai đánh giá tệ thì kệ",negative,giá
"Mới mua máy được 1 ngày , lúc mua thì kiểm tra không vấn đề gì , nhưng lúc đem về mở nhạc thì nghe loa có vẻ bị rè rè , không biết có ai bị như mình không nhưng mua máy hơn 30 triệu thì mình cảm thấy rất khó chịu , cho hỏi nếu đem ra tgdd thì sẻ xử lí tình trạng này như nào , mình không muốn gữi máy đi thẩm định từ 7 đến 15 ngày đâu",negative,loa_âm_thanh
"Tốt cho trải nghiệm, hại cho túi tiền",positive,giá
Da xin lỗi e đặt mua theo trả góp ạ dien thông tin bị sai,negative,khác
Từ ip8plus lên ip17prm có đc trợ giá ko,neutral,giá
Thủ tục trả góp thế nào.. và trong bao nhiêu tháng ạ,neutral,khác
Quay video xong Vào xem lại máy rất chậm phông chữ cũng rất nhòe tầm tiền vậy mua con sam sung dòng A thì ok rất tiếc lần này lại mua oppo,positive,giá
"Mình vừa mua con này để tặng cô em gái của vợ mình, thấy em ấy rất vui cảm ơn mình rối rít. 2 ae ngồi trải nghiệm dòng máy này cả ngày đến tối mịt chưa biết chán, đặc biệt máy rất trâu vì có cặp pin 6000, hai ae như được gắn kết sâu hơn, thấu hiểu và thông cảm nhau hơn, chắc chắn máy này đã kết nối nhân tình cho 2 đứa chúng mình",positive,pin
"Iphone 13 thường khu vực cẩm lệ, đà nẵng còn máy new không ạ?",negative,khác
Xài gần 1 năm rồi pin vẫn 100% nhe mấy ní. 17 sắp ra rồi nhưng 16 vẫn đẹp hơn. Múc liền 16 đi mấy ní ơi,positive,pin
Galaxy S24 FE có chế độ tiết kiệm pin nào đặc biệt không?,negative,pin
Bản màu đen có ở Hà Nội chx ạ,neutral,khác
Bao giờ có hàng về shop,neutral,khác
"Mua từ tháng 1/2025 về xài chán thật sự, cứ lag tắt nguồn",negative,khác
Điện thoại này có NFC không,negative,khác
thu cũ đổi mới trợ giá bao nhiêu vậy shop?,neutral,giá
Mới mua đc 3hôm đã hạ 5lít dùng ổn pin trâu 2ngày ko phải sạc,positive,pin
cho em hỏi máy có hỗ trợ tiếng việt kh ạ,neutral,loa_âm_thanh
Điện thoại bi xước camerA bên trong. Chụp bị nhòe mình đem ra cửa hàng. Mà phải gửi đi hãng thậm định đúng lỗi mới cho đổi hả shop. Mất 7 10ng lo lắng quá.,negative,camera
"máy chơi các game phổ thông như liên quân hay free fire khá mượt độ trễ thấp, âm thanh cũng ổn chơi mấy game bắn súng không bị delay, máy mới đẹp như hình",positive,thiết_kế
Đông Triều Quảng Ninh còn hàng ko shop ơi,neutral,khác
"Camera nét giúp tôi chụp ảnh sản phẩm rõ ràng, đăng bài bán hàng nhanh chóng. Sạc nhanh là cứu cánh lớn cho những lúc tôi cần xử lý đơn hàng gấp.",positive,camera
Mới dùng nên thấy ổn,positive,khác
"Tại sao kết nối Androi Auto với ô tô xong, nhận được giọng nói điều khiển nhưng không thực hiện được Google Map",neutral,khác
Các chi nhánh ở hà tĩnh đã cs poco c71 chx ạ,positive,khác
"Sau 4 tháng sử dụng thấy máy rất tốt, chụp hình quá ok trong tầm giá, pin thì dùng được hơn 1 ngày, cầm nắm rất vừa tay. Sử dụng các tác vụ đều nhanh mượt, đặc biệt máy dùng rất mát, ít bị nóng",positive,pin
GIÁ CHÍNH XÁC LÀ BAO NHIÊU,neutral,giá
mua iphone 17 dùng thẻ sinh viên có được giảm gì không anh chị ơi?,neutral,khác
Mình tin tưởng TGDĐ và giá này tốt nhất rồi. Đt xịn đẹp,positive,giá
"Thiết kế máy đẹp mắt, màn hình lớn 6.7 inch nhìn rất đã mắt. Cầm trên tay chắc chắn, sang trọng hẳn lên.",positive,màn_hình
máy chơi liên quân hay pugb có mượt ko shop,neutral,khác
"Mọi thứ tạm ổn, ko có chức năng hộp công cụ nổi thanh bên dùng rất chán, muốn vào ứng dụng khác phải thoát ra",negative,khác
"Con máy này đáng đồng tiền bát gạo lắm mọi người ạ. Mượt mà, pin trâu, camera đẹp. Nên mua liền tay đi là chuẩn không cần chỉnh.",positive,pin
"Máy nét keng lunnn shop ơiii, màn được tăng độ sáng dùng ngoài trời thích lắm, cam mới chụp góc rộng siêu thích mà đặt trước chỉ cần đặt cọc trước 1 phần khi nhận máy vẫn có thể trả góp tiếp quá đã",positive,màn_hình
sản phẩm này bản VN/A hay ZP/A vậy shop,positive,khác
"Camera, pin, tốc độ xử lý rất chậm. Quả camera mình ko dám dùng. Điện thoại cũ 3triệu, tuy dung lượng nhỏ nhưng tốt hơn 10 lần.",positive,pin
Em muốn mua trả góp thì phải trả trước bao nhiêu phần trăm ạ,neutral,khác
"Sản phẩm pro năm ny mượt, pin tốtCó đều cầm nắm chưa thật sự thoả máiNhưng nói chung đây là sp tốt",positive,pin
"Chào anh chị, em mới mua 27/4, khui máy mới ra thấy 1 đường đứt ngang thẳng, e hỏi nhân viên bảo đường phay cắt, ko phải lỗi đâu dùng ít bữa sẽ mất.Vậy dùng ít hôm nữa có mất đường phay cắt trên ko anh chị nhỉ",neutral,khác
16 trắng 128gb mua ở chi nhánh thì có giá bao nhiêu ạ,neutral,giá
"Sài ngon phè phè luôn, iPhone thì không cần phải nhận xét gì thêm. Chị nhân viên bán hàng xinh vẫn nhận ra luôn mình khách quen",positive,khác
"Với tầm giá này thì con điện thoại này rất ổn, đủ để phục vụ tốt cho các hoạt động cơ bản hàng ngày. Phù hợp với sinh viên, học sinh,... Học trực tuyến, họp hành,...chơi mấy game như liên quân,...",neutral,giá
Ko nhận quà giá cuối cùng là bn nhỉ,negative,giá
Mình muốn thu cũ đổi mới. Máy mình Redmi note 12 8G/256,positive,khác
Dùng tốt nhưng dễ vỡ kính mặt lưng,positive,khác
Sao giá 5690 mà Lúc mua chả góp lại là 6090 k nhỉ,neutral,giá
Máy hay bị giật lát chậm chạp tôi muốn sản phẩm khác,negative,khác
Sản phẩm dùng ok,positive,khác
Dung lượng RAM và bộ nhớ trong của OPPO A3 là bao nhiêu?,negative,hiệu_năng
Mua theo lý trí và rất hài lòng,positive,khác
Mua được 3 tháng thấy ngon nhất trong tầm giá. OS mượt pin trâu chụp ảnh đẹp.,positive,pin
Có dòng 12 pro kh shop,neutral,khác
bên mình có hỗ trợ làm thẻ tín dụng k ạ,neutral,khác
ở khu vực sài gòn bên mình còn 17pro 256 bạc còn sẵn ko ạ,neutral,khác
"Quá hài lòng về trải nghiệm của em nó mang lại , 10 điểm",positive,khác
Mới mua được 5 tháng mà bị hỡ keo bung màng ráng đem gửi bảo hành hi vọng sẽ trở về trạng thái ban đầu,negative,màn_hình
"Máy màu xịn xinh dã man10 cho bạn giao hàng nha Vui vẽ nhiệt tình , giao hàng xa như mà rất nhanh",positive,hiệu_năng
Ngày chủ nhật ko lên hồ sơ góp đc ko shop,negative,khác
"Hôm qua tưởng tt 13,5 củ nay nhìn lại tt 12,5 củ. Đúng giá trên hệ thống. Máy xài ngon",positive,giá
Con máy mượt mà và pin trâu nữa. Đáng tiền nên các bác cứ việc chốt đơn đi.,positive,pin
điện thoại xiaomi redmi 9c pin sạc chưa đến 400 lần có thu không shop,negative,pin
Bị lỗi sạc điện thoại không vào pin khi mới mua có 10 ngày mong tgdd liên hệ sớm,negative,pin
Máy đẹp..xài êm nha,positive,thiết_kế
"Loa và âm thanh sống động, hỗ trợ stereo chất lượng cao.",positive,loa_âm_thanh
mua thứ 6 mọi thứ oke,positive,khác
mình đổi máy oppo a53 rồi mua máy này được ko shop,neutral,khác
Chi nhánh Đà Lạt có sẵn iphone 13 128G màu hồng không,neutral,khác
ngon – bổ – hợp túi tiền camera chụp ảnh rõ nét,positive,camera
"Pin dùng trâu hơn hẳn đời cũ, giúp tôi thoải mái làm việc và họp online cả ngày. Sạc nhanh giúp nạp đầy pin chỉ trong thời gian ngắn.",positive,pin
"Màn hình hiển thị tốt, màu sắc ổn trong nhà; ngoài trời mạnh thì hơi mờ.",positive,màn_hình
ad cho em hỏi đây là ss galaxy a17 bản 4g hay 5g thế ạ?,neutral,khác
Bị sự cố Kết nối MMI là sao vậy. Nó cứ hiện mãi,neutral,khác
điện thoại mới mua 27/5/2025 đến nay 15/10/2025 điện thoại bị tụt pin xuống còn 97%,negative,pin
Chi nhánh BD còn màu hồng không ạ.,negative,khác
Thu cũ đổi mới giảm 2tr hay tùy sản phẩm đổi mà có mức hỗ trợ khác nhau,neutral,khác
Mới mua sao kg thấy tặng củ sạc,negative,khác
hcm có hàng k,neutral,khác
Chán quá mới mua đến giờ dc hơn 1 tháng sạc 42 lần mà đã xuống 1% pin mong dc giải thích hợp lý,positive,pin
Mình mua trả góp chọn số tiền trả hóp là 5tr vậy lúc lấy máy mình vừa đưa tiền góp của tháng với tiền THANH TOÁN KHI NHẬN MÁY lun hay sao ạ,neutral,giá
Dung lượng pin 22 giờ là có nghĩa sử dụng 22 giờ mới hết pin ah shop? Mình đang dùng samsung 15 năm nay đang muốn thay đổi chút.,positive,pin
"Sài ngon phè phè luôn, iPhone thì không cần phải nhận xét gì thêm. Chị nhân viên bán hàng xinh vẫn nhận ra luôn mình khách quen",positive,khác
Mua được vài hôm dùng thấy được,positive,khác
Phục vụ nhanh và chu đáo,positive,hiệu_năng
Thấy có máy bạn nói ko tốt chứ mình dùng 2 ngày mới hết pin máy chạy mượt nhận duyện khuôn mặt cũng rất nhanh 5G cũng rất mạnh do máy bạn dùng làm sao ấy chứ,positive,pin
Đt mới mua 11 ngày lỗi reset counter 5 lần,negative,khác
Mua điện thoại ms dùng dc 5 tháng sạc không vào gửi đi bảo hành thì từ chối bảo hành lý do bị cấn kêu muốn thay thì thay cả main pin hết 12tr150k . K hiểu kiểu làm ăn ntn. Bên này thì đổ bên kia không có trách nhiệm lần sau bán hàng thì bỏ cái bảo hành đi cho kh đỡ hiểu lầm. Bán chênh hơn bên khác vì sự uy tín tin tưởng mà làm ăn thật sự quá tệ,negative,pin
Cho e hỏi e đã mua s25 plus 256gb nếu e muốn đổi lên 25 plus 512gb thì có chương trình gì không ạ? Hay phải mua mới ạ,neutral,khác
"FPT Shop giao máy nhanh, mình đặt online hôm trước thì hôm sau đã nhận được. Hộp máy được đóng gói cẩn thận, nguyên seal, giao đến tay mình rất chỉnh chu.",positive,hiệu_năng
Mình thấy có bản cập nhật mới và nghĩ sản phẩm reno 14f của mình tương thích nên đã cập nhật để trải nghiệm. Thanks oppo tuy chưa trải nghiệm nhưng cảm ơn về chính sách,neutral,hệ_điều_hành
Máy bao ngon không nóng máy pin trâu.... ai thích bần bần mua sài thì ok...,positive,pin
Camera chính của OPPO A58 có độ phân giải bao nhiêu?,neutral,camera
"Đã mua và trải nghiệm, cực kì hài lòng nha các bạn",positive,khác
tưởng chỉ có mỗi mình bị thoi nhưng đocn cmt cũng đủ hiểu mình mua từ 17/2 tới 25/11 dùng rất kĩ luôn ko dám chơi hay sạc nhiều mà hiện tại pin chỉ còn 89% là sao nhỉ thề luôn cọc vãi,neutral,pin
"xứng đáng cho 10 sao,với mức giá như vậy là quá ok rồi còn có mạng 5G nữa.Tất cả đều ok",positive,giá
Điện thoại của mình mới mua chưa đc 1 tháng. Nhưng camera trước thi thoảng không lấy nét được. Phải tắt máy đi bật lại mới được. Cảm giác rất khó chịu,negative,camera
Ip 16 thường hàng cũ giá bao nhiu vậy ạ,neutral,giá
Muốn đổi máy lấy hãng khác được không vậy,neutral,khác
Chất lượng tốt,positive,khác
Nâng cấp phiên bản mới. Giờ cài hình nền nó cứ tự động nhảy màu là sao,neutral,khác
Đặc quyền HSSV - Giáo viênGiảm ngay200.000đXác thực ngay,positive,giá
"Mua 30tr nhưng chụp hình còn lác và đơ hơn 13prm tới nhân viên kiểm tra thì kêu gửi máy đi nơi khác kiểm tra thì cho hỏi ai tin tưởng giao máy cho nv được , rồi nếu ko tin tưởng thì nói khách tự đưa qua , vậy khách mua thế giới di động lại phải đưa qua chỗ khác mà đâu phải rảnh thời gian đâu, ai cũng có công việc. Mua thế giới di động mục đích mà lỡ máy có gì tiện bảo hành mà bây giờ bảo hành kiểu này thì chịu, máy mua chưa được 1 tháng. Khuyên mọi người mua máy ra chỗ khác mua cho khoẻ vừa rẻ hơn vừa bảo hành nhanh gọn lẹ.",negative,hiệu_năng
Mua ngày 30/04 cho đến hiện tại 20/9 pin còn 97%. Vậy mình muốn bán lại thì giá bao nhiêu. Tình trạng máy không bị trầy xước.,neutral,pin
Chị nhân viên chụp hộ hàng sài oke trải nghiệm lâu dài ch bik,positive,khác
Đẳng cấp luôn,positive,khác
GIAO HƠI CHẬM,negative,khác
sản phẩm này còn màu xám tại Long Thành - Đồng Nai không ạ?,positive,khác
Bên mình có ghtn không nhỉ???,neutral,khác
không thấy thông tin về nhận diện khuôn mặt,negative,khác
"Giao hàng nhanh gọn, đóng gói kỹ càng. Nhân viên FPT nhiệt tình tư vấn, hướng dẫn sử dụng chi tiết từng bước cho mình. Rất hài lòng với dịch vụ ở đây.",positive,hiệu_năng
Vũng Tàu có hàng ko,neutral,khác
Đã mua và dùng rất thích nhưng mỗi tội màn hình hơi nhỏ,positive,màn_hình
Sản phẩm này còn ở Hải Phòng không ạ? Máy bị vỡ màn hình có áp dụng được với chương trình thu cũ đổi mới không ạ?,neutral,màn_hình
Ở các cơ sở HN đều có sản phẩm này với giá này đúng không ạ?,neutral,giá
máy được bảo hành bao lâu vậy ạ?,negative,khác
Mình hỏi thu cũ đổi mới ip11 pin70% trầy nhẹ và vẫn dùng bình thường,neutral,pin
Tôi có mua 1 ip 16prm bản 256 màu đen tại thế giới di động chỗ cầu lim thành phố ninh bình đã đổi đến cái thứ 6 vì lỗi gọi tới đen màn nhân viên tư vấn đổi sang màu vàng tôi đã nghe theo và đổi sang màu vàng nhưng vẫn bị lỗi hiện tại tôi đã đổi đến cái thứ 8 trong vòng 3 tháng khi tôi đòi hoàn tiền nhân viên k cho bắt tôi mất 20% tiền . Tôi viết bài đánh giá thì có nhân viên gọi điện sẽ giải quyết cho tôi trước 17h ngày 21 tháng 8 2025 . Nhưng k thấy gì tôi rất k hài lòng về cách phục vụ này . Bài viết trước của tôi đã bị xoá,negative,màn_hình
Mới dùng đc 1 tháng....tự nhiên đơ lúc mở màn hình cở 5 phút tự động ngắt máy khởi động lại,negative,màn_hình
sản phẩm này có ở fpt phụ nhuận không ạ,neutral,khác
Giá tốt hơn nơi khác,positive,giá
cho em hỏi bên mình có bán iPhone 15 cũ không ạ,neutral,khác
"Đang đợi lấy Xiaomi Poco X7 Đen, quá đã shop ơi",positive,khác
San pham nay choi game muot k ak...pin co lau het k ak,positive,pin
Máy đẹp..xài êm nha,positive,thiết_kế
Mất sóng liên tục,negative,khác
Cần tư ván trả góp,neutral,khác
"Alo anh chị,giá trên màn hình hình là giá điện thoại à, sao em mua trả góp 0%mà nhân viên tính 8.290k, trong khi đó giá trên hệ thống để giá khác",negative,màn_hình
Sao không điều khiển ti vi được vậy,neutral,khác
"mua ở điện máy xanh 13/128g đc 2 tháng máy dùng ok pin còn 100%,nv tư vấn ok",positive,pin
Cho mình hỏi mình mua đt lúc tháng 8 đến nay dây cáp sạc của mình lúc sạc pin đc lúc ko thì có đc đổi dây cáp sạc k vậy,neutral,pin
Chính sách bảo hành tốt đi đôi với dv. Rất ưng ý,positive,khác
Mua được 5 thág thì rất nhiều điều bất ổn . Đag dùng thì màn hình chớp tắt rồi tự bật lên lại . Wifi rất yếu . Chập chờn lúc có sóg lúc không dù ngồii cách cục model wifi có 10m . Lướt tictok lâu lâu bị đơ cứg ngắc k bấm gì dc kể cả phím cứg .lâu lâu màn hình tự nhiên tăng độ ság đột ngột dù k bật ság tự động. Pin thì tụt nhanh hơn người yêu cũ tụt quần . Bao nhiêu đây lỗi do nhà sản xuất thì rất mong bên cửa hàg có thể đổi cho tôi máy mới,negative,pin
"Mua góp tiền thì thu rồi mà đợi xuất hàng gần 15p khó hiểu,mua ngày 28 về xem lại thì ngày kích hoạt máy là 27",neutral,giá
"Máy hơi dày khi gập, cầm tay thấy khối gập rõ rệt; khi mở ra thoải mái hơn.",negative,thiết_kế
Giá quá hợp lý so với chất lượng,positive,giá
Nhân viên nhiệt tình hỗ trợ,positive,khác
"Máy xài đc mới 3 tháng , chu kì sạc chỉ 38 lần đã tuột 2% thấy chất lượng tệ nhỉ",negative,khác
"Hiện mình đang ở ngay trung tâm Bạc Liêu, không viết máy đang đang có sẵn ở đây không",neutral,khác
Đút túi nó toàn tự nghe hoặc tắt,negative,khác
Cũng tốt chưa thấy lỗi vặt,positive,khác
"Samsung A07 là chiếc điện thoại phổ thông rất đáng mua, pin 5000mAh dùng thoải mái cả ngày rưỡi mới cần sạc. Bản 128GB là điểm cộng lớn trong tầm giá này, tha hồ tải ứng dụng mà không lo hết bộ nhớ. Nhân viên FPT Shop tư vấn mẫu này cho mình để làm máy phụ rất hợp lý.",positive,pin
"Ở phường ngũ hành sơn , đà nẵng còn hàng k ạ",neutral,khác
Lâu lâu bị đơ không thoát app được. Lỗi bong bóng chat zalo và Messenger. Thông báo tin nhắn dù đã đọc rồi nhưng vẫn lặp lại. Camera ổn. Sài app hệ thông nhưng quảng cáo khiếp. Ko dùng thì oki. Tạm ổn,negative,camera
trả góp máy này thì cần những gì và phải trả tiền bao nhiêu ạ,negative,giá
Máy phản hồi chậm. Pin tụt nhanh hơn tụt quần. Nhìn pin nó tụt giống như đồng hồ đếm ngược chứ không nghĩ là báo % pin. Nản.,negative,pin
Có hỗ trợ sạc nhanh không?,positive,hiệu_năng
Cho e hỏi có phải trả tiền trước khi mua k ạ,neutral,giá
"Đối với mình máy ok, có 1 vấn đề là vào camera chụp hình thì tí bị văng ra. Bên tgdd có cách nào khắc phục không, mình cũng khởi động lại thiết bị rồi. Hay cần ra trực tiếp cửa hàng ạ.",neutral,camera
Điện thoại mới mua nhưng để qua đêm tắt toàn bộ chế độ nhưng vẫn bị tụt pin 5%,negative,pin
Oppo find N3 flip có dán màn hình sẵn mặt trong không ạ,negative,màn_hình
"Mới mở hộp được 2 ngày, trước tiên thấy đẹp, hoàn thiện cao, pin trâu. Màu đỏ thật sự nổi bật",positive,pin
Máy mình mua mới tại TGDD từ 11/9. Giờ mắt cam bị bụi bên trong.,negative,khác
"Máy dùng ổn, mua thu cũ đổi mới được giá tốt, nv đmx hỗ trợ nhiệt tình",positive,giá
"Máy mượt, ba mình sử dụng rất thích nhưng mới mua tháng trước 5tr1 giờ check lại còn 3tr8",positive,khác
"Mình mua được 1 tuần nhận xét như này pin dùng thoả mái từ tối hôm trc sạc đến 10h tối hôm sau dùng vẫn ok , chip a15 nói chung ổn nhanh vs các tác vụ cơ bản rất mượt ko bị chững như con xs max trc. Mua chip quan trọng hơn ram là hợp lí. Dung lượng 128g con này thấy ko báo ảo đựng dữ liệu cũng mấy nghìn cái video . Chỉ một điểm yếu của nó là máy ảnh nó ảo hơn xs max . Màn hình thì ko thấy bị mỏi mắt khi xem nhiều có thể do lần đầu mua máy ở tgdd còn trc mua xs max mua ngoài quán nó thay màn r . Nói chung thấy chất lượng so vs tầm giá",positive,pin
Đẹp cầm vừa tay gọn thêm ốp nữa là ok Mình mua đc hơn 1th r chưa thấy vấn đề gì Nhân viên TGDĐ phương lâm tân phú đồng nai phục vụ khách hàng rất tốt vui vẻ chỉn chu cài đặt từ a đến z rất ưng ý,positive,thiết_kế
"Mọi thứ đều ổn riêng camera sau khi chụp gần khoảng 15 cm là bị mờ ,vỡ ảnh",negative,camera
"Máy mượt, ba mình sử dụng rất thích nhưng mới mua tháng trước 5tr1 giờ check lại còn 3tr8",positive,khác
Iphone 15 thường giờ mua góp 12 tháng thì trả trước 10% được k shop hay là 30%.,neutral,khác
Sản phẩm này với giá 3.490.000 đ đã có củ sạc đi kèm chưa,negative,giá
Tốt lắm nhé,positive,khác
"Mua tại fptshop thì quá yên tâm về khoản nguồn gốc sản phẩm,từ bảo hành hay dịch vụ hậu mãi đều ổn thuận tiện cho khách hàng, giao hành nhanh giá tốt",positive,hiệu_năng
Máy đẹp chụp hình tốt nfc quét không cần gỡ ốp lưng luôn.không đòi hỏi gì thêm ở tầm giá này nữa.có 1 cái khá khó chịu là khi gọi điện thoại bật loa ngoài loa rất to mặc dù đã giảm âm lượng xuống hết mức.pin thì dư sử dụng 1 ngày xài ngon nha mng,positive,pin
Bên mình có bảo hành 1 đổi 1 trong vòng 30 ngày nếu lỗi do nhà sản xuất không ạ?,neutral,khác
Ngon lành mua lúc còn km đc cái loa xịn sò quá đã luôn khỏi phải bàn.,positive,loa_âm_thanh
Cũng tốt chưa thấy lỗi vặt,positive,khác
máy xài ổn định ko bị dung lắc,positive,khác
SẢN PHẢM ĐẸP,positive,thiết_kế
Hệ điều hành của máy là gì?,positive,hệ_điều_hành
Cho hỏi IPhone 13 mình dùng ốp trong suốt nếu dùng sạc không dây thì có phải tháo ốp không nhỉ,neutral,khác
"Camera selfie 32MP với chế độ làm đẹp tự nhiên, thích hợp cho các tín đồ selfie.",positive,camera
"Bắt sóng 4g và sóng điện thoại yếu, wifi yếu, chức năng tạm ổn với giá. Ưng ý phần khung kim loại và pin",negative,pin
Tốc độ mạng đi động yếu hơn khi sài so với máy củ Oppo f9,negative,hiệu_năng
máy xài vá ngoan xuất sắc pin trâu mỏng nhẹ,positive,pin
"mình mua T9 năm ngoái, đến giờ gần được 9 tháng nhưng dung lượng pin giảm nhanh lắm, không biết có chính sách bảo hành gì không ạ",neutral,pin
Chính sách bảo hành lỗi 1/1 cực tệ với nhiều lí do vô lí . Trong tháng 1 đỗi 1 mà bắt khách hàng chịu lỗ 20% mới cho đổi.... tạm biệt không bao giờ quay lại,negative,khác
"Mẫu này hot quá nè, rất muốn cầm đc máy ngay lập tức, FPT Shop các bạn nv tư vấn nhiệt tình lắm",positive,khác
Tốt Nhưng mà để qua đêm tuột 6%,positive,khác
TỐT TRONG TẦM GIÁ,positive,giá
Máy đẹp Sài muoc van tây cực kỳ nhạy giá vừa túi tiền.dang để mua Sài,positive,giá
Sản phẩm tốt. Màu xanh dương đẹp. Chiến game trong vài năm tới,positive,thiết_kế
Nhà mik còn giảm giá đến hnao ạ,neutral,giá
xiaomi note 11 doi sang may nay dc k,positive,khác
dịch vụ tgdd bây giờ quá kém. mua đt báo mua củ sạc đc giảm tới 20%. đặt online phí ship có 10k thì k cho áp giảm. bắt mua giảm 10% thì chịu ship 30k. trc đây dv ok mà h tệ quá.,negative,khác
"Mua đc tháng, dùng thấy ổn mà.",positive,khác
chị nhân viên cute vãi ò 3,neutral,khác
Cho em hỏi iphone 17 tím oải hương có hàng ở Tây Ninh chưa ạ,neutral,khác
Iphone 17 xanh xô thơm ở Long Xuyên có hàng không ạ?,neutral,khác
"Tôi dùng có được 2 tháng mà ngày sạc 1 lần mà pin tụt xuống còn 99% có phải lỗi j ko ad, rồi lâu lâu không đăng nhập được các wed lag, phải thoát ra vào lại, ứng dụng trên máy ấn mãi ko vào đc, phải tắt ra vào lại là sao , máy có tình trạng lag khi đang nhắn tin hay khi mở ứng dụng",negative,pin
"Tuyệt vời lắm luôn, dùng rất ưng nha",positive,khác
"máy bị đơ cảm ứng,",negative,màn_hình_cảm_ứng
giảm 300k đến 27/12 và xác thực HSSV thì giảm tiếp 200k nửa hay sao ạ?,neutral,khác
E Sài san pham Sắp một năm rồi thời gian sử dụng tụt còn 96% với 210 lần sạt. Em cảm nhận rất nhanh tụt pin tgsd,positive,pin
"Cảm nhận về nhân viên ổn, dịch vụ bảo hành bình thường,Cảm a vũ dmxlm nhé hỗ trợ nhiệt tình.",negative,khác
"Pin ko trâu lắm, sử dụng ít cũng tuot pin,hơi khựng mua 3tr990, ko có các khuyến mãi",negative,pin
Trả góp trước bn shop,negative,khác
Ip14 pro màu trắng bnhiu vậy shop,positive,khác
"Nếu mua sản phẩm Ip17 promax với hình thức trả góp qua phương thức thẻ tín dụng, có yêu cầu hạn mức tối thiểu của thẻ là bao nhiêu không?",neutral,khác
Iphone 17 256gb Tím Oải Hương or Xanh Lam Khói có ở Đà Nẵng không ad,neutral,khác
fpt ơi ko biết có thể hỏi cho mình xem 3 quán ở hạc thành thành phố thanh hoá còn con này ko để mình ra lấy chứ hôm đi lấy 1 con nông cống bị chết pin nên ko lấy đc,neutral,pin
Máy mới màu đẹp xài mượt ngon nha không lỗi vặt,positive,thiết_kế
SẢN PHẨM DÙNG ỔN,positive,khác
"Sản phẩm tìm kiếm nhiều: Macbook Neo | Samsung A37 | Samsung A57 | Samsung S25 | Samsung A56 © 2007 - 2024 Công Ty Cổ Phần Bán Lẻ Kỹ Thuật Số FPT • Địa chỉ: 261 - 263 Khánh Hội, P. Vĩnh Hội, TP. Hồ Chí Minh • GPĐKKD số 0311609355 do Sở KHĐT TP.HCM cấp ngày 08/03/2012.GP số 47/GP-TTĐT do sở TTTT TP HCM cấp ngày 02/07/2018Điện thoại: (028) 7302 3456 Email: fptshop@fpt.com Chịu trách nhiệm nội dung: Nguyễn Trịnh Nhật Linh.",neutral,khác
Mới mua nhưng pin nghe nói k đc như mong đợi,negative,pin
chi nhánh ở khánh hòa còn ip13 màu hồng ko ạ,neutral,khác
Bên mình trả góp như nào v ạ,neutral,khác
Rất đẹp dùng mượt mà cấu hình mạnh trải nghiệm tất cả những game đồ hoạ cao chụp ảnh sắc nét quá tuyệt vời,positive,camera
dạ shop cho em hỏi mua trả góp xoaimi poco x7 cần trả trước bao nhiêu tiền vậy ạ,neutral,giá
Máy này xài ứng dụng mượt không FPT,positive,khác
Giờ trả trước 0 đồng ạ,neutral,khác
Đặc quyền HSSV - Giáo viênGiảm ngay200.000đXác thực ngay,positive,giá
"Mình mua được 1 tuần nhận xét như này pin dùng thoả mái từ tối hôm trc sạc đến 10h tối hôm sau dùng vẫn ok , chip a15 nói chung ổn nhanh vs các tác vụ cơ bản rất mượt ko bị chững như con xs max trc. Mua chip quan trọng hơn ram là hợp lí. Dung lượng 128g con này thấy ko báo ảo đựng dữ liệu cũng mấy nghìn cái video . Chỉ một điểm yếu của nó là máy ảnh nó ảo hơn xs max . Màn hình thì ko thấy bị mỏi mắt khi xem nhiều có thể do lần đầu mua máy ở tgdd còn trc mua xs max mua ngoài quán nó thay màn r . Nói chung thấy chất lượng so vs tầm giá",positive,pin
100% tụt xuống cực kỳ nhanh thành 95,positive,hiệu_năng
Sản phẩm lỗi lên lỗi xuốngChăm sóc khác hàng thì vớ vẩn lòng vòng cả 1 hệ thống bán hàng giả hàng kém chấ lượng lừa đảo có tổ chức,negative,khác
Máy ổn. Mà nhân viên tệ mình bị quên mật khẩu nhờ của hàng hổ trợ. lên nhân viên ko thèm coi kỹ đứng luôn ngoài cửa bảo phải đem lên hãng 1015 ngày. Không nhiệt tình như lúc mua tức quá cầm về luôn. trong khi máy mới lấy 2 ngày trước chưa sạc luôn. Ghét quá đem qua nhờ bên fpt họ kêu mua bên tgdd mà họ ko hỗ trợ anh hả thôi để em lại cho xin cái imei của máy cái chạy lại 1 tiếng là xong. còn nhiệt tình hỗ trợ nữa. Chắc lần cuối mua ở tgdd,negative,loa_âm_thanh
Rất thích và hài lòng.Nhân viên tư vấn nhiệt tình,positive,khác
thanh toán quẹt thẻ qua mbbank có được giảm giá không ạ,neutral,giá
Máy này co bán ở Vĩnh Châu ko,negative,khác
"Cảm ứng vân tay hơi tệ , lúc ăn lúc ko , ko biết phải máy hư ko",negative,màn_hình_cảm_ứng
Mới mua. Cảm thấy hài lòng. Nhân viên phục vụ tốt.,positive,khác
"Nhận hàng tối 8/2. Đổi từ s22u lên s25u thấy xứng đáng. Có mua kèm cái bảo hành 2 năm 490k, nó ko phải care±, với lại đợt này đặt trước với mở bán y chag ko khác gì",negative,khác
Hãng Samsung a36 này liên danh của trung quốc mua sai lầm Màn hình tệ hơn Hãng oppo nữa Ae ơi,negative,màn_hình
Vĩnh Lộc A còn hàng k shop,neutral,khác
Chương trình trả góp như thế nào ah,neutral,khác
"Điều đầu tiên mình rất ưng khi đi mua hàng ở TGDĐ đó là chính sách hỗ trợ khách hàng siêu tốt, mình mua con Galaxy A15 4tr5 dùng được 1 năm, đến khi mang ra TGDĐ thì vẫn được hỗ trợ thu cũ lên đời con Xiaomi 15T Pro này, mà còn được thu lại với mức giá khá cao, giá thu khoảng tầm 85% so với giá mua lúc trước. Các bạn nhân viên hỗ trợ mình cũng rất tận tình và chu đáo. Máy dùng oke, không có gì phải bàn cãi, có điều pin tụt hơi nhanh so với dung lượng 5500mah, chắc do chip khoẻ quá nên ngốn điện hơi nhiều. Nói chung là 10/10, không có nhưng",positive,pin
Em là hs lớp 12 thì có được ư đãi hssv không ạ? Mua tại cửa hàng thì có kèm theo bộ sạc không ạ?,neutral,khác
Ở chi nhánh thống nhất nha trang đã về mẫu màu hồng cam ch,positive,khác
bảo hành bằng gì,negative,khác
Location: Khách chưa chọn địa chỉ rất hài lòng,positive,khác
Nợ xấu có mua trả góp đc hong shop,negative,thiết_kế
Sao ra cửa hàng mua lại giá cao hơn xem tại đây,neutral,giá
SHOP CHO MÌNH HỎI MUA TRẢ GÓP LÃI SUẤT SAO Ạ,neutral,khác
Máy có loa kép không? Chất lượng âm thanh như thế nào?,neutral,loa_âm_thanh
"Dùng dc 1 tuần, rất ok, hi vọng ko lỗi gì, pin trâu xài bt 3 ngày mới hết",positive,pin
Cho mình hỏi mình đổi từ redmi c9 qua samsung đc k ạ,neutral,khác
"Lướt fb, tik tok nó lag quá nhỉ, lướt 2,3 video là quay miết, thoát ra vô lại vẫn v",negative,khác
Poco x7 pro ở vĩnh long mình còn ko shop,negative,khác
có thu cũ đổi mới không shop,neutral,khác
chưa dùng đc 1 tháng pin đã tụt xuống 99%,negative,pin
Hổm mua 13.2 nay lên 15.7 vãi chưởng,positive,khác
"Mua về dùng rất ổn, đáng tiền, chắc chắn sẽ quay lại mua nữa",positive,giá
"Mình mua và sử dụng củng được vài tháng ròi ,mua vì hàng đập hộp cho an tâm nào dè sài chán ,máy nóng mau tuột pin ,60hz chậm , màu hồng đẹp",positive,pin
OPPO A3 có hỗ trợ sạc nhanh không?,positive,hiệu_năng
mình đã mua đc 6 tháng h muốn bán để lên iphone 17 mong đc hỗ trợ,neutral,khác
Sv mua trực tiếp tại cửa hàng có được giảm ko,neutral,khác
"Pin nhanh xuống kinh khủng,máy thì nóng rang, đặc biệt là khi dùng cam, chụp được 12 ảnh là nóng sôi rồi. Pin sài 1 năm thì xuống còn 90",negative,pin
"Hải dương còn hàng ko, giá tnao ak",neutral,giá
shop ơi 13prm 256gb lên 17prm 256gb bao nhiêu ạ,neutral,khác
"sài tốt, e dùng 11prm muốn xuống đời sxm đc không ạ",neutral,khác
"Mỗi lần đến địa đểm mới, Máy cập nhật wifi chậm, lâu vào được mạng",negative,hệ_điều_hành
S25FE nay bao nhiêu ạ,neutral,khác
ơ hết hàng r ạ😭😭,negative,khác
e có con redmi. not 11pro bi ố màn hình có màn hình để thay hoặc sữa chữa như nào nhờ shop tu vấn ạ,neutral,màn_hình
Thật sự để mà nói thì đã lâu lắm rồi mới dùng lại ss công nhận tốt Thật sự,positive,khác
"So với máy Xiaomi / Redmi cùng tầm dưới 3 triệu, C71 nổi bật ở màn 120Hz – vuốt mượt hơn hẳn, cảm giác “sướng tay” khi lướt danh sách, cuộn trang.",negative,màn_hình
Shop có thu lại oppa a73 6G/128 (green).,neutral,khác
Khi mua máy là có kèm sạc với tai nghe không,negative,khác
SẢN PHẢM ĐẸP,positive,thiết_kế
"Đã sài hơn 3 tháng ,sài rất OK ,chụp ảnh nét ,sáng",positive,camera
Tốt nha máy đẹp,positive,thiết_kế
"Thiết kế đẹp trai thật, màn hình lớn nhìn đã mắt, cầm chắc tay nữa. Đúng chất cao cấp luôn.",positive,màn_hình
Ở khu vực phú quốc hiện tại có máy này không ạ hay phải đặt trước?,neutral,khác
Dạ ở Thành phố Phan Rang - Tháp Chàm Ninh Thuận còn iphone 13 màu nào vậy ạ,neutral,khác
còn giá 5990k không shop,negative,giá
máy xài tác vụ bình thường zalo Youtube fb tik tok thì 1 ngày mới hết bin còn sử dụng camera nhiều ghép ảnh chỉnh sửa thì tốn bin lắm nóng máy nữa,negative,camera
Bản s25 fe 512gb áp dụng tất cả khuyến mại trên thì giá còn bao nhiêu vậy shop hay là km tính riêng,neutral,giá
Nhân vien với cả bộ phận tông đài làm ăn rát chi là bát nháo đt lỗi đem ra o chịu đổi dẹp mẹ cái trò 1 đổi 1 đi đt bị lôi doi trong 1 thang mà bắt nguoi ta gui hang nhung lỗi thì ranh trước mắt nhưng vẫn o chịu đổi máy từ nay đó mà tao ung hộ cho cái gi làm ăn vớ vẫn,negative,khác
Qua ngày 21/7 còn đc giảm giá khoảng ạ,neutral,giá
Mặt hàng này ở Vĩnh Hưng hoàng mai còn ko ak,negative,khác
Vĩnh Long có hàng ko a,neutral,khác
Pin trâu không ạ,positive,pin
"Công nhận pin đỉnh để qua đêm không tụt tý gì, dùng sướng hơn 15prm nhiều",positive,pin
FPT còn 14 thường 256gb không ạ,neutral,khác
cho mình hỏi khi mua điện thoại iphone 15 bản 128GB thì giá này đã bao gồm phụ kiện và gói bảo hành chính hãng chưa nhỉ,neutral,giá
mình đổi từ ip13 pro bản 256Gb lên ip15 256gb thì có hỗ trợ đổi không và bù thêm bao nhiêu tiền nữa,neutral,giá
Này có hỗ trợ sạc nhanh không shop?,positive,hiệu_năng
Máy này còn hàng ở khu vực quốc lộ 91 thốt nốt cần thơ không shop,neutral,khác
hiện cửa hàng có iphone 17pro 256GB màu bạc không ạ,neutral,khác
Sản phẩm giá tốt nhưng vẫn mang lại trải nghiệm thương hiệu lớn bền bỉ. Đội ngũ kỹ thuật viên hướng dẫn dặn dò kỹ về cách sạc pin để bảo vệ máy tốt nhất. Cảm ơn shop vì dịch vụ chuyên nghiệp và sản phẩm chất lượng trong phân khúc giá rẻ.,positive,pin
Mấy bác sao ấy chứ.tôi sử dụng gần 2 tháng này có lỗi gì đâu dùng rất mượt.. cảm biến vân tay và khuôn mặt rất nhạy và chính sát... không như các bác nói,positive,màn_hình_cảm_ứng
Mình có mua ở chi nhánh 06 hai bà trưng . Mh xem là góp trong thế giới di động thì k có lãi suất . Mà mình dô góp cũng do mh lần đầu đi góp nên k bk để Ah nv ảnh làm hết .Mình mới trả góp 2tr800 còn lại mỗi tháng góp 944. Trong giấy ghi là 18/3 mới đóng mà nay mình lên đóng trước thì thấy tháng 2 vẫn đóng 944 . Thế ra mh phải đóng 13th . Trong giấy ghi 18/320/2/2027.Má ơi toá hoả giờ nhận ra mh góp iphone 14 128gb giá 15tr hơn . Từ hồi giờ e k có trả góp giờ ngu thì chịu chứ bk làm như nào giấy tờ họ làm hết r . Mà chắc chỉ có e k bk mới bị thôi chứ ai mà bị .,negative,giá
"zalo bị lỗi bong bóng chát, mỗi lần bị là phải khởi động máy lại, điện thoại mua 5 ngày mà khởi động máy khoảng 10 lần rồi",negative,khác
Chơi vs tập đoàn này đi r biết. Máy lỗi fb video mang ra nó k chịu nhận đổi máy cho khách. Mà bắt đi theo lên tận hãng. Ai rảnh Giờ trả lại là mất 20%. 100 người mất 20% thì sao nhỉ Nhìn vào vụ giá bách hóa xanh r biết tập đoàn này uy tín cỡ nào r,neutral,giá
"điện thoại mới mua 1 ngày về loa quá trời rè coi phim , nghe nhạc , gọi điện cái nào cũng bị rè cứ mở loa lớn chút là rè còn mở full loa thì nghe rè như tiếng nhạc luôn quá chán",negative,loa_âm_thanh
Mình là female nhé,positive,khác
"hiện tại mình đang hư điện thoại và dùng laptop nên không quét QR zalo của shop được, mình hỏi thêm 1 chút là nếu như đặt ship thì có cần xác nhận lại bằng cuộc gọi thường không và tạo tài khoản học sinh sinh viên tại cửa hàng fpt mà không đem điện thoại theo có được không",neutral,khác
Iphone 11 128gb đã thay pin đổi 17 256g bù bn vậy shop,negative,pin
"Pin trâu, sử dụng nhìu h liền ko nóng máy, mượt",positive,pin
Mua máy mất tiền cọc hơn 1tr,negative,giá
Mình có con poco x3 pro cũ ko lên nguồn do hỏng pin có đc thu cũ ko ạ,negative,pin
mới mua về Sài cũng OK qua 2 tháng pin giảm nhanh,positive,pin
"E này thiết kế đẹp mê ly luôn nha, cầm chắc tay mà mỏng nhẹ. Vỏ nhám chống bẩn tốt quá trời.",positive,thiết_kế
"Dt sai đc 2 tuần,OK hết,man hình hoi nhỏ,ai muốn man hình OK thì sai 14plus…",neutral,khác
Nhanh hết pinchỉ đọc báo trong vòng 5 phút hết 2% pin,negative,pin
Có bản 256gb ko ạ,neutral,khác
Rấy hài lòng,positive,khác
Mình mới mua hôm nay sao mà nhạc chuông nhỏ quá vậy,positive,khác
Z Fold 6 có sạc nhanh không?,neutral,hiệu_năng
Mình mới mua được 1 tuần . Giờ xem video trên FB cứ bị khựng lag. Rất khó chịu trong khi ứng dụng chạy nền không có thua hẳn những chiếc đt cũ khác cần tư vấn đổi trả sang thiết bị khác Thất vọng về con đt trong tầm giá,negative,giá
"chào shop, Xiaomi 11T grey 256g của em bị lỗi màn hình, trầy nhẹ với pin không zin muốn đổi qua con này thì giá là nhiêu ạ",negative,pin
"Mẹ ơi đúng ngon luôn,hàng xiaomi mà trên 10 củ nó vẫn là cái gì đó quá đẳng cấp",positive,khác
Mới mua máy sử dụng ok .k có gì để chê,positive,khác
"Giao diện ColorOS trực quan, dễ làm quen và có nhiều tính năng tùy biến thông minh hỗ trợ tốt cho công việc. Khả năng bắt sóng và kết nối Wifi của máy rất khỏe, ít khi gặp tình trạng chập chờn hay mất mạng.",positive,khác
Gọi luôn nhé,positive,khác
Còn còn này ko em ơi,negative,khác
Poco m7 pro 5G có tại châu đốc chưa,neutral,khác
"Mới mua về 10 ngày mà face id k khả dụng có bảo hàng được k ạ, k rớt nước, k va chạm mạnh mà vẫn bị",neutral,màn_hình_cảm_ứng
"Ở Quy Nhơn còn hàng không ạ? E là sv, Nếu e ra tận quầy để mua thì được ưu đãi gì không?",neutral,khác
"sản phẩm oke ạ, uy tín, tư vấn nhiệt tình",positive,khác
sản phẩm còn hàng không? ở cửa hàng nào còn vậy?,neutral,khác
E muốn trả góp trong vòng 9 tháng thì sao ạ,neutral,khác
Shop co chương trình khuyến mãi gi ko ạ. Cho mình hỏi iphon15 thường giá bn ạ,neutral,giá
Có thu cũ đổi mới không ạ,neutral,khác
"mình áp dụng chương trình thu cũ đổi mới để mua máy, vậy có được áp dụng cả thanh toán giảm 500k qua vn pay không",neutral,khác
"Bao lâu có pro màu bạc vậy ạ, áng chừng dùm em đi, trước ngày 20 không ạ",neutral,khác
Mình lấy 1 con ram 6g và 1 con ram 8g nhưng đều bị tình trạng khi có cuộc gọi zalo đến thì máy tự động tắt cuộc gọi và không hiện thị. Phải chờ đến khi zalo thông báo cuộc gọi nhỡ khi đó mới gọi lại được.,neutral,hiệu_năng
Minh dùng thấy pin tạm ổn,positive,pin
"Sản phẩm dùng ổn định, ít nóng máy khi sử dụng lâu. Đội ngũ kỹ thuật hướng dẫn mình cách tối ưu pin và bảo mật rất chu đáo. Cảm ơn shop đã cung cấp sản phẩm chính hãng với mức giá và ưu đãi cực kỳ hấp dẫn.",positive,pin
Mới mua tại TGDD. NV nhiệt tình. Nhưng máy chán. Mới mà xạc đã bị nóng máy. Sim gọi k được toàn báo lỗi không xđ. Có ai bị giống Th của tui hok.,negative,khác
Đặc quyền bảo hành trọn đời900.000đ1.800.000đ,negative,khác
Cho hỏi mình vay thuế chap bị no xấu. Tra no xong dc 6 tháng rồi có mua dt tầm 7tr gop dc hk,neutral,thiết_kế
Đổi máy ss a23 đang xài tốt thì đc bao tiền,positive,giá
Máy xài rất tốt với tầm giá này,positive,giá
"đt tốt ,đáng đồng tiền",positive,giá
"Làm ăn không uy tín Máy lỗi thì đổ thừa do khách, không gởi hãng thì mất phí Bỏ tiền ra mua cái tệ hại cho bản thân",negative,giá
"Tối mới mua giá 5tr490k,sau 1 đêm dậy vào xem lại giá chỉ còn 5tr290k, đau lòng.",neutral,giá
"Mình đang đi bộ đội ,kh biết muốn mua trả góp có được kh ạ",neutral,khác
"Sản phẩm này có ở Tân Châu, An Giang không vậy",positive,khác
Chi nhánh nhà bè còn ko shop,neutral,khác
Sau khi mua ip được 1 tháng thì tại sao lại phải gửi về trung tâm để thẩm định. Và có phải bắt buộc ip nào mới mua cũng phải vậy k,neutral,khác
"Mẫu này còn hàng ở huyện Kiên lương tỉnh An Giang, (xem còn hàng tôi đi tới tiệm FPT mua)",negative,khác
"Mới mở hộp được 2 ngày, trước tiên thấy đẹp, hoàn thiện cao, pin trâu. Màu đỏ thật sự nổi bật",positive,pin
Mình mới mua máy gần 1 tháng sao sạc máy nóng quá ạ. Cốc sạc cũng nóng. Chụp hình hay quay phim máy cũng nóng luôn ạ.,positive,camera
Mình mua ở TGDD pin5800mh mà dùng nhanh hết quá. Sạc siêu nhanh mà hết một Tiếng 30 phút mới đầy pin 100%. Nghe giới thiệu tin tưởng ai ngờ,negative,pin
giữa samsung galaxy s25 ultra với xiaomi mi 15 ultra thì máy nào chụp ảnh đẹp hơn?,positive,camera
Sản phẩm này ở khương đình có hàng ko bạn? Những mầu nào,neutral,khác
"Thiết kế mỏng nhẹ, dễ dàng cầm nắm và mang theo.",positive,thiết_kế
"Chi nhánh Phú Yên còn màu hồng k ạ, cho e hỏi trả trước 4 triệu góp 12 tháng thì mỗi tháng trả bao nhiêu ạ",neutral,khác
2 camera chất lượng ảnh chưa thích lắm nhưng đã được cải thiện khá nhiều,positive,camera
tại sao điện thoại lúc thì nhận được vân tay và khuôn mặt lúc thì không vậy mong admin phản hồi,negative,bảo_mật
Sử dụng ios lần đầu trải nghiệm thì máy nhanh nóng. Sd 1 tháng thì nâng cấp ios 26. Nói chung dùng thì các chức năng ko quen nhất là phần gõ chữ ko có sẵn số chuyển VNI thì có số ko quen chuyển qua tl thì lại ko có số phiền kinh. Càp app thứ 3 thì xung đột phần mềm. Rắc rối,negative,hiệu_năng
Còn bản 256 GB không shop,negative,khác
"Máy mới mua được 6 ngày máy bị lỗi phím ko tăng giảm âm lượng được, lên thế giới đi động huyện gia lộc, tỉnh hải dương đổi ko được đổ lỗi cho khách hàng đánh rơi bóng màn hình",negative,màn_hình
Ok ngon lành cành đào,positive,khác
"Nhân viên nhiệt tình, máy xài êm 10đ",positive,khác
"Mình mua con máy này giữa tháng 8/2025. Dùng đến nay hơn 1 tháng, gập tới lui đt chưa tới 50 lần, khoảng 34 ngày mới sạc 1 lần nhưng nay 23/9/2025 máy có dấu hiệu lỗi màn hình, có vết hằn gấp ngay giữa máy, vết hằn nhìn vào là thấy kèm theo khi quay clip, quay tiktok, chụp hình hoặc gọi video call tầm 35 phút là bị nóng rất nhiều ở phần camera trên màn hình phụ. Ai có nhu cầu mua dùng làm đt chính dùng thường xuyên mình khuyên k nên mua con này vì chất lượng tệ không tương xứng vs giá tiền. Mình đã đến TGDĐ để BH máy nhưng chưa biết BH xong dùng có êm không Mình mua dùng làm máy phụ ít sử dụng nhưng chưa tới 2 tháng đã phải gửi đi BH. Khá thất vọng về chất lượng con này.",negative,màn_hình
Iphone e sài được 7 tháng muốn bán lại được kg ạ còn bảo hành tới tháng 5/2026,negative,khác
Chụp đêm sáng,positive,camera
Có trả góp k sop,negative,khác
Ổn định dc cái pin hk trâu,positive,pin
gop tối đa bao nhiêu tháng vậy ạ,neutral,khác
Bh có hàng sẵn chưa ạ,neutral,khác
Pocco m6 đổi qua được không,neutral,khác
có ưu đãi hssv ko ạ,neutral,khác
sau chơi lq nó hơi giật giật ko hỉu luôn,negative,khác
Ip15 512gb màu xanh dương giá bn bậy shop,positive,giá
Tư vấn em còn này voi,positive,khác
"Mua ở tgdd chủ yếu vì tin tưởng thương hiệu, uy tín, chính hãng, lười tìm hiểu nên mua sự yên tâm ở đây, giá bán đúng niêm yết ko bia kèm lạc, từ lúc đập hộp ra dùng đến bây giờ khá ok, máy mượt, rất tốt",positive,giá
"Dt sai đc 2 tuần,OK hết,man hình hoi nhỏ,ai muốn man hình OK thì sai 14plus…",neutral,khác
Nhiều màu xinh quá,positive,khác
Trong họp ko có củ sạc với ốp lưng hả shop,negative,khác
"Tầm giá thế này dùng ổn, màn hình khá sáng, hiển thị hình ảnh đẹp, nét, mượt. Pin dùng vừa phải thì được 2 ngày, dùng nhiều tất nhiên là hết pin nhanh. Lướt mạng cũng nhanh, ổn. Mọi thứ đều tốt trừ camera, chụp ảnh tuy màu sắc tươi sáng nhưng phóng to hơi vỡ hạt nên không nét lắm. Redmi 13C mua đợt tháng 6/2024 chụp ảnh còn sắc nét hơn.",positive,pin
Pin tụt nhanh có đk đổi mớ ko vậy,neutral,pin
iphone 16 256G còn ko shop,negative,khác
"Máy màu xịn xinh dã man10 cho bạn giao hàng nha Vui vẽ nhiệt tình , giao hàng xa như mà rất nhanh",positive,hiệu_năng
"Dùng được 2 năm rồi máy vẫn chạy tốt, mua ở Điện máy xanh và Thế giới di động bao uy tín",positive,khác
Còn hơi chậm chưa mượt lắm,negative,khác
"Pin tương đương bản 4GB, hơi hao khi dùng camera liên tục, nhưng dùng ổn trong ngày.",negative,pin
"Đã nhận được con Xiaomi 15T này rồi nè, đẹp mê ly luôn. Màn hình lớn mà viền mỏng cực kỳ sang trọng, cầm chắc tay nữa chứ. Thích cái cảm giác nắm trong tay quá.",positive,màn_hình
dùng mượt ok,positive,khác
Xài pin 1 ngày khỏi suy nghĩ tgdd ngã 3 đh phục vụ tốt,neutral,pin
"Camera, pin, tốc độ xử lý rất chậm. Quả camera mình ko dám dùng. Điện thoại cũ 3triệu, tuy dung lượng nhỏ nhưng tốt hơn 10 lần.",positive,pin
Iphone 15 256gb màu Xanh dương còn hàng ở khu vực Tp Biên Hòa ko ạ,positive,khác
Phiếu mua hàng có trừ vào giá ko ạ,neutral,giá
Đơ màn và tự khởi động lại mặc dù đã định dạng và lên ios mới nhất vẫn bị..Gửi đi thẩm định 11 ngày rồi.. còn 4 ngày nữa xem kết luận thế nào,negative,màn_hình
Mua mấy ngày thấy xài rất ổn pin trâu,positive,pin
Đẳng cấp luôn,positive,khác
"sản phẩm mượt, ko gì để chê",positive,khác
"độ sáng cao và viền mỏng, phù hợp cho người dùng thích xem phim như mình",positive,màn_hình
Em có 15pro bên mình có chính sách thũ đổi mới không ạ,neutral,khác
Khu vực minh có ip 14 512g ko shop,neutral,khác
Có ae nào bị lỗi khi chụp ảnh qua ứng dụng zalo xong ko thoát ra ngoài được ko nhỉ.,negative,camera
"Pin trâu , loa đt lúc to lúc bé , bàn phím hơi đơ Còn lại tất cả đều ổn Ko biết lên hệ đh mới có khắc phục đc ko",negative,pin
Ở hà tĩnh còn ip 14 màu trắng không ạ,positive,khác
"Màn hình AMOLED sáng và rõ, lướt web, Facebook mượt mà, cảm giác vuốt chạm rất thích tay. Mình hay xem phim nên màn hình đẹp là một ưu điểm lớn.",positive,màn_hình
"Xin chương trình khuyến mãi ,",neutral,khác
"Hiện đang bị lỗi nhắn tin bị đơ 3s mới nổi lên , cảm thấy không được hài lòng cho lắm máy chỉ mới xử dụng 2 ngày",negative,khác
13promax đổi lên 17promax /VN 256GB màu cam bao nhiêu ạ..???,neutral,khác
"Mua tại 739 Lê Trọng Tấn BHH. Bình Tân, rất ok. Nhân viên vui vẻ nhiệt tình. Bạn tên Phong. Nói chung trc h chưa chê TGDĐ điều gì.",positive,khác
17pm 256gb màu bạc có hàng ở tp hcm?,neutral,khác
có chống nước không admin?,neutral,khác
"17 Pro 1TB màu bạc còn hàng không ad, hay phải đợi đợt hàng thứ 2",neutral,khác
Tôi muốn đổi điện thoại Oppo reno 8t 5g thêm tiền vào lấy iPhone 17 promax được không,negative,giá
Ta có nên lên ios 18.4 kg ạk,neutral,hệ_điều_hành
Bên bình thuận có iphone 13 màu trắng không ạ(màu hồng cũng được),neutral,khác
Ổn định dc cái pin hk trâu,positive,pin
"Mình muốn đặt ip13 128 màu đen đến 183 hoàng văn thái, phương liệt, Hà Nội thì mấy ngày nhận được hàng ạ",neutral,khác
Điện thoại có kháng nước không ạ,neutral,khác
Nhân viên tư vấn nhiệt tình máy tới hiện tại dùng vẫn ok,positive,khác
"Màn hình lớn xem tin tức và xem YouTube rất rõ nét, màu sắc trung thực. Máy chạy ổn định các tác vụ cơ bản như Facebook, Zalo hay lướt web. Dịch vụ giao hàng nhanh chóng, đúng hẹn. Thái độ phục vụ của nhân viên từ tư vấn đến giao nhận đều rất lịch sự.",positive,màn_hình
Rất đẹp dùng rất tốt,positive,thiết_kế
Có sẵn iPhone 17 pro 256G màu xanh đậm tại cửa hàng ở BMT ko shop?,positive,khác
Màu bạc 256g ở Hải Phòng sẵn ko ạ ?,neutral,khác
Mua xong thì hôm sau có ưu đãi tốt hơn,neutral,khác
Mình dùng được 2 tuần chưa có vấn đề gì cả,neutral,khác
"Camera sau khi quay video chỉ nhận dạng và lấy nét được 1 người chính, còn lại những người khác và cảnh vật đều bị làm mờ. Vào cài đặt thì ko có chức năng chỉnh sửa nội dung này, có ai bị như vậy ko ạ, phải khắc phục như thế nào ạ",negative,camera
"Sản phâmt này còn hàng ở chi nhánh nào ở hcm ạ, e đang ở q7",positive,khác
Khi nào có hàng tại shop lại vậy,neutral,khác
"Máy dùng ổn, mua thu cũ đổi mới được giá tốt, nv đmx hỗ trợ nhiệt tình",positive,giá
"Đã trải nghiệm được 50 ngày,máy dùng mọi chức năng thấy ổn, sạc Pin không nóng máy nếu chỉ gọi nghe chắc phải 48 tiếng mới sạc 1 lần.Camera thich hợp quay phim chụp hình vào ban ngày, bạn đêm hình ảnh chụp hơi kém,nói chung máy dùng ổn.",positive,pin
"Giao diện mượt, chuyển màn hình nhanh, trải nghiệm sử dụng ổn định trong đa số trường hợp.",positive,màn_hình
Hài lòng.tuy giá cáo nhưng cấu hình chơi game hết ý,negative,giá
"Pin tụt nhanh, loa rè.",negative,pin
"Mới mua ngày 16/01/2025 sạc 28 lần mà dung lượng pin còn có 99%. Ngủ 1 đêm tắt 4g, wifi hết mà hụt hết 5%",negative,pin
Ngon hơn s23. Đáng tiền,positive,giá
"Máy mới mua đc 2 tuần,trải nghiệm khá ok, mình k dùng nhiều tác vụ nên thấy máy khá mượt. Có điểm trừ duy nhất là máy để qua đêm bị tụt tầm 5% dù đã để chế độ máy bay, tắt các chế độ liên quan nhưng vẫn bị tụt, k biết sao luôn",negative,khác
Shop có thu máy cũ đổi máy mới ko ạ,neutral,khác
Mua máy về được 5 ngày thì bị dính 2 lỗi reset và panic máy giật lag pin tuột nhanh đem ra điện máy xanh đổi thì bảo gửi máy mình đi thẩm định trong khi lúc đầu mua thì bảo lỗi là 1 đổi 1 lỗi rành rành ra đó đầu còn mua thêm gói 700k nữa hơn 34tr chứ phải 3tr đâu chán thật sự,negative,pin
"Tốt, chụp ảnh đẹp",positive,camera
"cho mình hỏi nếu muốn thanh toán trước tiền mặt 1 lần ,sau phần còn lại thanh toán bằng thẻ tín dụng có được không",neutral,giá
"iPhone 16e 128GB(00926714)Phân loại: 128 GB, Đen16.690.000đ Mua ngay Trả góp(Chỉ từ 697.126đ)",positive,khác
Gia mua trực tiếp cua hang ở KiếnĐức DakNong la bao nhiu a,neutral,khác
Quay video xong Vào xem lại máy rất chậm phông chữ cũng rất nhòe tầm tiền vậy mua con sam sung dòng A thì ok rất tiếc lần này lại mua oppo,positive,giá
Có hàng ở đập đá bình định k ạ,neutral,khác
Sản phẩm dùng rất tốt,positive,khác
"Máy mượt, chơi game ok, pin xài cả ngày vẫn dư. Camera đủ dùng, màn đẹp. Mua tặng người nhà, giao đúng hẹn",positive,pin
Shop còn bản S25 512GB không?,negative,khác
mới mua về Sài cũng OK qua 2 tháng pin giảm nhanh,positive,pin
"Màn hình cảm ứng có lúc bị đơ , bấm hai ba lần mới nhận ứng dụng.giờ muốn hoàn tiền.mua hôm mùng 5 Tết",negative,màn_hình
"Màu trắng nhìn thanh lịch, mặt lưng nhám sờ rất thích tay và không bám dấu vân tay mấy. Bản 128GB vừa đủ dùng cho nhu cầu văn phòng và lưu trữ ảnh cơ bản của mình.",positive,bảo_mật
Đặc quyền bảo hành thêm 1 năm iPhone 17 Series1.300.000đ,negative,khác
"Tôi thích ở dòng này pin không bị ảo như oppo hay các dòng khác, pin 3000 mấy ngang các con oppo 5000, Pin không tuộc ảo.",negative,pin
Khu vực bình dương còn ip14 k shop,neutral,khác
Có thu điện thoại cũ đổi lấy mới không shop,neutral,khác
"Samsung tối ưu gập tốt hơn, gần như không thấy nếp gấp rõ như các đời đầu nữa, cảm giác vuốt chạm liền mạch hơn rất nhiều.",positive,giá
iPhone 17 màu đen 256gb có hàng không shop,neutral,khác
tư vấn mua ip 17 pro tại đà nẵng,neutral,khác
redmi 11 đổi bù tiền đc ko ạ,neutral,giá
Sài được tháng thì lên mạng bị lag rất chậm,negative,khác
"Mua được cái điện thoại được tặng 3 phiếu mua hàng trị giá khoảng một triệu. Nhưng không dành cho cục sạc hay miếng dán, ốp lưng. Chọc điên tôi à.",negative,giá
Mình có con redmi note13 cửa hàng có thu lại để mình bù đổi con này kh,neutral,khác
"máy xài ngon,ai đánh giá tệ thì kệ",negative,giá
Mình có mua ip16pro bên shop từ tháng 5/2025. Thời gian gần đây dùng kiểu cứ nóng máy 1 tí là lại báo mất sim(không có sim). Là bị như nào vậy shop?? tháo sim ra lắp lại có lúc được lúc mãi chẳng được gì cả,negative,khác
mình muốn thu cũ máy Note 20 Ultra để mua mới máy S25 này thì giá thu cũ như nào shop?,negative,giá
e 19t trả góp được không ạ hiện tại e đang đi làm r ạ,neutral,khác
còn hàng ở tphcm không ạ,neutral,khác
máy này ở kiên lương có hàng không sop,neutral,khác
máy sử dụng ok. 1 ngày ngốn xấp xỉ 20% pin. hơn 4 ngày sạc 1 lần.,positive,pin
Đặc quyền bảo hành trọn đời iPhone 17 Series1.500.000đ3.000.000đ,negative,khác
"Màn hình AMOLED Dynamic 7,6 inch cho màu sắc sống động và độ tương phản cao.",positive,màn_hình
Nhân viên nhiệt tình hỗ trợ,positive,khác
Rấy hài lòng,positive,khác
"Thấy bình luận chê quá mình cũng sợ , trải nghiệm 1 ngày thấy cũng ổn",positive,khác
MOI XAI E NAY 2 NGAY CHUP HINH PHAI CHINH SUA MOI NET.MAY NAY PHU HOP CV.NV TV NHIETTINH....TAM ON AP,neutral,khác
Cho em hỏi FPT shop ở Gò Vấp có sẵn hàng để xem không ạ?,neutral,khác
Đặc quyền Bảo hành thêm 1 năm iPhone (BT)620.000đ1.200.000đ,negative,khác
màu trắng rất đẹp rất thích ...đỉnh kịch trần,positive,thiết_kế
Lâu lâu cắm sạc bị đen màn hình như này có bảo hành được không ạ,negative,màn_hình
Bên mình có cái xiaomi redmi note 14 8GB/256GB không báo giá mình,positive,giá
Xiaomi Redmi Note 14 6GB 128GB giá bao nhiêu vậy shop,neutral,giá
"Điện thoại thiết kế sang trọng, cầm rất vừa tay. Camera chụp ảnh sắc nét, đặc biệt là ảnh chân dung rất đẹp. Hiệu năng mượt mà, pin sử dụng cả ngày không cần sạc. Quá hài lòng với sản phẩm",positive,pin
"Tôi xài đt thông minh chưa gặp con đt thông minh nào tệ như con này. Ngoài cái mã ngoài ra thì chả được vẹo gì, dù giá cũng 12tr. Vân tay thì dù cùng 1 ngón tay, nhưng nhận khi được khi không. Nhận diện mặt cũng khi được khi không. Lại phải quay về với biện pháp vẽ hình, chả khác gì hồi 2015. Hđh thì lung tung beng hết thảy. Tự do, thoải mái như android cũng không, mà chặt chẽ như ios cũng không. Suốt ngày hệ thống cứ hiện noti mẹo vặt kia nọ, tắt cũng không tắt được. Hđh lỗi code nên phần setting có chỗ toàn hiện code ra, chả hiểu cái chỗ đó là gì. Noti thì toàn hiện noti ngắn, kéo xuống xem đầy đủ thì nó quăng nguyên cái màn hình float. Bất tiện vô cùng. App hệ thống thì thua hẳn. App đt, app nhắn tin mà đòi người dùng rate và hiện ad không thua gì app tải trên store xuống. Pin thì 5k mà tụt như nước rút. Kể cả khi chỉ mail, zl, mess. Cảm ứng thì bấm đây nhảy kia. 2 sim HOẶC 1 sim 1 thẻ nhớ mà cũng chả ghi rõ. Giờ lại phải kè kè theo cái thẻ nhớ trong ví để khi cần lại lắp ra thay vào. Với giá 12tr đấy thì có rất nhiều lựa chọn. Chọn con này phí tiền. Xài được chưa đầy 72 tiếng cho lại vào hộp, lôi con galaxy cũ ra xài lại.",negative,pin
"Ta nói máy nó mỏng mà hiệu năng ấn tượng vô cùng.Khi mới ra mắt mình đã chấm rồi mà giá khá chát, May sao bên shop có hỗ trợ trả góp 0% lãi suất cho sản phẩm này kì hạn 6 tháng thực sự hài lòng với dich vụ bên shop vô cùng. Để mình vẫn có máy mới sài sớm nhất",positive,giá
thu ip13 thường 128GB lên ip16 cần bù thêm nhiêu,neutral,khác
"May mắn mua đúng đợt khuyến mãi, được giảm giá khá nhiều và còn tặng thêm túi lộc nữa. Giá quá tốt so với cấu hình hiện tại của máy.",neutral,giá
"Mua 1 em Deep Blue 256GB mua từ 19/9/2025 . 1 em Silver 256GB mua 6/10/2025 trải nghiệm cực kỳ tốt, pin cực kỳ trâu , tiếc là chủ nhật ngày 12/10/2025 thì thằng bạn ra uống bia , mình đi rửa bát nó tháo cả cái ốp 1 củ 4 của mình ra và làm rơi em màu Deep Blue và bị móp mất . Cái kết có hậu lại được đổi 1 em màu Silver mới V . Thế là có 2 em Silver rồi",positive,pin
máy mới mua hôm qua nay đổi trả máy dc k ah,neutral,khác
"E này đẹp mê ly luôn nha, cầm chắc tay không bị trơn trượt. Mặt kính bóng bẩy nhìn sang trọng lắm.",positive,thiết_kế
Mới dùng nên thấy ổn,positive,khác
15.11.2024 nay vừa mới mua một e ip16 promax 256 đang trải nghiệm. Mong rằng sẽ là một sp tốt nhất của applo,positive,khác
Có giao máy tận nhà ko,neutral,khác
Tốt lắm nhé,positive,khác
canh sale mới mua xong lên coi lại thấy giảm nửa haha,neutral,khác
Sp mua ở trực tiếp được giảm gì không ạ,neutral,khác
"máy mới nhưng khi nhận về loa có chút vấn đề, mình mang ra cửa hàng nhân viên hỗ trợ gửi hãng bảo hành nhiệt tình lắm, sau được báo là lỗi do hãng nên được 1 đổi 1 máy mới luôn, quá là xịn xò rồi",neutral,loa_âm_thanh
"Thiết kế của OPPO A6 Pro thực sự rất bắt mắt với mặt lưng đổi màu sang trọng, cầm trên tay rất chắc chắn. RAM 8GB kết hợp với bộ nhớ 256GB giúp máy vận hành mượt mà mọi tác vụ hàng ngày. Nhân viên shop tư vấn mẫu này rất phù hợp với nhu cầu lưu trữ nhiều và chụp ảnh của mình.",positive,camera
có hàng chỉ Xuất xứ Việt Nam ko bạn? hàng Trung quốc nhiều mã độc và app mặc định ko gỡ bỏ được,neutral,khác
Điện thoại mua được hơn 1 tháng tại điện máy xanh đang dùng trên tay đột nhiên liệu sập nguồn không lên được nữa. Đi bảo hành thì phức tạp. Giờ đi sữa bỏ tiền ra mua máy zin mới được 1 tháng thành máy đã quá sửa chữa. Trong khi dùng rất cẩn thận chưa hề có và chạm gì. Rất thất vọng,negative,giá
"Mình xài tầm 1 tuần thấy như sauƯu điểm thiết kế đẹp, mặt trước và sau vát cong nên cầm rất thuận tiện thoải mái. Màn hình đẹp và độ sáng cao dễ nhìn khi ngoài đường nắng. Pin ok, không quá trâu nhưng sạc khá nhanh. Hiệu năng dùng cơ bản như lướt facebook, tiktok, youtube thì vô tư. Camera ổn, đủ chụp cơ bản chụp nét, màu sắc ok nhưng tốc độ chụp chậmNhược điểm Ứng dụng camera rất lag và quay video dù chỉ để FHD 60fps, đầy đủ ánh sáng vẫn lag, khung hình bị chậm và giật.",positive,pin
Mua ở shop là có mỗi máy hay là có kèm phụ kiện gì k em,neutral,khác
"Máy tốt, đẹp.",positive,thiết_kế
"Với tầm giá khoảng 29,9 triệu cho bản 256GB thì mình thấy Galaxy S26+ là lựa chọn cân bằng giữa màn hình lớn, hiệu năng tốt và thiết kế đẹp",positive,màn_hình
ở eahleo còn mặt hàng này mà màu tím kg ạ,negative,khác
"Pin ok, đang coi tittok hay youtup có người gọi là ko nhận được cuộc gọi luôn chán . Có cách nào khác phục ko",negative,pin
mình mua hôm 1/3 ở TGDD nhưng điện thoại đã có dấu hiệu nóng máy vào lần xạt đầu. Xài bàn phím bị chậm lag. Cảm thấy hơi bị thất vọng,negative,khác
Làm sao lấy được gói gemoni ai pro 6 tháng,negative,khác
Thế trả trước thì bao nhiêu tiền ạ?,neutral,giá
cam quay được bao nhiêu fps vậy shop,neutral,khác
Máy rất tốt rất hài lòng về sản phẩm,positive,khác
Quá mượt so với 15prm,positive,khác
"Sản phẩm này tại thành phố Vinh, Nghệ An còn không ạ?",neutral,khác
Đt cũ Xiaomi Redmi Note 13 mua 7 triệu chụp ăn đứt con mười mấy triệu này chụp ảnh cực kỳ tệ noi vô cùng cứ như điện thoại mua 12 triệu v pin tuột nhanh hơn con đt cũ mình,negative,pin
Thanh toán qua vnpay là được trừ thẳng 500k hay sao nhỉ?,neutral,khác
Chính sách gian dối ép khách mua hàng phải khui hàng và kick hoạt trong khi khách đã nói mua làm quà tặng. Khách không đồng ý tự ý huỷ đơn và bắt khách phải chịu phí phát sinh,neutral,khác
mình mua được 1 tháng 21 ngày hư phần mềm gởi sửa trên nữa tháng,neutral,khác
Cho hỏi sim này cần nạp tiền mới lên mạng dc đúng ko? Tại mình mới mua máy kèm sim khuyến mãi lên mạng mà khi kiểm tra ko thấy lưu lượng miễn phí.,neutral,giá
"Tôi có một cái điện thoại Samsung A2, còn mới 99 phần trăm, có thu lại và đổi không",neutral,khác
Máy e a13 4g h con đổi dược ko vậy shop,neutral,khác
"Mượt, máy đẹp",positive,thiết_kế
"Hồng phai thật sự quá đẹp cho con tướng bánh bèo như mình, nôn nao có máy ghê, giá cũng ổn, apple ra mẫu này đúng dành cho phái đẹp",positive,giá
Tui muốn trả góp thu tục sau,negative,khác
"Không biết máy sạc bao lâu đầy vậy ạ, sao em sạc từ 16% lên 59% tận gần 50p, đã bật sạc nhanh",positive,hiệu_năng
Sau e sạc lần đầu gần 2tieng có ai bị sạc máy lâu không vậy ạ,negative,khác
mình muốn đổi ip 13prm 512gb lên 17prm thì phải thêm bao nhiêu tiền ạ,neutral,giá
Rết tệ máy bị panicfull và res mnhf dùng để ý cứ 16 h chiêu hôm trước thì đúng 16h chiều hôm sau máy ko dùng tự tắt nguồn rồi khởi động lại lúc máy để ko còn đang dùng thì ko bị. Buồn thật,negative,khác
"cam 50mp chụp khá nét, pin trâu sạc nhanh, mình ở tỉnh nên việc được bảo hành tại các cửa hàng fpt trên toàn quốc khiến mình rất yên tâm",positive,pin
Cho em hỏi dưới anh còn iphon 13 đập hộp ko ah,neutral,khác
Em đã mua được 4 tháng trả góp hiện tại máy bị lỗi. Mạng thì dùng được còn gọi ngoài với nghe không dùng được. Em muốn đổi máy khác,negative,khác
"Đã sài hơn 3 tháng ,sài rất OK ,chụp ảnh nét ,sáng",positive,camera
Hết lỗi nọ về lỗi kia cái đầu tiên thì bị lỗi cáp màn đã đổi cái khác thì khi cắm sạc bị đơ đơ máy kèm thêm mất đèn flast khi có cuộc gọi đến,negative,màn_hình
thiết kế mặt trước nhìn giống táo 16 pro max quá. nhìn cái kết e honor liền. giao dien ok bắt mắt. hiệu năng tốt trog tam gia. tiec là ko có NFC. không hiểu iphone 8plus đã có NFC cách đây 7nam. honor ít kỷ với người dùng qua,negative,thiết_kế
"Nhân viên FPT Shop tư vấn rất nhiệt tình, giải thích rõ về các gói trả góp và chính sách đổi trả nếu có lỗi từ nhà sản xuất. Rất chuyên nghiệp và đáng tin cậy.",positive,khác
chưa dùng đc 1 tháng pin đã tụt xuống 99%,negative,pin
Cho e hỏi 17prm bạc 256g quận 7 có hàng sẵn k ạ?,neutral,khác
"Sau 2 tháng trải nghiệm, máy cấu hình ổn định có thể genshin ở mức cấu hình cao, mlbb max setting, chụp ảnh thì ổn định chế độ AI chụp ảnh thì hơi phóng đại độ sáng, pin có thể sử dụng trong ngày, sạc nhanh 120W, thông báo thì có vẻ hơi trễ 5 tới 15 phút do hệ điều hành hyperos không phải do máy, nhưng tất cả trải nghiệm điều rất ok, đáng để mua để làm máy chính",positive,pin
Bên mình còn sản phẩm k,positive,khác
Ở năm 2025 thì iPhone 14 vẫn đáp ứng đủ nhu cầu của mình sử dụng nhỏ gọn vẫn đủ mạnh để dùng những app nặng pin đủ tốt để dùng từ sáng đến chiều tối wifi 5G hỗn hợp Mua tại 414 Bình Long Tân Phú được chị Sương hỗ trợ rất nhiệt tình,positive,pin
"Đã mua tại FPT Shop Nam Định, sản phẩm tốt, dùng mượt mà. Có ốp đi kèm sịn xò và sạch sẽ ko bám vân tay. Máy cứng cáp chắc chắn và cầm nắm nhẹ nhàng. Thảo tác mượt mà, màn 120hz vuốt nhanh nhạy",positive,màn_hình
"Camera zoom rất ấn tượng, chụp xa mà vẫn rõ nét. Hiệu năng ổn định, sử dụng các tác vụ hằng ngày rất mượt mà. Rất hài lòng",positive,camera
Lên đời 16prm cho nó nhanh đâu k thấy đơ hơn con 13prm đang xài. Đề nghị gửi máy vào hãng kiểm tra cũng k gửi. Đưa máy xuống nhân viên chạy hay làm j đó cũng k rõ. Bảo ok rồi. Vẫn đơ như thường. Mở máy ra nt cũng đơ. Làm cái j cũng đơ. Chán. Hối hận qtqd. Tức quá nên viết thôi chứ gọi cũng chả giải quyết đc j,negative,hiệu_năng
Máy best phân khúc luôn. Quá hoàn hảo cho một cây máy trong tầm giá dưới 3tr,positive,giá
"Cái camera khi gọi mess rất mờ và nhoè. ra nhờ nhân viên siêu thị test bạn đó cũng sài ip 17prm. và k hề bị nhoè như mình. vậy mà gởi đi bảo hành kêu không có lỗi. và trả về như cũ . là 1 đổi 1 dữ chưa. làm ăn tệ, mất uy tín",negative,camera
"Mình ấn tượng nhất là màn AMOLED 1.5K, tần số quét 120Hz cực mượt, xem phim hay chơi game 3d đều rất sướng mắt, hiển thị sáng rõ ngoài trời.",positive,màn_hình
Góp có cần trả trước không ạ,neutral,khác
"Mơi lây tôi hôm qua, co cam giac cam ưng lâu lâu bi châm, đâu tiên thi ko xem đươc trinh trang Pin, sau khi câp nhât PM thi xem ok. Chăc tư tư hang cung khăc phuc thôi. hi vong xai ôn đinh va ko phai gưi lên hang",neutral,pin
Có thu cũ đổi mới không ạ,neutral,khác
"Máy rất đáng mua, có thương hiệu lớn, hiệu năng mạnh trong tầm giá, camera đẹp, sạc nhanh với viên pin tiêu chuẩn, có kháng bụi kháng nước, có 5G, có NFC, màn hình thì siêu đẹp rồi, nói chung không có gì để chê, nên mua",positive,pin
"Sản phẩm đúng như mô tả, giao hàng nhanh và đóng gói cẩn thận.",positive,hiệu_năng
"Có gói trả góp nào không trả trước, không chênh lệch, kì hạn 12 tháng cho iphone 17 pro 256 bạc ko shop?",negative,khác
Còn máy ở Phường Tân Ninh Tây Ninh Không,negative,khác
"Mọi thứ tạm ổn, ko có chức năng hộp công cụ nổi thanh bên dùng rất chán, muốn vào ứng dụng khác phải thoát ra",negative,khác
Đẹp độc lạ,positive,thiết_kế
Bảo hành rơi vỡ Bolttech cho iPhone 2.079.000đ2.599.000đ,negative,khác
"dịch vụ tốt, nhiệt tình",positive,khác
ở gần khu vực xã sơn đồng còn 15 hồng k ạ,neutral,khác
máy sài ok chưa lỗi lầm gì pin ổn ios đúng nó ở tầm khác thật wf dùng 7h liên tục chỉ youtobe tik zalo ios 18.5,positive,pin
Muốn đổi từ s23 lên s25,positive,khác
Còn ưu đã thanh toán thẻ tín dụng k,neutral,khác
Có redmi note 13 pro 8G 128G k shop,neutral,khác
Video lúc có tiếng lúc không,negative,loa_âm_thanh
cho em hỏi con A56 này mua trả góp có cần trả trước không ạ? và nếu có trả trước thì trả từ bao nhiêu ạ?,neutral,khác
Mượt pin khỏe xin xo thì khỏi nói,positive,pin
"Sản phẩm tốt, máy dùng mượt, pin trâu. % Pin 1 tháng đầu hơi hao 3% tới nay vẫn chưa tụt, cụm viền camera dễ xước ko đụng chạm va đập rơi gì hết vẫn xước ít. Đánh giá máy tốt nên dùng máy nhẹ xài ốp oke, nhiều màu camera đẹp rẻ hơn 14Promax. Đã mua được 5 tháng.",positive,pin
Khu vực Định Quán có máy ko ạ,neutral,khác
nợ xấu góp được k ạ,negative,thiết_kế
Có sạc nhanh k vậy,neutral,hiệu_năng
Giờ tôi muốn bán lại chiếc iPhone 13 này cho tgdd có được không,neutral,khác
Sai mới 4thang mà hao hết 3% pin hối hận,negative,pin
Điện thoại này có hỗ trợ 4G không?,positive,khác
"Con máy chạy mượt mà lắm, mở nhiều app cùng lúc cũng không giật lag. Pin thì dùng cả ngày không cần sạc, rất đáng đồng tiền bát gạo.",positive,pin
Chip gì vậy ạ ?,neutral,hiệu_năng
Mới mua nguyên sill mà thấy nhanh rớt pin quá,negative,pin
Máy mới mua 2 ngày mà tuột pin quá.,negative,pin
Tôi cần hổ trợ. Tôi ở long thành đồng nai,positive,khác
cho e hỏi đt bán lại iphone 15 thường cho thế giới tháng đầu tiên để lên đời mất bao nhiêu phí ạ,neutral,khác
Mua mấy ngày thấy xài rất ổn pin trâu,positive,pin
"Thiết kế mỏng nhẹ, sang trọng với mặt lưng đổi màu bắt mắt.",negative,thiết_kế
"Sản phẩm tốt ạ, tư vấn nhiệt tình",positive,khác
Rất ok ạ dùng cho ng già ng lớn tuổi giá cã hộp lí nhá,positive,giá
"Mình thấy điểm cộng nữa là FPT Shop tư vấn kỹ, nhân viên còn so sánh luôn với bản thường và bản Pro Plus để mình chọn hợp, có sẵn khuyến mãi và trả góp nên mua khá dễ.",neutral,khác
"Mình dùng một thời gian thấy trong mắt cam có hạt bụi. Cũng mang ra cửa hàng thì nhân viên từ chối, nói là phải gửi đi ktra 15 ngày. Mà trong khi lỗi bằng mắt thường thấy như thế lại k có phản hồi gì khác. Pin dùng quá nhanh hết, hơn 30tr mang lại một trải nghiệm k tốt lắm.",negative,pin
"Tản nhiệt làm tốt, máy lèo phèo khi chạy nặng nhưng dưới mức khó chịu.",negative,khác
"Gì mà pin 7000 mà như iphone, 100 tụt lẹ hơn ghê thiệt",negative,pin
Nhân viên nhiệt tình ok,positive,khác
Thu lại Xiaomi redmi 9c không ạ,negative,khác
Shop có máy cũ Poco M7 Pro ko ạ,neutral,khác
Mình có con iPhone xr muốn nâng cấp lên con máy này thì cần thêm bao nhiêu tiền vậy shop,neutral,giá
Giá này là điện thoại mới hay cũ vậy ạ,negative,giá
Mua điện thoại mới đặt lấy tại siêu thị mà tới lấy hộp không còn nguyên seal. Vỏ hộp thì lấm lem. Mua mới mà nhìn như mua cũ từ hồi nào. Không lẽ tới rồi không lấy mà đòi lại tiền cọc à. Nhân viên giải thích là mở ra kiểm tra vì vận chuyển đi. Vận chuyển cả hộp nguyên chứ có chuyển mình cái điện thoại đâu mà chầy xước điện thoại phía trong được. Nghe không hợp lý chút nào. Rồi lấy điện thoại ra thì mở nguồn không lên. Bảo hết pin. Lần đầu mua cái điện thoại mới mà vừa không seal vừa mở nguồn không lên vì hết pin. Mình không làm căng lên vì có làm căng thì có tác dụng gì đâu. Đặt vì thích thiết kế lưng máy Oppo reno13 nếu không thì gặp trường hợp đó chắc người ta không thèm lấy luôn. Không hài lòng với lần mua này ở đmx chút nào. Ai có đặt hàng đợi lấy lưu ý nhé.,negative,pin
Màn hình chỉnh chỉnh đi chỉnh lại rất tối.k đc HD kém so với thực tế mong đc tư vấn xem lại,negative,màn_hình
"Bên mình còn có sản phẩm iphone 13,hoặc iphone 14 pro max khôbg ạ",positive,khác
Loa ngoài rung ốp rung cam thì có sao không ạ,neutral,loa_âm_thanh
"Chất lượng vượt mong đợi Chạy mượt, không bị đơ. Camera chuyên nghiệp, chụp thiếu sáng vẫn rõ nét. Xứng đáng đồng tiền.",positive,camera
Dung lượng pin của OPPO A3 là bao nhiêu?,positive,pin
"CHÍ CÔNG ĐẤT RẺ đã mua tại siêu thị cổ cò nhân viên rất nhiệt tình tên Hằng quản lý.Iclod cũ có vấn đề nhân viên tạo mới nhanh cho khách hàng luôn.Màn hình 6,1 nhỏ gọn rất tiện sử dụng cho ai nhu cầu đơn giản thôi.Hãng này bền bỉ nhiều khuyến mãi.Rất cảm ơn siêu thị cổ cò.",positive,màn_hình
Máy tốt nhưng chụo hình selfie quá xấu. mất thời gian dùng app để chỉnh sửa lại. Nên góp ý cho Samsung chỉnh lại điểm này nếu không sẽ thua những hãng khác về chụp ảnh selfie mặt trước màn hình,negative,màn_hình
Cho xin thông số màn hình pin,negative,pin
SP này có sẵn ở cửa hàng gần kv Q10 TPHCM không ạ,neutral,khác
"Mới mua luôn dùng rất tốt, nên mua.",positive,khác
Xiaomi Poco M6 Pro 8GB 256GB có hỗ trợ NFC không?,positive,khác
Ở quận 12 cửa hàng nào có điện thoại,neutral,khác
"Máy nhìn rất sang và phù hợp với những người như tôi. Tôi đã đặt hàng, thật đáng mong chờ",positive,khác
Có lên doi không shop,neutral,khác
"Mới dùng được 1 ngày, trải nghiệm ban đầu thấy tương đối tốt trong mức tầm giá này Có điều thấy pin hao hơi nhanh, nhưng bù lại có sạc nhanh thì cũng tạm ổn. Nói chung máy mới về muốn sử dụng ổn phải biết vào cài đặt hiệu năng để tối ưu hóa khi sử dụng.",neutral,pin
"Máy mới mua về xài là thấy rất hay bị nóng. Mở app ra dùng tầm 5p là bắt đầu ấm lên, càng dùng càng nóng. Quay video tầm 5p thì ối dồi ôi nóng phỏng tay. Trc dùng android 6tr máy mát lạnh xài 5 năm chưa bao h thấy bị nóng máy. Giờ bỏ ra 16 củ rước về 1 cái máy very nóng... Lỗi nóng máy thì có được đổi trả 30 ngày k vậy",negative,hệ_điều_hành
"Tầm giá này có quá nhiều sự lựa chọn tốt hơn. Tôi đã mua và cảm nhận sử dụng được hơn 2 tháng và tôi có một số đánh giá như sauThực sự con chip 7sgen4 tuy không mạnh nhưng cũng không quá yếu để sử dụng tác vụ hàng ngày và chơi game cũng ổn nhưng hệ điều hành hyper os vẫn chưa tối ưu được hiệu suất. Một số app vẫn còn bị lỗi, một số chức năng vẫn chưa hoạt động bt vd như kết nối tai nghe Bluetooth không thể chỉnh âm lượng mà phải khởi động lại thiết bị sau đó máy mới hiện lên cảnh báo âm lượng tắt nó đi mới chỉnh âm lượng được Camera 200mp nhưng tôi đánh giá không cao chất lượng máy ảnh, ảnh chụp thực tế màu sắc không được đẹp và tươi bên cạnh đó tấm nền Amoled 3200 nit độ sáng nhưng thực tế ra ngoài trời nắng vẫn bị quá tối",negative,màn_hình
Máy Sài rất ngon rất OK chụp ảnh quay phim nét căng,positive,camera
"3 tháng trải nghiệm pin dùng liên tục quá tốt pin chờ 1 đêm mất 4 đến 5%. Có lúc mất 2, 3. Hy vọng những phiên bản S sau có thể hạn chế pin chờ mất hao nhiều",negative,pin
Lỗi panic và reset mọi người nên cẩn thận khâu bảo hành đợi lâu đấy,negative,khác
cho mình giá tham khảo iphone 14 plus 128GB lên iphone 17 ạ,neutral,giá
Đặc quyền bảo hành trọn đời1.200.000đ2.400.000đ,negative,khác
Cho mình hỏi mua điện thoại có cục sạc không ạ,neutral,khác
"Màn hình lớn, hiển thị sắc nét, xem phim rất đã.",positive,màn_hình
"Máy bị lỗi nhưng không được giải quyết 1 đổi 1 trong tháng đầu như quảng cáo. Gửi đi thẩm định 2 tuần, shop báo máy bình thường. Trong quá trình sử dụng mình chắc chắn máy lỗi chớp sáng màn hình, CSKH có liên hệ nhưng mình không hài lòng vì vẫn không được giải quyết đổi. Mình được đưa ra hướng xử lý là thêm 1 tháng bảo hành tuy nhiên cách này không thoả đáng vì mình vẫn đang trong thời hạn bảo hành 1 đổi 1 vẫn có được đổi như cam kết và quảng cáo ban đầu đâu. Bỏ tiền ra mua rước bực vào người",negative,màn_hình
Mái xài tốt pin trâu. Gái xin tư vấn nhiêth tình dễ thương,positive,pin
Máy này là mới hay cũ shop,negative,khác
Có thu củ đổi mới lên đời không ạ,neutral,khác
Shop tư vấn đổi từ A32 lên A16 thì ntn ạ,neutral,khác
Giá này còn giảm ko phop ơ,negative,giá
Ở TP Bắc Ninh có ip 17 bản màu trắng k ạ,neutral,khác
máy này VNA hả shop,negative,khác
E MUON MUA HANG A,neutral,khác
"Kết nối mạng kém vll.. Cùng nhà mạng mà cái của mình k xem nổi clip , chơi game thì lag",negative,khác
Oke Sài ngon hơn con sam sung a56 nữa,positive,khác
Máy xuống pin nhanh. Sạc bị nóng máy trong khi mới mua đc 1 tuần,negative,pin
"Độ bền cao, chất lượng hoàn thiện tốt, tạo cảm giác chắc chắn.",positive,giá
"Mua đúng 1 tháng, thừa nhận máy dùng ổn định, cam đẹp, pin không trâu lắm nhưng thừa sức đáp ứng 1 ngày dài làm việc nhiều, nhân viên tư vấn nhiệt tình....nói chung là rất OK.",positive,pin
Này góp 1 tháng là bn vậy admin,negative,khác
Có bán trả góp ko shop,negative,khác
Điện thoại điện bằng zalo bi vọng tiến có chỉnh lại được không shop,neutral,khác
"Nâng cấp đáng giá nhất chắc tới từ pin, nhưng camera có vẻ không bằng được mấy con Tàu,",neutral,pin
Mới mua 1 đêm sai chút xíu nóng máy muốn đổi sang khác vẫn phải mất 20% sao ạ,neutral,khác
Cho em hỏi con này còn hàng bên chi nhánh Minh Khai Hà Nội không ạ,neutral,khác
Mới mua xài gần 1 tháng. Màn hình hay bị đơ. Chạy tùm lum. Muốn đổi lại được ko. Quá bất mản,negative,màn_hình
Nếu em đặt trước thì bên mình có giá ưu đãi cho hssv và hỗ trợ trả góp với lãi suất oke không ạ,neutral,giá
máy này bên gia nghĩa đak nông có không shop,negative,khác
Bên mình còn về ip13 256gb ko ạ?,neutral,khác
Cho mình hỏi s25 utra có chụp ảnh được ở dưới nước ko vậy,neutral,camera
Mới mua chưa đủ 1 tháng mở không lên màn hình phải gửi đi bảo hành.,negative,màn_hình
Nhân viên nhiệt tình ok,positive,khác
"Mới mua ngày 16/01/2025 sạc 28 lần mà dung lượng pin còn có 99%. Ngủ 1 đêm tắt 4g, wifi hết mà hụt hết 5%",negative,pin
"Mình từ Samsung chuyển qua S23 plus điều mình cảm thấy là dùng rất mượt, pin tốt, camera chụp đẹp chụp đẹp hơn hẳn 16 promax. Nhưng mình thấy có điều ko bằng samsung là ko có khoanh tròn tìm kiếm tiện như samsung,hay tìm âm thanh như samsung, AI ko bằng nữa, back chỗ vuốt dc chỗ ko ko đồng bộ như samsung,dùng youtube bản pre phải tốn tiền kia xài chùa dc, bàn phím nó cứ hơi lag lag, dùng bàn vni càng bất tiện, Ngoài ra bạn đừng nghe dụ dỗ mua ốp lưng hở cụm camera như mình về sợ xước lại phải thay ốp khác phí 350k",negative,pin
Mình mua trả trước 1tỷ được không,neutral,khác
"Buổi chiều qua mình có việc nên cần tiền bán máy iphone17 pr max mình mới mua dc mấy hôm . K hiểu sao trừ phí quá trời mà đang kẹt tiền nên bán. Tối mình quay lại mua lại máy mà máy cũ đó k có nữa nên phải mua máy mới. Ô , thế máy cũ đó đâu. Đưa tiền cho mình chả thấy giấy tờ ký tá gì cả . Giờ mình có tiền muốn chuộc lại máy lại k cho. Thế mình lại phải mua máy mới. Phí tiền , chả ra làm sao . Trả hàng k đưa giấy tờ thì mình đen phải chịu à. Mình mua ở cửa hàng thế giới di động ở nông cống, thanh hóa.",neutral,giá
"Trong tầm giá này thì OPPO A5i Pro là một lựa chọn quá ổn từ hiệu năng đến ngoại hình. Loa nghe nhạc hay và bắt sóng 4G/Wifi cực khỏe. Quy trình mua bán tại hệ thống chuyên nghiệp, thái độ nhân viên niềm nở làm mình thấy rất thoải mái.",positive,giá
"Có chuẩn IP68 nên đi mưa hoặc rơi nước nhẹ cũng không lo, điểm này nhiều máy tầm giá này chưa có nên khá đáng tiền.",neutral,giá
Máy này xài ứng dụng mượt không FPT,positive,khác
Còn máy oppo zeno 12f 5g 8g/256g không shop?,negative,khác
"Máy đẹp, camera ok, hiệu năng khoẻ, lại còn được tặng loa xịn",positive,camera
GIAO HÀNG HƠI CHẬM,negative,khác
"ip 16promax 512 mua ở FPT pin96, mình muốn đổi qua 17promax 512 thì thêm bn ạ",neutral,pin
"Đang xài rất ổn , pin thời lượng cả ngày là có thật , đáng giá với túi tiền vừa phải đối với sv dân lao động như mình , nên mua",positive,pin
Dung lượng RAM và bộ nhớ trong của OPPO A3 là bao nhiêu?,negative,hiệu_năng
Mới mua được 5 tháng mà bị hỡ keo bung màng ráng đem gửi bảo hành hi vọng sẽ trở về trạng thái ban đầu,negative,màn_hình
Nghe bình luận bên dưới thấy máy ko ổn mà sau tôi mua về sài rất mượt pin trâu sạc nhanh ai nói 1h mấy mới đầy tôi thấy máy này mọi người kinh tế thấp nên mua mày này sài bao bên luôn,positive,pin
"Camera chụp ảnh thiếu sáng đỉnh, đặc biệt là khả năng zoom xa, ảnh không bị bệt màu. Camera nét giúp mình chụp tài liệu, sản phẩm rõ ràng, không bị rung mờ",positive,camera
Tốt xài mượt,positive,khác
"sản phẩm dùng tốt, màu sắc đẹp",positive,màn_hình
"Dùng đau mắt quá trời ,nv tư vấn chưa sát",negative,khác
"Sử dụng hơn tháng rất tệ ko biết là do phần mềm hay gì đó lỗi liên tục đặc biệt là Facebook và Yotubi ko phải do mạng mỗi lần quay vòng vòng là phải tắt nguồn khởi động lại mới sử dụng bình thường được đã mang ra thế giới Di Động nhưng cũng vô dụng đc chỉ dẫn đem lại OPPO bảo hành, mua một đống tiền chứ có ít đâu mà tệ quá tệ thua cái A5 thời xưa, do chưa có thời gian đi ra chụ sở bảo hành,.",negative,giá
"Mua ở tgdd chủ yếu vì tin tưởng thương hiệu, uy tín, chính hãng, lười tìm hiểu nên mua sự yên tâm ở đây, giá bán đúng niêm yết ko bia kèm lạc, từ lúc đập hộp ra dùng đến bây giờ khá ok, máy mượt, rất tốt",positive,giá
Học sinh có thể thanh toán bằng tiền mặt không ạ,neutral,giá
Máy này mình sạc bằng pin dự phòng vừa sạc vừa lướt web máy có bị chai pin ko fpt,negative,pin
Sản phẩm ok,positive,khác
Pin rất ok.,positive,pin
mới mua về Sài cũng OK qua 2 tháng pin giảm nhanh,positive,pin
Sài rất tốt,positive,khác
Em mới mua chiếc ip16 thường 128gb em muốn lên ip17pro 256gb bù thêm bnh ạ,positive,khác
Máy dùng ok lắm ạNhân viên nhiệt tình vui vẻ 10,positive,khác
Cho mik hỏi xiaomi 15T có áp dụng thu cũ đổi mới khi trar góp qua thẻ tín dụng ko nhỉ,neutral,khác
Cảm giác sạc nó cứ bị nóng máy làm sao ý,negative,giá
"Máy mua 1 tuần lỗi đơ màn..pin nhanh hết, để qua đêm k dùng vẫn tuột 6%.nói chung là thất vọng",negative,pin
giá hiện trên app 3tr590 thì ra cửa hàng bao nhiêu vậy ạ,neutral,giá
"Màn hình tương đối, maug sắc ổn, cấu hình cũng đủ mạnh, pin trâu. học sinh sinh viên sài con này chơi game rất ok rồi nha",positive,pin
"Iphone 16e rất tốt vượt mong đợi. Lúc mua giá 15.790.000đ, bây giờ giảm còn 13.990.000đ quá rẻ nên mua",positive,giá
"Điện thoại mua 7 ngày, không sử dụng để qua đêm tụt 4,5 phần trăm bị lỗi phải ko",negative,khác
Loa ngoài nghe ấm hay. Mọi thứ ổn.,negative,loa_âm_thanh
điện thoại iphone 14promax tại chúc sơn chương mỹ bán tn shop,negative,khác
SẢN PHẨM TỐT,positive,khác
Em mua máy poco m6 pro khi để qua đêm pin tự tụt là bình thường hay sao ạ máy em mới mua ạ,neutral,pin
FPT yên lạc còn hàng ko,neutral,khác
giờ mình ra cơ sở fpt có giá như này kh hay là 3tr990 ?,neutral,giá
Điện thoại tự nhiên hay bị mất sóng phải khởi động lại thì mới có sóng lại . để trong túi không để ý là người khác không gọi được luôn . mới mua được gần 2 tháng cảm thấy hơi thất vọng,negative,khác
Điện thoại mới mua nhưng để qua đêm tắt toàn bộ chế độ nhưng vẫn bị tụt pin 5%,negative,pin
"Pin trâu, mượt, camera nét, ngoại hình cute. Rất okXứng với tầm giá",positive,pin
Cô thu máy vivo y20 khong shop,negative,khác
chi nhánh BG còn ip 13 màu hồng k ạ,neutral,khác
"Mình có đi bảo hành lần vì loa bị rè nhẹ, mang ra FPT Shop gần nhà được tiếp nhận nhanh, nhân viên kiểm tra và gửi hãng, khoảng 3 ngày là gọi ra lấy máy, rất nhanh chóng",neutral,hiệu_năng
Chi nhánh Nguyễn Thị Tú xã Vĩnh Lộc có hàng không ạ,neutral,khác
"Dùng rất oke, mượt mà, pin dùng 2 ngày nếu chỉ lên mạng bình thường.",positive,pin
"Dùng được hơn 1 tuần thì màn hình bắt đầu bị đơ, lag rất khó chịu",negative,màn_hình
Nv hỗ trợ tốt,positive,khác
"Pin dòng Plus thực sự rất trâu, mình dùng cả ngày dài với nhu cầu hỗn hợp mà tối vẫn còn dư khoảng 30%. Màn hình to xem phim rất sướng nhưng cầm một tay hơi nhanh mỏi.",positive,pin
Con này k có nfc à shop,negative,khác
17t có trả góp ko shop,negative,khác
"Máy đẹp, camera ok, hiệu năng khoẻ, lại còn được tặng loa xịn",positive,camera
Bao nhiêu tuổi được đứng tên mua vậy ạ,neutral,khác
Sử dung ok nhưng mới mua đc 5 tháng mà pin tuột quá,positive,pin
"Mình mới mua sản phẩm ở TGDD nói chung pin trâu, dùng ok. Nhân viên tư vấn nhiệt tình",positive,pin
Cho mình hỏi giá cuối cùng của iphone 17 promax màu cam 256GB ạ,neutral,giá
"Bên mình có dòng redmi note 14 pro thường không nhỉ, với lại sinh viên có ưu đãi gì không, tôi mua cho con",neutral,khác
Mình mua tại shop(237-239 Thống nhất xã Phan rí cửa tỉnh lâm đồng)vào chiếc ngày 23/3/2026 với giá 4.190.000!có ưu đãi gì đâu,neutral,giá
"Giao diện mượt, chuyển màn hình nhanh, trải nghiệm sử dụng ổn định trong đa số trường hợp.",positive,màn_hình
ở vân đồn fpt shop bên mình còn máy oppo a18 không ạ .,neutral,khác
"Máy có sẵn ở lâm đồng (Lagi,bình thuận cũ ko ạ",neutral,khác
"Camera, pin, tốc độ xử lý rất chậm. Quả camera mình ko dám dùng. Điện thoại cũ 3triệu, tuy dung lượng nhỏ nhưng tốt hơn 10 lần.",positive,pin
"Mạng 4G thật sự rất rất cần thiết sử dụng điện thoại, máy mới mua mà bị kiểu này thì chịu thua, máy mua chắc tầm 3 tháng 1 tháng gần đây xảy ra hiện tượng rớt mạng liên tục, tưởng bị sim đem ra mạng Viettel thì kiểm tra sim ko bị gì, bảo nhân viên lắp sang máy sang máy khác test không bị gì hết, cuối cùng giờ cắn trái đắng, nếu mà đem máy bảo hàng thì ko có máy sài, làm đủ cách ko hết khôi phục cài đặt gốc xuất xưởng ko hết, rất bực mình, thay vì gọi zalo messenger thì phải gọi số thường tốn tiền, khỏi gọi video lun chán chả bùn nói",negative,giá
Máy có tích hợp NFC ko ạ,neutral,khác
Ip17 có màu xanh lá ở phường Tân An không ạ,neutral,khác
Khi mua có thể trả góp không?,neutral,khác
Còn màu hồng 128G ko shop,negative,khác
"Dùng thích lắm, nhân viên hỗ trợ nhiệt tình",positive,khác
Phú yên (cũ) còn hàng không,neutral,khác
Sử dụng ios lần đầu trải nghiệm thì máy nhanh nóng. Sd 1 tháng thì nâng cấp ios 26. Nói chung dùng thì các chức năng ko quen nhất là phần gõ chữ ko có sẵn số chuyển VNI thì có số ko quen chuyển qua tl thì lại ko có số phiền kinh. Càp app thứ 3 thì xung đột phần mềm. Rắc rối,negative,hiệu_năng
Nhân viên tư vấn nhiệt tình. Chế độ bảo hành tốt.,positive,khác
máy này chụp hình ổn kh ạ,positive,khác
"Ip16 128gb nếu mih trả trước 30% ,góp 12 tháng thì mỗi tháng trả bao nhiêu ạ",neutral,khác
"Cá nhân mình sd đến hiện tại vẫn ok nha. Mua cũng đã đc gần 1 tháng rồi nhưng mọi thứ vẫn ok, từ pin đến các chức năng của máy. Chị nhân viên cũng tư vấn rất nhiệt tình, hỗ trợ mình rất nhiều. Thực sự rất đáng để mua",positive,pin
dạ máy này trả góp như nào ạ,negative,khác
"Máy thiết kế đẹp nhẹ, pin tốt sạc nhanh , dùng bình thường mượt game nhẹ ok",positive,pin
"Mình thấy dùng ổn, ngoại hình các thứ đẹp hơn các dòng dưới đã dùng, k am hiểu lắm về đt nhưng cũng thấy đẹp chắc vì mắc tiền nên đẹp, màu titan tự nhiên khá ok",positive,giá
"Sản phẩm tuyệt vời, từ thiết kế cho đến chất lượng. Pin trâu, sạc nhanh siêu tiện. Máy chạy rất êm, không có hiện tượng nóng máy.",positive,pin
"e vừa trả góp 1 cái ip cho người thân tháng rồi, giờ e muốn góp thêm chiếc nữa đc ko ạ ?",neutral,khác
con này không thấy ghi âm cuộc gọi vậy shop,neutral,khác
Máy đêm k dùng gì tắt hết wifi 4g sáng dậy tụt 10% bin mới mua đc 10 ngày,negative,khác
Máy này camera sau quay phim có đẹp không fpt,positive,camera
Máy mới mua mà màn hình liên tục bị đơ . Loạn chữ . Đánh giá con này,negative,màn_hình
Đã Sài đc 1thang OK hết tất cả,positive,khác
Hổm mua 13.2 nay lên 15.7 vãi chưởng,positive,khác
Bảo hành rơi vỡ Bolttech cho iPhone 879.000đ1.099.000đ,negative,khác
Sản phẩm này có lên được Androi 15 không shop,positive,khác
Nợ xấu có mua chả góp dc ko,negative,thiết_kế
"MÁY MUA ĐƯỢC 7 THÁNG MÀN HÌNH BỊ SỌC MÀU TRẮNG XANH VÀNG ĐỎ,GỬI ĐI BẢO HÀNH HƠN 1 TUẦN RỒI,KHÔNG BIẾT NHƯ THẾ NÀO,RẤT BUỒN...",negative,màn_hình
Camera trên iPhone 16 Plus có gì mới vậy shop?,negative,camera
"Dùng được vài tuần rồi mà chưa có vấn đề gì. Hiệu năng cực kỳ ổn định, chiến game hay dùng ứng dụng nặng đều rất mượt mà.",positive,khác
Dạ em muốn tư vấn mua trả góp ip 15 hôm nay ạ,neutral,khác
"Mình mua ip 13 thường 128g hồi tháng 1, bây giờ mình muốn đổi lên ip15 thường 128g thì cần bù thêm bao nhiêu tiền ạ",neutral,giá
"Mới sáng nay dùng ok, và địa chỉ 35 thống nhất Đức Trọng Lâm Đồng, chăm sóc và hỗ trợ khách hàng rất chu đáo",positive,khác
"Vừa mua ở thế giới di động Bắc Ninh , Sau một ngày sử dụng , Mình thấy pin trâu hơn con xiaomi 13t của mình . Và giờ mọi thứ vẫn bình thường , sử dụng một thời gian nữa sẽ đánh giá tiếp vì vừa chuyển từ adr Qua ios nên chưa quen với các thao tác lắm . Nhân viên ở cửa hàng rất vui vẻ và nhiệt tình tư vẫn , Ý định trước khi đi mua là Màu trắng đến cửa hàng nghe tư vẫn mua luôn màu Đen .",positive,pin
Chính sách bảo hành lỗi 1/1 cực tệ với nhiều lí do vô lí . Trong tháng 1 đỗi 1 mà bắt khách hàng chịu lỗ 20% mới cho đổi.... tạm biệt không bao giờ quay lại,negative,khác
Máy mượt dùng khá ok mỗi tội pin hơi yếu ngày sạc 2 lần ae,positive,pin
Mua redme note 14 vừa thu cũ đổi mới vừa đổi điện thoại cũ còn lên nguồn giảm 300k được ko shop?,neutral,khác
"ZPA bao gồm cả Việt Nam rồi, mấy bố cứ đòi VNA Apple nó bỏ VNA lâu rồi",neutral,khác
Dùng đến bây h ok nói chung phù hợp các tác vụ hiện tại của mk,positive,khác
Mình dùng được 2 tuần chưa có vấn đề gì cả,neutral,khác
cho e hỏi ip15 125gb 80% pin thì thu cũ đổi lên ip17 bù bnhieu ạ,neutral,pin
máy mua hồi tháng 6 tới h ít sạc mà pin tụt 91% v có phải máy bị lỗi pin k mọi ng,negative,pin
Mua trả góp có được tặng quà không shop,neutral,khác
MÁY XÀI OK NHƯNG KHÔNG MỞ ĐƯỢC QUAY MÀN HÌNH,negative,màn_hình
Có thu cũ s22 để lên s25 k ạ,neutral,khác
"Màn hình gập bên trong gần như không thấy nếp gấp, ngay cả khi nhìn nghiêng hay vuốt chạm trực tiếp. Công nghệ sạc SuperVOOC cực nhanh và sự tối ưu năng lượng tương đối tốt chip giúp máy có thể trụ được trong suốt 1 ngày dài.",positive,màn_hình
Có ở Vĩnh điện ko ạ,neutral,khác
"Mình trước mua Redmi Note cũ ở đây thấy ổn nên lần này tặng em ý con mới này, nhân viên vẫn tư vấn nhiệt tình như xưa.",positive,khác
"Máy mượt ngon lắm ạ , nhưng hao PIN, để qua đêm vẫn tuột pin nữa, cảm giác hơi khó quen bộ pin này .",negative,pin
Đổi 24utra lên 25utra,positive,khác
Máy xài rất tệ giựt lag thậm chí xem Facebook còn lag nữa mang tiếng ram 8 mà xài đa nhiệm ko nổi,negative,hiệu_năng
Trả góp ntn ạ,neutral,khác
Chạy vậy hoài,positive,khác
25 chu kì sạc tình trạng pin còn 99% pin quá tệ,negative,pin
"ip17 pro 256gb màu bạc, đặt cọc, nhận máy thì trả trước mấy phần trăm, vì tôi muốn trả góp",negative,khác
"Phụ kiện đi kèm đầy đủ, máy có khả năng kháng nước nhẹ nên mình cũng yên tâm hơn khi lỡ gặp mưa nhỏ. Tổng thể máy hoạt động tròn vai, phù hợp cho học sinh, sinh viên hoặc người lao động.",neutral,khác
"Mình mua ip 15 plus 128g fullbox tại tgdd mà về sử dụng đc gần 1 tháng thấy máy bắt mạng kém quá vậy, wifi, 4g căng đét mà gọi zalo, mess k liên lạc đc, thỉnh thoảng nhắn tin cg k nhận đc luôn, khi mở ứng dụng ra mới thấy 1 loạt cuộc gọi nhỡ và tin nhắn, thất vọng thật sự khi bỏ ra 1 số tiền lớn mà lại bị như vậy mong nv hỗ trợ sớm",negative,giá
Khu vực yên lạc cũ còn hàng k ạ,neutral,khác
Vĩnh Long có hàng không,neutral,khác
"Hỗ trợ kết nối 5G, mang lại tốc độ truy cập Internet cực nhanh, phù hợp với nhu cầu hiện đại.",positive,hiệu_năng
Mình mới mua hôm nay sao mà nhạc chuông nhỏ quá vậy,positive,khác
tuyệt mn nên trải ngh,positive,khác
"Mọi thứ đều ok. Chỉ riêng phần loa nghe chán , mở to nghe rè rè, âm thanh nghe không bằng con đt 5triệu",negative,loa_âm_thanh
Mượt mà. Chụp ảnh xuất sắc. Tạm thời rất ưng ý,positive,camera
Pin không hề trâu như quảng cáo. Xài tụt pin còn nhanh hơn con 11 thường mình xài 5 năm rồi. Mới mua về chưa được 2 tuần mà ngày nào tắt wifi 4G để qua đêm thì tụt 56% pin. Tắt nguồn luôn thì tụt 12% pin. Chán. Hối hận.,negative,pin
"Mình mới mua sản phẩm ở TGDD nói chung pin trâu, dùng ok. Nhân viên tư vấn nhiệt tình",positive,pin
Năm nay IP lâu xuống giá nhỉ,positive,giá
cho em xin giá ip16plus 512gb tại tp hcm với ạ,neutral,giá
Mới mua 2 ngày thấy pin 5800 gì mà dùng xíu buổi sáng hoặc buổi tối là hết pin rồi,negative,pin
trả góp cần trả trước không sóp,neutral,khác
Ở thegioididong có dán màn hình và mặt sao máy này chưa ạ,negative,màn_hình
"Được mỗi thiết kế nhìn đẹp, chứ hiệu năng trải nghiệm thì không bằng xiaomi cùng tầm tiền",negative,giá
"Giao diện One UI của Samsung dễ dùng cho cả người lớn tuổi trong nhà. Quy trình mua hàng tại hệ thống rất nhanh gọn, hỗ trợ trả góp linh hoạt giúp mình dễ dàng sở hữu máy. Rất hài lòng với dịch vụ chăm sóc khách hàng của shop.",positive,hiệu_năng
Máy rất mượt,positive,khác
mới mua về Sài cũng OK qua 2 tháng pin giảm nhanh,positive,pin
Tư vấn đổi S22 qua S25 ạ,neutral,khác
xiaomi note 11 doi sang may nay dc k,positive,khác
"Mình mua ngày 30/10/2025 sau gần một tháng mình đánh giá như sau. máy đẹp,pin trâu, nhưng ở phía loa bên trên màn hình thiết kế hở khe bụi sẽ rễ bay vào với giá tiền 12tr490k thì không đáng, máy trưng bày thì không có, nhưng dùng vẫn tạm ổn mình cho 4 sao",negative,pin
Mình hay mua đồ ở đây rồi nên quen mặt. Lần này tặng bố con Redmi Note 15. Bố cũng rất hài lòng luôn.,positive,khác
Quẹt thẻ mất phí gì ko,negative,khác
"Đã mua. Máy rất đẹp, pin khoảng 1 ngày rưỡi. Hàng Apple thì khỏi bàn cãi gì nhiều",positive,pin
"Hôm kia, mình thấy có chiếc màu xanh lam khói. Mình lập tức đặt mua và đến nhận hàng tại 708 Nguyễn Trãi TPHCM. Anh nhân viên hỗ trợ mình rất nhiệt tình, hướng dẫn mình cách sử dụng cũng như bảo quản chiếc điện thoại. Chiếc điện thoại màu xanh nhẹ rất đẹp và hợp với sở thích của mình.",positive,thiết_kế
Rất đẹp dùng mượt mà cấu hình mạnh trải nghiệm tất cả những game đồ hoạ cao chụp ảnh sắc nét quá tuyệt vời,positive,camera
"Khá ổn trong tầm giá, pin trâu.",positive,pin
"Với số tiền bỏ ra thì em này quá ok , pin xài cả ngày , mượt cam khá ok ngoại hình đẹp , sang , chơi game cũng quá ok luôn , sẽ cứ mua mà xài ko hối hận đâu",positive,pin
Bỏ ra 13tr đến giờ trải nhiệm quá tệ. Fan Mi đến tầm này bỏ thôi. Pin thì kém loa thì rè cam thì chụp xấu.cập nhên hyos thì cái ứng dụng tin nhắn thì thành 2 cái không xoá dc mới mua đc có 3 ngày cảm thấy rất tệ.,negative,pin
Bảo hành rơi vỡ Bolttech cho iPhone 2.079.000đ2.599.000đ,negative,khác
Máy này ghi âm cuộc gọi có báo đầu dây bên kia không add?,neutral,khác
Iphone 17 pro 256gb màu bạc nào có hàng lại v ạ,neutral,khác
"Minh mới mua máy dùng rất tốt mà lúc đó quên xem là nó ko có hỗ trợ thẻ nhớ, mình mua bản Xiaomi Redmi Note 15 Pro 5G 8GB/256GB giờ muốn đổi lên 12Gb 512Gb được ko.",positive,khác
"Sp tốt, nhẹ hơn nhiều so với dòng 14prm mình đang sài, vẫn đang trải nghiệm dc 2 ngày. Nhân viên nhiệt tình , ship hoả tốc nhanh chóng. Thân thiện và nhẹ nhàng",positive,hiệu_năng
"Thiết kế Pro nhìn cao cấp hơn, viền mỏng hơn, cảm giác sang trọng hơn bản thường.",negative,giá
Dạ bên mình còn ip15 256GB màu vàng ở TPHCM ko ạ,neutral,khác
"mua iphone 16 pro max thật không vui tí nào...lỗi búa xua...nghe cộng đồng mạng kêu quá trời...tôi có lẽ may mắn hơn...chỉ gặp lỗi bàn phím và kết nối wifi lúc đầu...nhưng tới bản ios 18.1.1 mới cập nhật tối hôm trước xong,sáng sớm thì sim kết nối chập chờn,đến 3h chiều thì máy báo không có sim...ối giời ơi không thể nghe ,gọi được....quá buồn vì mất thời gian vọc vạch kiểm tra sim,chế độ máy bay,đặt lại kết nối mạng,khởi động lại......nhưng vẫn lì ra...cứ tịt sim,...nếu cài đăt gốc thì phải tốn thời gian cài lại,tối ưu cho máy,tải thêm ứng dụng,sao lưu nữa...mệt rồi đây...tgdd theo tôi nghĩ cần tích cực thông báo cho apple càng sớm càng tốt...rõ đã tốn nhiều tiền mà còn mệt ...",negative,giá
"Mới mua trả góp ip15 128 gb Cảm nhận đầu tiên là có hơi nóng, cần tìm hiểu nguyên nhân, chắc tải áp quá nhiều, nên phải thường dọn rác , máy nhẹ hơn ip 13 nhiều Mong sẽ có cảm nhận mới Nhân viên phục vụ thì tuyệt vời tận tâm nhiệt tình Luân không giỏi về tìm hiểu, chỉ cảm nhận những tính năng của iPhone có giúp ích cho đăng tải video Phật Pháp Chục ảnh chất lượng tốt hơn",positive,khác
Đang dùng tiktok bị đơ rồi sập nguồn khởi động lại máy luôn.,negative,khác
Đặc quyền Bảo hành thêm 2 năm iPhone (BT)1.000.000đ2.000.000đ,negative,khác
NGOẠI HÌNH ĐẸP,positive,thiết_kế
mua đc 10 ngày pin tụt nhanh tắt nguồn mở lên mất 34% đem ra nhân viên bảo do hdh mới .vài ngày sau đang xài bị tắt nguồn lỗi panic full và reset couter đem ra kiu gửi hàng đợi 15 ngày gửi máy .bỏ ra gần 40tr trong time còn đổi trả mà gửi hãng thẩm định .đó giờ tin tưởng mua rất nhiều sp bên này mà từ nay thì k bao giờ mua nữa,negative,pin
Mình mua Oppo ren 15f ngày 23/1 mình muốn đổi qua reno15 5G thì bù bnhieu ạ,neutral,khác
"Dạ cho em hỏi máy có bền với có bị lỗi về mạng,màn hình với có bị sập nguồn liên tục ko ạ",neutral,màn_hình
"Anh chị cho mình hỏi, mình mới mua chiếc điện thoại Xiaomi redmi 13x hôm 25 tháng 12 năm 2025 chưa bị hư hỏng hay trầy xước gì giờ đổi sang máy samsung A06 5G bảng 4gb ram 128gb bộ nhớ thì mất phí bao nhiêu ạ",neutral,hiệu_năng
Mua được 5 tháng pin tụt còn 95%,negative,pin
"Chụp hình đẹp lắm ạ, vừa túi tiên",positive,thiết_kế
Shop ơi ip 14 pro max 256g lên ip17 bn ạ,positive,khác
"Mượt chụp ảnh đẹp, mỗi tội pin ko lâu như mong đợi. Xài từ sáng đến chiều là đã hết sạch pin",positive,pin
Giá bán hiện tại sau giảm giá là bao nhiêu,neutral,giá
"mình mua ngày 17/10/2025 thật tuyệt vời không chê tí nào. máy gọn đúng ý mình. pin rất trâu,mát mượt. nghe nhạc âm thanh rất hay. ai tuổi như mình nên mua",positive,pin
"Redmi note 14 pro plus có kèm củ sạc k shop,sao thấy hình có để củ sạc vậy?",neutral,khác
Mới mua hôm qua máy mượt pin trâu,positive,pin
Điện thoại chơi games rất mượt camera nét lắm nói chung là rất thích,positive,camera
"Cho mik hỏi ip 13 128gb ở xã Cần Giuộc, tỉnh Tây Ninh còn hàng ko ạ",neutral,khác
Bên shop có thu lại máy cũ ko ạDo mình k muốn dùng muốn đổi qua hãng khác ạ,neutral,khác
Shop ơi sao máy ko kèm sạc và tai nghe vậy? Nếu mua ngoài thì bn tiền sạc,negative,giá
Hàng bao giờ về thế shop,neutral,khác
màu tím còn k ạ,neutral,khác
"Pin tụt quá nhanh dù mới sử dụng hơn 1 tháng, 2 3 ngày mới sạc 1 lần. Tệ",negative,pin
E hỏi Oppo dòng nào chụp hình đẹp và nét để làm video,positive,thiết_kế
Dạ ip 15 thường 128g xanh dương bản vn pin 95 thu cũ đổi lên ip 17 pr thì bù bao nhiêu tiền ạ,neutral,pin
Sản phẩm tốt. Màu xanh dương đẹp. Chiến game trong vài năm tới,positive,thiết_kế
Máy lỗi có được đổi trả tại nhà không?,neutral,khác
"iPhone 15 128GB(00904213)Phân loại: 128 GB, Xanh dương17.990.000đ19.590.000đ-8% Mua ngay Trả góp(Chỉ từ 1.344.500đ)",positive,khác
máy này dùng dc 5G không ạ,positive,khác
Sản phẩm có ở nha trang ko ạ ?,neutral,khác
Ip 17 -256 (mới100%) đổi lên 17 pro max 512 thì chênh lệch bn ah?,negative,khác
Hàng quá đẹp,positive,thiết_kế
"Lần đầu xài Samsung mà thấy tuyệt vời quá, rất xịn, pin trâu và chụp đẹp. Fan Hà Còi",positive,pin
Sao may này tải ứng dụng nhanh cực kỳ vậy fpt,negative,hiệu_năng
"Tầm giá thế này dùng ổn, màn hình khá sáng, hiển thị hình ảnh đẹp, nét, mượt. Pin dùng vừa phải thì được 2 ngày, dùng nhiều tất nhiên là hết pin nhanh. Lướt mạng cũng nhanh, ổn. Mọi thứ đều tốt trừ camera, chụp ảnh tuy màu sắc tươi sáng nhưng phóng to hơi vỡ hạt nên không nét lắm. Redmi 13C mua đợt tháng 6/2024 chụp ảnh còn sắc nét hơn.",positive,pin
"mình muốn mua trả góp điện thoại 17 Promax 256gb, mình trả trước bn.",negative,khác
Oppo A83 sang reno 13f,negative,khác
"Dùng ổn , sạc pin hoặc mở độ sáng cao điều bị nóng máy",negative,pin
không có chương trình mở thẻ tpbank evo hả shop?,negative,khác
bên mình có thu cũ đổi mới không ạ,neutral,khác
Samsung Galaxy A16 4GB 128GB còn chương trình khuyến mãi không ạ,neutral,khác
"Tôi hỏi sản phẩm samsung s24fe, chương trình giảm giá đến bao giờ. Tôi có máy cũ not9.",neutral,giá
"Tắt cả điều ok . điểm trừ camera quá tệ đã mua 11tr,900",negative,camera
"Lướt top top thấy lỗi ở phần phân tích cải tiến cũng hơi hoang mang, nhưng xài 1 thời gian cảm thấy tất cả đều ổn, pin cầm máy mượt... Không có vấn đề gì cả, hy vọng bảng cập nhật mới sẽ ổn hơn nữa để mn yên tâm.",negative,pin
"Thiết kế đẹp, khá hợp với các chị em như mình, đã cọc màu trắng hợp mệnh đang đợi ngày nhận máy.",positive,thiết_kế
A16 giá 3.700.000 có tặng củ sạc 25w không vậy bạn?,neutral,giá
S25 ultra liệu còn bị lỗi sọc khi update ko nhỉ,negative,hệ_điều_hành
Tôi vó dùng xiaomi 14T Pro kết nối Wifi và 5G hay bị gián đoạn. Và bị quảng cáo rất nhiều. Dùng rất là không hài lòng Nên các bạn cân nhắc mua dòng 15T của xiaomi,negative,giá
Mình đã mua máy tại số 3 kinh dương vương hồ chí minh nhân viên hỗ trợ hồ sơ góp cho mình nhanh gọn gàng và rất nhiệt tình cảm ơn ạ,positive,hiệu_năng
"dịch vụ tốt, nhiệt tình",positive,khác
Cho mình hỏi FPT thị xã Phú Thọ có sản phẩm này ko?,neutral,khác
Mình đang dùng s22 cần lên đời. Add tạm tính thử định giá máy bao nhiu nhé,neutral,giá
Dung lượng pin tốt ấn tượng thật,positive,pin
Tốt lắm nhé,positive,khác
"Máy đẹp, xài mượt, cam ổn. Nhưng pin sạc hơi lâu so với kỳ vọng của mình",positive,pin
"Máy màu xịn xinh dã man10 cho bạn giao hàng nha Vui vẽ nhiệt tình , giao hàng xa như mà rất nhanh",positive,hiệu_năng
Mình ở tân tiến cũ .tỉnh Bình Thuận thì giao nhanh k ạ,neutral,hiệu_năng
Đang dùng tiktok bị đơ rồi sập nguồn khởi động lại máy luôn.,negative,khác
"Sài sướng thật,năm ngoái xài Xiaomi 14t pro .năm nay lên đời vẫn sướng.",positive,khác
Đặc quyền bảo hành trọn đời700.000đ1.200.000đ,negative,khác
"Tuy Hoà , ĐakLak còn kok shop",negative,khác
Mua hôm 26/6 dùng tới nay rất ổn định mượt mà màn hình đẹp lên ios 17.5.1 pin hơi yếu so với 17.4 thôi hi vọng ios 18 ra mắt pin sẽ ổn hơn,positive,pin
Đặc quyền Bảo hành thêm 1 năm iPhone (BT)500.000đ1.000.000đ,negative,khác
"Mình mua điện thoại được hơn 10 ngày mà vẫn chưa thấy giao loa khuyến mãi, mong shop kiểm tra giúp",neutral,loa_âm_thanh
"Điện thoại rất mượt nha, pin khá trâu, sạc nhanh. Camera với Ai thì khỏi bàn r. Thiết kế mình thích nhất. đẹp điên lên dc, với bản pro tưởng nhỏ lắm mà mình thấy cầm đầm , vừa tay nha. Ko chơi game nên kbt hiệu năng, nhưng antutu mình đo dc 2tr1 điểm thì mình nghĩ quá dư sức r. Nói chung là nên mua nha hehe",positive,pin
Nếu trả trước 0% vậy mỗi tháng trả nhiêu ạ,neutral,khác
"Máy mình mua hồi tháng 1 mà cứ xảy ra lỗi hoài đến giờ thấy chán luôn. Máy thường xuyên đơ lag, cảm ứng thì không nhạy, đến giờ thì bị liệt cả ứng một góc, phải nhấn mạnh mới ăn được. Không biết bảo hành thế nào đây. Biết vậy ngay trong tháng đầu trả máy luôn cho rồi.",negative,màn_hình_cảm_ứng
"nhân viên shop giao hàng , hướng dẫn rất nhiệt tình . sản phẩm rất vừa ý .",positive,khác
"máy này còn hàng ở shop fpt khu vực kiến an k ạ, giảm giá đến bao h thế",neutral,giá
"Tản nhiệt tốt khi chơi game tầm 1-2 tiếng, máy vẫn giữ mức âm ấm chứ không nóng rát.",neutral,loa_âm_thanh
ip 13 màu hồng 256G nhiu tiền,positive,giá
Không nên mua nhé mọi người mua về máy lỗi tùm lum gửi lên hãng bực thêm,negative,khác
"Xài 7 tháng pin còn 90%,chán",negative,pin
Mới mua iPhone 13 đc 2 tháng giờ muốn đổi lên iPhone 15 thì bù bao nhiêu tiền ạ,neutral,giá
"Bây giờ mua thì giá thế nào bạn ơi, và còn tặng loa không",neutral,giá
13PROMAX 126 lên 17prm 512g cần bù bao nhiêu ạ,neutral,khác
khu vực đồng văn duy tiên hà nam còn ip 14 thường mau trắng k,negative,khác
NV giao hàng nhanh chóng và rất nhiệt tình,positive,hiệu_năng
Nếu trả góp bằng thẻ thì khi nhận máy cần thanh toán khoảng nào ạ,neutral,khác
Samsung a06 bên mk có thu ko ạ,neutral,khác
Có giảm giá khuyến mãi cho hssv không ạ,neutral,giá
Pin hao quá nhanh. 100% pin mà sử dụng như pin 90%.,negative,pin
"Hôm qua tưởng tt 13,5 củ nay nhìn lại tt 12,5 củ. Đúng giá trên hệ thống. Máy xài ngon",positive,giá
"Sản phẩm pro năm ny mượt, pin tốtCó đều cầm nắm chưa thật sự thoả máiNhưng nói chung đây là sp tốt",positive,pin
mua trực tiếp tại cửa hàng FPTShop chính hãng còn máy không,neutral,khác
Mở khóa sai mk. Xiaomi 15t pro tự reset,negative,bảo_mật
"Mình có con Redmi Note 11S 8/128 màu xanh dương tình trạng pin bị trai, phồng to màn hình cảm ứng vẫn tốt, cam bị mờ liệu bên mình có thu lại không ạ",negative,pin
Nhân viên hok tư vấn mã sản phẩm hok phải VNA,neutral,khác
"Mới mua, nói chung rất tệ với số tiền bỏ ra, lướt tittok luôn đơ máy nói chung không đáng để mua",negative,giá
"Máy thiết kế đẹp nhẹ, pin tốt sạc nhanh , dùng bình thường mượt game nhẹ ok",positive,pin
"Máy đẹp, sử dụng mượt, ổn định",positive,thiết_kế
Thu cũ đổi mới có hỗ trợ trả góp không,neutral,khác
quá tuyệt vời,positive,khác
Mình mới mua hôm nay sao mà nhạc chuông nhỏ quá vậy,positive,khác
Đặc quyền Bảo hành thêm 1 năm iPhone (BT)500.000đ1.000.000đ,negative,khác
17pro tại FPT chuẩn mã VN/A không ạ,neutral,khác
Ở Nhơn Trạch còn hàng k ạ? Còn thì chi e xin địa chỉ ghé lấy liền,neutral,khác
"Em thấy có cửa hàng ở Kiến Đức, Lâm Đồng (Kiến Đức, Đăk Nông cũ) rồi mà anh",neutral,khác
Mua iphon 15 128gb màu hồng tại Điện Biên hiện giờ giá bn. Sạc pin có phải mua riêng ko hay trọn gói trong giá đó. Mua trả góp 6t thì ban đầu phaoir trả bao nhiêu,neutral,pin
Bạn ơi ở đồng văn đã có máy này chưa,neutral,khác
"Giao diện One UI của Samsung dễ dùng cho cả người lớn tuổi trong nhà. Quy trình mua hàng tại hệ thống rất nhanh gọn, hỗ trợ trả góp linh hoạt giúp mình dễ dàng sở hữu máy. Rất hài lòng với dịch vụ chăm sóc khách hàng của shop.",positive,hiệu_năng
Này còn hàng sẵn màu hồng hoặc đen ở Trà Vinh không ạ? tại 2/9 em định đi mua ạ,neutral,khác
Điện thoại mình thời tiết không có dữ liệu.,negative,khác
Em thấy trên wep để giá 5390 sao shop báo 5690 vạy ạ,neutral,giá
Màn hình của Z Fold 6 có đặc điểm gì nổi bật?,negative,màn_hình
"Đọc feedback của mng nói mua 1 tháng đã sụt pin mình không tin cho đến khi chính mình bị Mua 19/8 mà 17/9 chưa đến 1 tháng đã sụt pin trong khi chỉ lướt fb, tiktok chả chơi game gì nặng cả Ai dùng 13 cho mình hỏi cứ mỗi tháng nó lại sụt pin như thế ạ",negative,pin
nhân viên nhiệt tình,neutral,khác
cam trước bị hong nét mấy với có ra vd bên tiktok máu ra xấu cam thì ổn ổn có khi chụp đẹp có khi chụp xấu chắc do lúc nắng đẹp lúc nắng quá gọi call bên zl thì mờ tịt luôn cam trước có để hơn cả reno 2f đã từ dùng như cả thấy cam có reno 2f cũ của tôi còn đẹp hơn,negative,thiết_kế
"Máy dùng ổn , các bạn rất nhiệt tình",positive,khác
"Sản phẩm không tốt như mong đợi so với tầm giá, một mẫu điện thoại trên 30tr mua về xem tiktok thôi máy đã nóng, tgdd ko có hướng giải quyết chỉ phán một câu, máy như thế ko khắc phục được phải sử dụng và chấp nhận lỗi đó2 sao cho sản phẩm1 sao cho cách xử lý sản phẩm lỗi của tgdd",negative,hiệu_năng
"Giao hàng nhanh chóng, hỗ trợ chuyển đổi dữ liệu khi giao hàng quá tiện lợi",positive,hiệu_năng
Quá Vip.chơi game bao ko nóng máy luôn....ngon,positive,khác
"15plus 3thang còn 98% , hơi thất vọng, ib zalo ko một lời giải thích",negative,khác
Màu cam 256GB có sẵn ở khu vực HCM ko ạ?,neutral,khác
Ổn nha mấy sạc đầy từ sáng 1011 là 100% ts tối 7h ngày 1111 còn 39% trâu nha cam đẹp,positive,thiết_kế
Rấy hài lòng,positive,khác
"Khi quay video hoặc chụp đồ động nhỏ, camera tele phát huy tốt; ánh sáng ổn thì ảnh rất đẹp, chi tiết rõ. Mình rất hài lòng nếu bạn thích chụp phong cảnh hoặc đường phố.",positive,camera
ip13 xanh lá hiện đang có sẵn ở địa điểm nào ở hải phòng vậy,neutral,khác
Mua máy khoản 1 tháng xài rất ok,positive,khác
"Cho hỏi 13 này sao bắt Wifi yếu hơn 11 nhỉ, có phải do mình cài đặt gì không nhỉ",neutral,khác
"Điện thoại Poco M6 Pro mình mới mua hôm qua, sau 1 đêm ngủ dậy thấy hao hụt 6 phần trăm pin, vậy là có bị sụt pin nhanh không shop?",negative,pin
chương trình sale đến khi nào vậy shop,neutral,khác
Mua mới 100% mà máy bị bó siu từ trước. Cảm giác như mua phải máy qua sử dụng roiif ấy. Khá chán.,negative,giá
"Camera chụp ảnh thiếu sáng đỉnh, đặc biệt là khả năng zoom xa, ảnh không bị bệt màu. Camera nét giúp mình chụp tài liệu, sản phẩm rõ ràng, không bị rung mờ",positive,camera
"Bên tgdd mua sp s25 mới đặt trước giá thì đắt hơn các chỗ rồi, và lại toàn cho khuyến mại không thể dùng được , thà km cho cái ốp lưng miếng dán còn thực tế, km pmh cho cái đh giá trị còn ngang cái đt thì ai dùng đc, vn pay 500k thì thanh toán thu cũ xong cũng k dùng được nốt vậy km khi cọc trước để làm cái gì",negative,giá
M k hay chơi game nghe dùng bình thường nên chọn oppo hay iphone shop,neutral,khác
MOI XAI E NAY 2 NGAY CHUP HINH PHAI CHINH SUA MOI NET.MAY NAY PHU HOP CV.NV TV NHIETTINH....TAM ON AP,neutral,khác
Mình mua được hơn 2 tuần nhưng vẫn chưa nhận được loa xiaomi qua tặng mong phan hồi ah,negative,loa_âm_thanh
"mọi người khi đăng nhập zalo trên máy tính quét QR để đăng nhập có bị báo lỗi Xin lỗi, có vấn đề với camera của thiết bị, Bạn có thể phải khởi động lại thiết bị không ạ",neutral,camera
"Mua sau 2 tháng bắt đầu lỗi màn hình,tự tắt màn hình rồi sáng lại,rất ức chế. Số lượng bị theo thời gian sử dụng ngày bị vài lần.",negative,màn_hình
mua thứ 6 mọi thứ oke,positive,khác
Đt mình Xiaomi redmi note 14pro+5g dùng được gần 4tháng rồi giờ thu lại nhiêu ạ,positive,khác
khu vực lệ thủy quảng trị còn hàng không ạ,neutral,khác
Máy lỗi panic và reset gửi hãng bảo hành đã quá 15 ngày mà vẫn chưa trả máy. Lại hẹn thêm 37 ngày trong khi đó chính sách là ko bảo hành quá 15 ngày bao đổi trả Giải thích giúp,negative,khác
SẢN PHẨM DÙNG THÍCH,positive,khác
Dùng từ đời 11T Pro cho tới 15T Pro cảm thấy không hề hối hận chất lượng quá tốt,negative,khác
Sản phẩm chất lượng tốt tôi sẽ mua tiếp,positive,khác
"Máy đẹp, chạy mượt, rất ưng",positive,hiệu_năng
"Dùng tốt, không vấn đề gì.",positive,khác
"Sau 1 tháng dùng, pin tốt, hiệu năng kém, camara trung bình không đủ dùng, ae chơi game thì ối dồi ơi đừng mua lác + giật + đơ, 10tr không xứng đáng",negative,pin
Mau hết pin trong không không k sd gì nhiều,negative,pin
CN Diên Khánh còn mặt hàng này không ?,negative,khác
nhân viên giới thiệu nhiệt tình vui vẻ,positive,khác
Có thanh toán bằng ví trả sau momo được không ạ,neutral,khác
"có vẻ bên tgdd không thích những người thu cũ đổi mới hay sao ấy , năm ngoái đi đổi hỏi chán chê máy mới đc mời ngồi như kiểu mình không đổi thì sợ nó bẩn hay hỏng ghế ấy , năm nay thì không đc mời ngồi luôn đứng chán chê xong không thống nhất được giá cả thế là về luôn , mình đi nhiều cửa hàng tgdd rồi có đúng cái cửa hàng gần nhà như này đây không phải nhân viên tgdd tôi thấy nhiều năm qua",neutral,giá
vừa mua sao sạc lâu vô pin quá vậy ạ,negative,pin
Chơi game thôi mà tưởng đang coi phim 4k cảm ơn thế giới Di Động nhiều lắm,neutral,khác
Về dung lượng pin thì sao shop,negative,pin
Chạy vậy hoài,positive,khác
"iPhone 15 128GB(00904213)Phân loại: 128 GB, Xanh dương17.990.000đ19.590.000đ-8% Mua ngay Trả góp(Chỉ từ 1.344.500đ)",positive,khác
Hệ điều hành của Reno12 F là gì?,positive,hệ_điều_hành
16prm vn 256 pin 96 thu đc bn lấy 17prm vn phu bn Giảm trợ giá thu cũ đổi mơi ntn,neutral,pin
"Máy ngon, mượt. Lần đầu dùng xiaomi không nghĩ máy được như vậy. Hy vọng máy bền xài được 4 hay 5 năm",positive,khác
"Thấy bình luận chê quá mình cũng sợ , trải nghiệm 1 ngày thấy cũng ổn",positive,khác
"Các bạn cho mình hỏi , mình mới mua A56 bản 12G/256 ngày 15/3 máy dùng xem Tiktok và xem youtube , ko chơi game thì tầm 30p thì bị nóng máy , như vậy là do máy đúng ko",neutral,khác
"Tôi mua iPhone 15 128GB tại Thế Giới Di Động ngày 03/09/2025, dùng rất kỹ, không rơi, không vô nước, không sửa chữa gì cả. Bình thường tôi ít nghe gọi, chủ yếu dùng để làm việc và lướt web, nên tới nay 23/10/2025 mới phát hiện mic của máy bị rè nặng, gọi điện hoặc gọi video thì bên kia nghe tiếng rè rất to, lúc có lúc không nghe được.Một chiếc điện thoại giá hơn 15 triệu mà vừa qua 1 tháng đã lỗi mic thì thật sự quá thất vọng Tôi chọn mua tại Thế Giới Di Động vì tin tưởng hàng chính hãng và dịch vụ bảo hành uy tín, nhưng giờ gặp lỗi thế này thì thật sự mất niềm tin.Mong Thế Giới Di Động kiểm tra và hỗ trợ đổi máy hoặc xử lý bảo hành sớm, chứ lỗi phần cứng thế này thì người dùng không thể chấp nhận",negative,hiệu_năng
"Iphone 13 thường màu hồng còn hàng ở các chi nhánh Hà Nội không ạ? Giá khoảng bao nhiêu, trả góp thế nào ạ? Em cảm ơn",neutral,giá
"Camera trên iPhone Air chụp ảnh quá đẹp, màu sắc chân thực và khả năng xử lý thiếu sáng xuất sắc. Bạn nhân viên bán hàng tại shop hỗ trợ mình thu cũ đổi mới với mức giá rất tốt. Quy trình làm thủ tục nhanh gọn, chuyên nghiệp giúp mình tiết kiệm nhiều thời gian.",positive,màn_hình
"Hay nóng máy, %pin tuột nhanh, cần liên hệ hỗ trợ",neutral,pin
"Cảm nhận bạn đầu là máy Sài mượt , và máy rất mát. Trước mình hay dùng máy dùng chip snap 820 và 865+ máy khá nóng . Camera thì tạm chấp nhận được, mình tìm bản google cam cho máy mà không có",positive,camera
"mình mua vào lúc 20/1/2026 mọi thứ đều tốt nhưng loa khi mở max loa lướt tiktok fb thấy rè rè rung rung , mong được sớm hỗ trợ",positive,loa_âm_thanh
"Mua đúng 1 tháng, thừa nhận máy dùng ổn định, cam đẹp, pin không trâu lắm nhưng thừa sức đáp ứng 1 ngày dài làm việc nhiều, nhân viên tư vấn nhiệt tình....nói chung là rất OK.",positive,pin
"Cảm nhận bạn đầu là máy Sài mượt , và máy rất mát. Trước mình hay dùng máy dùng chip snap 820 và 865+ máy khá nóng . Camera thì tạm chấp nhận được, mình tìm bản google cam cho máy mà không có",positive,camera
"Xài rất tệ, máy ko đc mượt cấu hình rất chậm, nói chung rất là tệ",positive,khác
"Máy mua hàng đổi trả. Máy có trầy 1 chổ. Nhưng ko đáng kể. Máy mới pin 100. Xài ổn định mượt. màn đẹp loa hay, Pin trâu xài wifi ko game 810 tiếng tuỳ tác vụ. Camera chụp hình quay video ngon. Cảmm thấy hài lòng với ip13. Nhân viên tư vấn nhiệt tình. Ok",positive,pin
Sài 1 tháng loa bi rè sao sao ấy,neutral,loa_âm_thanh
"hello , toi muon doi iPhone 15 pro max 256GB , lay iPhone 17 pro max 256GB mau cam , toi phai tra them bao nhieu ?",negative,khác
"điện thoại chính hãng nhưng bị miss thông báo, hmm sao shop không nhập hàng xách tay luôn v",neutral,khác
"Mới mua chưa được 1 tháng mà bị ám màn hình , xin hỏi có hỗ trợ bảo hành kh w",negative,màn_hình
Dạ bên mình còn 14th màu xanh dương hoặc màu trắng không ạ,positive,khác
"Sao camera nó vàng vàng vậy ạ, do máy hay là mình phải chỉnh lại nữa ạ, mọi thứ ok nhưng cái camera thất vọng",negative,camera
Rấy hài lòng,positive,khác
mình mua hôm 1/3 ở TGDD nhưng điện thoại đã có dấu hiệu nóng máy vào lần xạt đầu. Xài bàn phím bị chậm lag. Cảm thấy hơi bị thất vọng,negative,khác
Sản phẩm rát tốt,positive,khác
"Mới dùng được 2 tuần.Rất mượt, pin dùng được cả ngày, kích thước ổn không quá to cồng kềnh, gọn nhẹ dễ bỏ túi.Màn hình độ sáng tốt ngoài trời dễ nhìn không bị tối.Chụp hình chân thật và nét. Chụp đêm khá tốt.",positive,pin
"Vừa mới đặt hàng hôm qua giá 1405, hôm nay đã giảm 500k xuống còn 1355",neutral,giá
ip16 thường màu trắng có sẵn ở Đồng Văn - Ninh Bình (Duy Tiên cũ ) ko ạ,neutral,khác
"Camera chụp ảnh rõ nét, màu sắc trung thực, rất thích hợp cho những ai thích selfie.",positive,màn_hình
"Mình trước hay mua đồ ở đây rồi nên quen mặt luôn. Lần này mua tặng ba mẹ con máy A6T này. Chất lượng tốt, giá ổn. Shop uy tín mà.",positive,giá
"Cho mình hỏi cái phần lưng phía trên sao mình thấy nó hơi hở, ở dưới thì bình thường",neutral,khác
"Loa đàm thoại bé, không có chia đôi màn hình như các sản phẩm khác. Camera quá chán",negative,màn_hình
Mới mua xài gần 1 tháng. Màn hình hay bị đơ. Chạy tùm lum. Muốn đổi lại được ko. Quá bất mản,negative,màn_hình
E Sài san pham Sắp một năm rồi thời gian sử dụng tụt còn 96% với 210 lần sạt. Em cảm nhận rất nhanh tụt pin tgsd,positive,pin
Ở Quảnh Ninh quanh kb Hạ Long có sẵn 17promax 256gb màu bạc chưa ạ??,positive,khác
"Máy thiết kế đẹp, nhân viên nhiệt tình, lỗi là đổi, không bị trừ phí, rất đáng khen, màn hình đẹp, sắc nét, pin trâu, sạc bình thường, cấu hình thì nên mua bản ram 8gb, vì 4gb dễ load lại ứng dụng, kèm tình trạng giật lag. Nên mua, sẽ giới thiệu thêm cho mọi người.",positive,pin
Mình muốn tư vấn về điện thoại a56 5g này. Ib qua zalo 09xxxx3131,positive,khác
"Mua đc 10 ngày. Ngày đầu tiên có cảm nhận tụt pin, cứ 510p tụt 1%. Ngày thứ 2 cảm giác bàn phím đánh máy nhanh thì đôi lúc ko ăn hiện tại ổn định hơn, lúc này rất muốn 1 đổi 1 nhưng nghĩ chắc rất rườm rà nên thôi. Đến bây giờ thì chơi game cụ thể Đấu trường chân lý thì nóng máy, pin tụt 1 game cỡ 40p là 20%. Nói chung chơi game liên tục chắc cỡ 5 tiếng là hết pin kèm theo nóng máy. Trong khi mình từng chơi game này trên ip13 pro thì k có nóng máy. Ngoài ra chat trên mess thì bàn phím đang kêu nhỏ nhỏ tự dưng tiếng phím kêu cạch cạch như kiểu chat mở loa. Mình đang tự hỏi như trên là ổn định hay ko vì chẳng biết so sánh như nào. Nhưng mình sẽ đánh giá 2sao vì thật sự thất vọng hơn mình hy vọng khi bỏ ra 1 số tiền cao.",negative,pin
"Thời lượng pin sử dụng rất tốt, có thể dùng thoải mái cả ngày. Máy mát, không bị nóng dù sử dụng lâu. Quá hài lòng",positive,pin
15pro lên 17pro bù bao nhiêu và góp 1 tháng bao nhiêu ạ shop,neutral,khác
Cho hỏi iphone13 promax có còn hàng mới không? Giá bao nhiêu? Cảm ơn,neutral,giá
Mới mua nhưng pin nghe nói k đc như mong đợi,negative,pin
bữa mua 13 triệu giờ con 14 cũng 13 triệu hài,neutral,khác
Máy không gửi được tin nhắn xin tddd hỗ trợ,neutral,khác
Chất lượng tốt,positive,khác
Máy này còn ở Tp Bắc Ninh không ad? Không quan trọng màu sắc,positive,màn_hình
Thái Hà- đống đa - hà nội còn máy ko shop,neutral,khác
"Máy nguyên đai, nguyên kiện. Mình mua Samsung S25 ultra hôm nay được trợ giá thu cũ đổi mới, nhân viên tư vấn nhiệt tình, hỗ trợ chuyển dữ liệu và apps sang máy mới. Mới dùng được một ngày nhưng cảm nhận của mình là máy chắc chắn, màn hình cảm ứng nhạy, trợ lý AI Gemini cũng rất tiện lợi. Ghi chú với S-pen cũng nhạy. Vì mình có thói quen ghi chú nên mình phải đầu tư con Ultra này. Cảm ơn shop.",neutral,màn_hình
Tôi có mua điện thoại iPhone 16promax tại thế giới di động hồi tháng 2 dùng được vài ngày thì bị lỗi panicfull +resetcuonter mang qua thì nhân viên kiểm tra xác nhận đúng lỗi đổi luôn cho máy khác và nói lên mua thêm gói bảo hành 1 đổi 1 trong vòng 1 năm bất cứ khi nào lỗi mang qua thì được đổi máy vậy mà hôm 5/11 tôi đang dùng có bị reset lại máy vào phân tích thì có lỗi panicfull + resetcounter có 2 nhân viên cửa hàng 1 người bảo đổi 1 người kêu gửi về hãng trong khi lỗi hiện rõ trên máy chả hiểu kiểu gì,negative,khác
"Cho mình hỏi FPT Sầm Sơn, Thanh Hóa còn hàng không ạ",neutral,khác
máy chụp hình rất đẹp rất đáng tiền,positive,giá
Nhiều màu xinh quá,positive,khác
"17prx màu bạc 256G có sẵn khu vực phường Vĩnh Tuy, Hà Nội k shop?",neutral,khác
"Mình làm video ngắn, quay cảnh chuyển động camera Fusion 48MP + hỗ trợ video không gian (Spatial Video) là điểm cộng rất lớn dù cho máy chỉ có 1 cam . Nếu máy không nóng khi quay lâu thì ổn cái này thì phải thử thì mới biết được",neutral,camera
Mình có vocher Got it có áp dụng thanh toán đơn được ko ?,neutral,khác
"Chip xử lý mạnh, ứng dụng nặng như chỉnh ảnh, game mobile chạy mượt.",positive,hiệu_năng
sao máy ảnh k rõ nét,negative,khác
Máy dùng ok lắm ạNhân viên nhiệt tình vui vẻ 10,positive,khác
"Mình đã đặt Oppo find X9 pro trắng tại FPT shop Cam Ranh ( gần siêu thị Coopmart CR), ngày 3/12/2025, vậy bao lâu máy mới về vậy bạn",neutral,khác
"mua ngày 2/3/2024 tới ngày 17/3/2023 phải gửi đi bảo hành vì có vẻ camera bị lỗi. quá tệ sản phẩm 20 mấy triệu chứ k phải 2 triệu, bảo kiểm tra 15 ngày, bỏ ra tiền mua đt dùng được 2 tuần xong k có đt xài, tgdd nếu cho mượn điện thoại thì cọc tiền điện thoại cho mượn trị giá 10 triệu",negative,camera
Sinh viên đại học FPT Đà Nẵng thì sẽ được ưu đãi gì khi mua sản phẩm này ạ?,neutral,khác
"Bản 16GB dùng mượt, ai làm sáng tạo nội dung, hay quay dựng thì nên chốt bản RAM cao này dùng cho sướng",neutral,hiệu_năng
Oppo a3 chơi game tốc độ cao đc k ạ và có bảo hành j k ạ,neutral,hiệu_năng
Em mua máy đã qua sử dụng 3.630.000 Sài đc vài bữa giờ muốn bán lại mất phí bao nhiu a.,neutral,khác
"Máy mượt, cấu hình mạnh. Nhưng khi cầm thấy hơi nặng, tay nhỏ xài ko tiện lắm",negative,khác
Nhân viên tgdd rất nhiệt tình có chụp hình quay video xo với trước mình dùng ss s23 ultra thì còn này ko bằng đc,negative,khác
"Máy dùng ổn , các bạn rất nhiệt tình",positive,khác
13pr max 256g lên đời 17prm 512g thì thêm bn vậy sh,negative,khác
"Camera cải thiện hơn bản 4GB, màu ảnh tươi hơn nhẹ, chi tiết ổn.",positive,camera
Mình mới mua a56 5g Bên mình. Tầm 3 tháng. Muốn đổi lên s25 untra. Thì thu cũ được nhiêu ạ. Và trả góp bhuw nào ạ,neutral,khác
Máy này camera sau chụp hình có đẹp ko shop,positive,camera
Tại sao khu vực kiên giang (cụ thể HÀ TIÊN) khôg về máy SAMSUNG GALAXY S25 ULTRA 256GB màu TRẮNG BẠC vậy? Cửa hàng ở HÀ TIÊN này nghèo nàn tới mức khôg có sẳn máy ở đây sao?,neutral,khác
"Sử dụng hay sạc pin máy đều nóng, để qua đêm tụt pin, pin không được trâu như ip11",negative,pin
Cảm biến vân tay không nhạy lắm còn những thứ khác rất tốt . Sạc siêu nhanh chỉ khoản 30 phút . Nhân viên thế giới di động rất nhiệt tình,positive,hiệu_năng
dmx có red mi turbo 3 thì ok máy này ngon mạnh bền đẹp,positive,thiết_kế
"Bộ nhớ 256GB đủ xài thoải mái, không cần phải xóa bớt game hay dọn dẹp bộ nhớ liên tục. Phù hợp cho người dùng lưu trữ nhiều ảnh và video 4K.",neutral,khác
Dùng từ đời 11T Pro cho tới 15T Pro cảm thấy không hề hối hận chất lượng quá tốt,negative,khác
"Con máy này đáng đồng tiền bát gạo, mình khuyên ai cũng nên sắm ngay. Đảm bảo không hối tiếc.",positive,giá
Cảm thấy cảm ứng ko nhạy cho lắm chơi game lq nhìu lúc bấm ko dc,negative,màn_hình_cảm_ứng
Chính sách bảo hành của iPhone 17 tại FPT Shop là bao lâu?,neutral,khác
Điện thoại lúc bắt được sóng lúc không bắt được.,negative,khác
Máy đẹp chụp hình tốt nfc quét không cần gỡ ốp lưng luôn.không đòi hỏi gì thêm ở tầm giá này nữa.có 1 cái khá khó chịu là khi gọi điện thoại bật loa ngoài loa rất to mặc dù đã giảm âm lượng xuống hết mức.pin thì dư sử dụng 1 ngày xài ngon nha mng,positive,pin
"Sản phẩm tuyệt vời, chất lượng xịn sò, cực hài lòng luôn",positive,khác
mua thứ 6 mọi thứ oke,positive,khác
"Máy đẹp, camera ok, hiệu năng khoẻ, lại còn được tặng loa xịn",positive,camera
Xin giá 16 plus 128g màu canh lưu ly . Mình ở q Hai bà trưng . Hà nọio,neutral,giá
"ở 12 Giải Phóng (Đối diện Nam Định Tower), P. Đông A, Tỉnh Ninh Bình có sẵn ko shop",neutral,khác
"Sau khi sử dụng gần 2th thì mọi thứ rất ok pin sài khá lâu , lúc tính mua nghe lỗi nhiều mình cũng phân vân lắm nhưng đến bây giờ thì mình rất hài lòng",positive,pin
Mau hết pin quá.,negative,pin
Mua đt ở chi nhánh đăk lăk rồi về chi nhánh khánh hòa bảo hành được không ?,negative,khác
"Thiết kế máy đẹp mắt, màn hình lớn 6.7 inch nhìn rất đã mắt. Cầm trên tay chắc chắn, sang trọng hẳn lên.",positive,màn_hình
Con poco x7 này có kháng nước kháng bụi cao ko ạ chụp hình đẹp k shop,positive,thiết_kế
Đt mình Xiaomi redmi note 14pro+5g dùng được gần 4tháng rồi giờ thu lại nhiêu ạ,positive,khác
"Màn hình cảm ứng có lúc bị đơ , bấm hai ba lần mới nhận ứng dụng.giờ muốn hoàn tiền.mua hôm mùng 5 Tết",negative,màn_hình
Pin rất ok.,positive,pin
Khung nhựa mà sao video nói hợp kim nhôm vậy chính xác là khung bằng chất liệu gì ạ,neutral,khác
Có hàng tại FPT shop ở gần trường THPT Lý Thường Kiệt không? Khuyến mãi giá còn bao nhiêu?,neutral,giá
"iPhone 17 Pro Max xai qua dinh, man hinh sac net, pin trau, camera chup anh dep. Rat dang mua!",negative,pin
"CHÍ CÔNG ĐẤT RẺ đã mua tại siêu thị cổ cò nhân viên rất nhiệt tình tên Hằng quản lý.Iclod cũ có vấn đề nhân viên tạo mới nhanh cho khách hàng luôn.Màn hình 6,1 nhỏ gọn rất tiện sử dụng cho ai nhu cầu đơn giản thôi.Hãng này bền bỉ nhiều khuyến mãi.Rất cảm ơn siêu thị cổ cò.",positive,màn_hình
"Đã nhận được hàng, dùng mấy tuần rồi rất tuyệt. Màu sắc đẹp, lấp lánh bùm chíu long lanh",positive,màn_hình
Trải nghiệm 15 ngày thấy Sơn trầy nhanh quá mặc dù dùng ốp lưng,positive,hiệu_năng
"Dòng iPhone Air mới quá ấn tượng với thiết kế siêu mỏng và trọng lượng cực nhẹ, cầm nắm cả ngày không thấy mỏi. Bản 1TB tha hồ quay phim chụp ảnh chất lượng cao mà không lo hết dung lượng. Nhân viên FPT Shop tư vấn rất nhiệt tình về các tính năng mới của dòng này.",positive,camera
poco m7 pro ở An Giang có hàng k ạ?,neutral,khác
Hôm trước cho 5 sao . Giờ cho 1 sao luôn . 4g 5g rất tệ . Chơi game toàn bị lag,negative,khác
"Pin 4k nhưng k hề yếu, cam đẹp, hiệu năng với mình như vậy là quá tốt do mình ít game, kích thước vừa tay. 5s nhé",positive,pin
Xài nó hay bị đứng quá với lại màn hình nó tự tắt tối hoài,negative,màn_hình
Tốt xài mượt,positive,khác
Máy mình mới mua hôm qua mới sạc pin hồi hôm không dùng sáng nay pin xuống 87 phần trăm,negative,pin
"Bên tgdd mua sp s25 mới đặt trước giá thì đắt hơn các chỗ rồi, và lại toàn cho khuyến mại không thể dùng được , thà km cho cái ốp lưng miếng dán còn thực tế, km pmh cho cái đh giá trị còn ngang cái đt thì ai dùng đc, vn pay 500k thì thanh toán thu cũ xong cũng k dùng được nốt vậy km khi cọc trước để làm cái gì",negative,giá
Điện thoại có hỗ trợ sạc không dây không,positive,khác
Rất oke nhưng bjo lại muốn đổi 15plus vì thích màn hình to,positive,màn_hình
"Dạ em có thể đổi đt từ Honor x7D sang máy này đc k ạ, nếu đc thì giá nâng lên là bao nhiêu ạ",neutral,giá
Sản phẩm có tại Tuyên Quang chưa ạ,neutral,khác
"Lag xài ứng dụng dựt dựt tiktok , game gì củng bị, mong khắc phục",negative,khác
"Sài từ 28 tết đến nay ok, chưa phát hiện lỗi gì",positive,khác
13 pro 71% bị sọc màn hinh thì đổi qua 17 bao nhiu ạ,negative,màn_hình
khu vực hà giang còn sẵn ip14 không ạ,neutral,khác
"Màn hình cong tràn viền đẹp lắm , nhìn sang hơn hẳn bản thường. Màn hình AMOLED siêu sáng, hiển thị rõ, vuốt chạm ở phần cạnh cũng mượt mà, cảm giác rất thích tay.",positive,màn_hình
Máy hiện tại còn km với giá 5.690.000đ k shop,negative,giá
"Mua đc 10 ngày. Ngày đầu tiên có cảm nhận tụt pin, cứ 510p tụt 1%. Ngày thứ 2 cảm giác bàn phím đánh máy nhanh thì đôi lúc ko ăn hiện tại ổn định hơn, lúc này rất muốn 1 đổi 1 nhưng nghĩ chắc rất rườm rà nên thôi. Đến bây giờ thì chơi game cụ thể Đấu trường chân lý thì nóng máy, pin tụt 1 game cỡ 40p là 20%. Nói chung chơi game liên tục chắc cỡ 5 tiếng là hết pin kèm theo nóng máy. Trong khi mình từng chơi game này trên ip13 pro thì k có nóng máy. Ngoài ra chat trên mess thì bàn phím đang kêu nhỏ nhỏ tự dưng tiếng phím kêu cạch cạch như kiểu chat mở loa. Mình đang tự hỏi như trên là ổn định hay ko vì chẳng biết so sánh như nào. Nhưng mình sẽ đánh giá 2sao vì thật sự thất vọng hơn mình hy vọng khi bỏ ra 1 số tiền cao.",negative,pin
"mua ở điện máy xanh 13/128g đc 2 tháng máy dùng ok pin còn 100%,nv tư vấn ok",positive,pin
Tốt nha máy đẹp,positive,thiết_kế
"Mới mua 1 tháng.mọi thứ OK.pin trâu,sạc nhanh.rất mược",positive,pin
Máy dùng ok,positive,khác
Trả góp sao ạh,negative,khác
"Thỉnh thoảng đơ nha, miếng dán màn hình tự mua tự dán chứ tìm quán có dán cũng khó mn ạ. Pin hao cũng nhanh đó.",negative,pin
"Dùng hơn hai tháng máy ổn định,chụp ảnh ổn áp, pin cực trâu, cầm nhẹ tay, màu xinh",positive,pin
Sao máy mình lúc sạc pin màn hình hay tự sáng lên hoài vậy,negative,pin
Đt hơn 20tr cam quá tệ... Zom lên 2x đục hơn j ..cam trước cũng xấu va đục haizz..chíp mạnh mà zô app mạng xã hội hay chuyển tài khoản k mượt.. ip thoát tài khoản là lập tức... Còn s25 phải chờ vài giây,negative,thiết_kế
Mua ko kèm quà thì có giảm giá ko shop,neutral,giá
"Hóng tính năng AI mới trên S26. Thử chụp đêm ở cửa hàng mà ảnh sáng trưng, năm nay làm AI thực tế hơn hẳn, mua em này về hỗ trợ công việc nhanh hơn bao nhiêu",positive,camera
"Máy khá tốt , cam sau chụp khá nét, có điều máy khi sạc pin chỉ tới 80% r ngừng, mk đang thắc mắc vấn đề này",positive,pin
Học sinh sinh viên mua trả góp thì có được hưởng ưu đãi không ạ,neutral,khác
cho mình hỏi giá iphone 15 256gb giờ như thế nào vậy?H,neutral,giá
"Mới chốt cọc bản này tại Shop. Nếu tính trừ quà với ưu đãi thanh toán thì giá cuối cũng ok, tính ra không chênh lệch nhiều so với bản 12GB mà dùng sướng hơn hẳn. Nhân viên thì phục vụ tư vấn chi tiết, mình đặt online nên ra shop hỗ trợ với xem máy demo cũng nhanh.",neutral,hiệu_năng
"Cạnh viền kim loại giả nhôm cho cảm giác cao cấp hơn, không bị rẻ tiền như nhiều máy nhựa khác.",negative,giá
"Trong phân khúc tầm trung thì đây là một lựa chọn hoàn hảo từ hiệu năng đến ngoại hình. Loa nghe nhạc hay, âm thanh to và rõ. Quy trình mua bán tại hệ thống chuyên nghiệp, thái độ nhân viên niềm nở làm mình thấy rất hài lòng.",positive,thiết_kế
Có chính sách giảm cho học sinh sinh viên không ạ,neutral,khác
"Mình vừa mua 1 ip16 promax vào tối ngày 16/12, mình dùng đc vài hôm thì cảm nhận được màn hình bị đơ, đến tối ngày 30/12, rạng sáng ngày 31, mình dùng xong, sạc đến sáng, thì mở không lên nguồn, mang ra bảo hành thì bảo do hết pin , có ai dùng đt mà ngu đến mức k biết đt bị hết pin nên sập nguồn mà mang đi bảo hành kTừ nay về sau không bao giờ mua bất kì 1 món gì từ TGDD nữa",negative,pin
Pin k dùng mà vẫn tụt,negative,pin
"Con máy chạy mượt mà như nước chảy, mở nhiều app cùng lúc vẫn không giật lag gì hết. Pin cũng trâu lắm, xài cả ngày mới hết.",positive,pin
Minh dùng thấy pin tạm ổn,positive,pin
Bên shop có sản phẩm sẵn ở phường bình hoà xã thuận An HCM ko shop,neutral,khác
Sp quá ok của nhà samsumg,positive,khác
Máy mới màu đẹp xài mượt ngon nha không lỗi vặt,positive,thiết_kế
Dạ cho e hỏi là reno 12F 5G là chống rung quang học hay chống rung kỉ thuật số ạ,neutral,camera
"Máy đẹp , chụp hình quay phim ổn , cầm pin cực kì , lướt mượt mà. Với giá này quá oke lun",positive,pin
"Bản Pro rất hợp nếu bạn thích chụp ảnh, dùng app nặng, cần trải nghiệm cao hơn trong cùng dòng A5i.",positive,camera
Đt hơn 20tr cam quá tệ... Zom lên 2x đục hơn j ..cam trước cũng xấu va đục haizz..chíp mạnh mà zô app mạng xã hội hay chuyển tài khoản k mượt.. ip thoát tài khoản là lập tức... Còn s25 phải chờ vài giây,negative,thiết_kế
"Thiết kế gập ngang trông rất sang, bản lề năm nay chắc chắn và mượt hơn đời trước, gập mở không bị khấc, cầm trên tay đúng chất flagship cao cấp.",positive,thiết_kế
Mới mua bản 12ram 256g được 3 ngày..sài ít vẫn chưa hết pin..đt ko nóng màn hình mượt quá ok luôn,positive,pin
Xin cửa hàng còn 17 pro max bản 1T,neutral,khác
máy sài ok chưa lỗi lầm gì pin ổn ios đúng nó ở tầm khác thật wf dùng 7h liên tục chỉ youtobe tik zalo ios 18.5,positive,pin
Mái mới mua về gọi video chập cờn bên người nghe ko nghe dõ lúc được lúc không đi bảo hành kt 15 ngày ko ra lỗi về dùng vẫn thế chất lượng dịch vụ quá kém,negative,khác
Cụm camera được cải tiến với nút điều khiển Camera Control,negative,camera
chương trình giảm giá poco x7 5g ở Tây Ninh kéo dài tới khi nào ?,neutral,giá
"sản phẩm dùng tốt, màu sắc đẹp",positive,màn_hình
"Đổi máy cũ , hư hỏng thì có yêu cầu là phải máy cùng hãng với máy mua hay không ? Hay máy cũ , hỏng của hãng nào cũng được",negative,khác
Điện thoại này mua góp giá bao nhieu ạ. Ở xuân lộc đồng nai,negative,giá
"Rất đẹp, rất mượt",positive,thiết_kế
"Camera chụp đẹp trong điều kiện đủ sáng, màu ảnh ổn, nhưng thiếu sáng ảnh có noise nhẹ.",positive,camera
"Thiết kế đẹp trai thật, màn hình lớn nhìn đã mắt, cầm chắc tay nữa. Đúng chất cao cấp luôn.",positive,màn_hình
Tôi có mua điện thoại iPhone 16promax tại thế giới di động hồi tháng 2 dùng được vài ngày thì bị lỗi panicfull +resetcuonter mang qua thì nhân viên kiểm tra xác nhận đúng lỗi đổi luôn cho máy khác và nói lên mua thêm gói bảo hành 1 đổi 1 trong vòng 1 năm bất cứ khi nào lỗi mang qua thì được đổi máy vậy mà hôm 5/11 tôi đang dùng có bị reset lại máy vào phân tích thì có lỗi panicfull + resetcounter có 2 nhân viên cửa hàng 1 người bảo đổi 1 người kêu gửi về hãng trong khi lỗi hiện rõ trên máy chả hiểu kiểu gì,negative,khác
Zoom ban đêm nét cănggggg má ơii đẹp lắm,positive,camera
Xiaomi 14pro plus giờ giá tại shop bao nhiêu em ?,neutral,giá
"Kết nối mạng kém vll.. Cùng nhà mạng mà cái của mình k xem nổi clip , chơi game thì lag",negative,khác
"Thiết kế đẹp, khá hợp với các chị em như mình, đã cọc màu trắng hợp mệnh đang đợi ngày nhận máy.",positive,thiết_kế
Em là sinh viên muốn mua máy trong dịp black friday kèm 1 năm bảo hành theo ưu đãi sinh viên thì tầm bao nhiêu ạ,neutral,khác
"Đã mua. Máy rất đẹp, pin khoảng 1 ngày rưỡi. Hàng Apple thì khỏi bàn cãi gì nhiều",positive,pin
Điện thoại xiaomiredminote14pro5g em mới mua hồi 7/12/2025 giờ mình muốn bán lại điện máy xanh thì mình lỗ khoản bao nhiêu ạ,neutral,khác
Máy dùng rất tốt có 5G mượt wifi mượt thông báo load vù vù.,positive,loa_âm_thanh
Mua tại cửa hàng và mua onl có những chiết khấu nào khác nhau v ạ,neutral,khác
Mình còn hàng ở trà vinh không bạn?,neutral,khác
"Dùng tốt, không vấn đề gì.",positive,khác
"Sài ngon phè phè luôn, iPhone thì không cần phải nhận xét gì thêm. Chị nhân viên bán hàng xinh vẫn nhận ra luôn mình khách quen",positive,khác
"mua hồi 4/8 tới nay tụt 1% không biết có ổn hay không nữa, dùng cũng ok thao tác thông thường fb Zalo tiktok chắc được cỡ 6 tiếng",neutral,loa_âm_thanh
"Chương trình khuyến mãi ""Đổi điện thoại bàn phím/Điện thoại cũ còn lên nguồn giảm thêm 500,000đ"" là điện thoại hãng nào cũng đổi được hay sao ạ",neutral,khác
"Con A07 này chạy mượt mà không lag dù mở nhiều app cùng lúc. Pin cũng trâu lắm, dùng cả ngày mà vẫn chưa hết.",positive,pin
Tặng combo kính cường lực là gồm những gì ạ?,neutral,khác
"Mình mới mua ip16 promax hôm qua, trc đó dùng ip13 promax. Đều mua ở tggd đập hộp. Cảm nhận về ip16 sau 1 ngày sử dụng là hơi thất vọng, camera không được sắc nét, mặt trước hơi mờ, pin thì tụt nhanh, còn không lâu ip13. Các tính năng khác ít dùng nên chưa đánh giáNói chung là không nên mua",negative,pin
Có thể tới shop để được tư vấn trả góp chiếc này không ạ,neutral,khác
"Hôm qua tưởng tt 13,5 củ nay nhìn lại tt 12,5 củ. Đúng giá trên hệ thống. Máy xài ngon",positive,giá
"Mình có mua ip 16 pro max vào ngày 22/11/2025. Về sử dụng sạc được 6 lần đến ngày 2/12/2025 cắm sạc vào thì báo cảnh báo chất lỏng. Sau đó đem ra tgdđ bảo hành thì kêu gửi về hãng để thẩm định. Tới hôm nay thì gọi báo là lỗi do người dùng bị oxy hoá bên trong máy, trong khi đó mới mua xài chưa đến 10 ngày mà kêu là lỗi do người dùng làm bị ô xy hoá, giờ có đồng ý sửa thì sửa hết 17 triệu. Lúc mua thì nói bảo hành 1 đổi 1 trong 1 tháng. Trong khi dùng chưa tới 10 ngày làm gì mà bị ô xy hoá bên trong. Lỗi do nhà sản xuất thì k đổi mới cho người ta. Quá tệ một cửa hàng lớn mà làm ăn k uy tín.",negative,khác
e định đổi đt redmi lên dòng ip 13 vs giá hssv thì có đc giảm gì k ạ,neutral,giá
"Shop hỗ trợ đặt hàng nhanh tư vấn nhiệt tình, mỗi tội do đơn đầu đặt bị lỗi nên sdt không được tinh sưu đãi đơn đặt đầu, nhưng bù lại các khuyến mãi khác khá là tốt nên cũng không sao",neutral,hiệu_năng
"FPT Shop giao máy nhanh, còn hỗ trợ cài đặt và kiểm tra máy trước khi giao. Dịch vụ rất chu đáo, mình yên tâm mang về dùng ngay.",positive,hiệu_năng
15.11.2024 nay vừa mới mua một e ip16 promax 256 đang trải nghiệm. Mong rằng sẽ là một sp tốt nhất của applo,positive,khác
Mình ở Việt Trì Phú Thọ,positive,khác
Oke Sài ngon hơn con sam sung a56 nữa,positive,khác
"Đặt 9h15 10h05 đã giao hàng dù trời mưa khi ra lại tgdd để cài app hỗ trợ nhanh máy dùng tik zalo youtube pin 11,5 tiếng mới hết dùng wifi xạc 110p mới đầy pin",negative,pin
Tp Nam Định còn 17 pro 256 bạc ko vậy,neutral,khác
"Máy mát không nóng, pin được cả ngày, nhỏ gọn cầm tay, bữa cầm đi event zoom nét căng, mê Samsung từ lúc có Ninh Dương Hà",positive,pin
"em cần tư vấn thêm về sản phẩmmem có thể liên hệ qua đâu ạ. em ở phường phúc lợi, long biên, hnoi",positive,khác
"Mình làm designer nên rất chú trọng màn hình, phải nói S25 Ultra nhìn ảnh siêu đã, độ sáng cao, màu chuẩn, zoom vô từng chi tiết vẫn nét căng.",positive,màn_hình
Máy mình mua từ 1/10 cũng mấy lần bị tự khởi động lại k biết hãng bảo hành sao,negative,khác
Giá cả hợp lý so với tính năng và thương hiệu Samsung.,positive,giá
cho em hỏi ở vân đồn quảng ninh có dòng máy PoCo X7 ko,neutral,khác
Cái này máy mới luôn phải không ạ?,positive,khác
Mới mua Máy 14tr được 2 ngày nói Xiaomi dòng cao cấp pin 5500 gì mà tụt nhanh vãi ra chán hết muốn nói cảm thấy thất vọng vô cùng,negative,pin
"Toi moi mua. Tai sao ghi RAM 8,0 +4,0 G",negative,hiệu_năng
Hàng sử dụng tốt,positive,khác
Poco m7 pro 5g shop có bán bản 12gb/256gb không,neutral,khác
"Tại sao ip 14 khi mở khoá màn hình lại yêu cầu nhập mật khẩu để mở face id ạ, trong khi máy mới sử dụng cách đó 30p",neutral,màn_hình
Máy xài rất tốt với tầm giá này,positive,giá
"Rất đẹp, rất mượt",positive,thiết_kế
Ở hà tĩnh còn ip 14 màu trắng không ạ,positive,khác
"Điện thoại mình mua hồi tháng 5/2023 đến giờ là gần 1 năm,pin còn 90% điện thoại nhỏ gọn màu xinh,",neutral,pin
Máy dùng thấy ok ạ. Mua đc 4tháng rồi camera chụp khá nét,positive,camera
Giá của chiếc này tại tháng 2 như nào vậy shop? Có ưu đãi gì cho hssv không ạ?,neutral,giá
Mình mua ở điện máy xanh chưa được 1 tháng nhưng đt mới để qua đêm đã bị tụt 35% pin,negative,pin
Trải nghiệm 15 ngày thấy Sơn trầy nhanh quá mặc dù dùng ốp lưng,positive,hiệu_năng
Cho mình hỏi mình muốn mua iPhone 15 bản 256 thì bên cửa hàng có hỗ trợ thanh toán thẻ tín dụng bvbank JCB ảo không ạ,neutral,khác
Vĩnh Phúc còn hàng không ạ ?,neutral,khác
Mua nay dc 9 ngày bị đứng màn hình phải khởi động lại 2 lần Thế có được gọi là lỗi Có chính sách đổi trả 1 đổi 1 kh,negative,màn_hình
Đt sài rất tốt mạnh mượt,positive,khác
"Mua tại 739 Lê Trọng Tấn BHH. Bình Tân, rất ok. Nhân viên vui vẻ nhiệt tình. Bạn tên Phong. Nói chung trc h chưa chê TGDĐ điều gì.",positive,khác
15.11.2024 nay vừa mới mua một e ip16 promax 256 đang trải nghiệm. Mong rằng sẽ là một sp tốt nhất của applo,positive,khác
"E này thiết kế đẹp mê ly, viền màn hình mỏng tẹt, cầm chắc tay lắm. Bác nào thích điện thoại sang trọng thì nên chọn ngay nhé.",positive,màn_hình
"Mới mua , nhưng sao màng hình màu ko đẹp , ko sáng như dt cũ , mua dmx",negative,màn_hình
Ủa sao mới mua hôm qua ko đc km loa,negative,loa_âm_thanh
"mình mua ngày 17/10/2025 thật tuyệt vời không chê tí nào. máy gọn đúng ý mình. pin rất trâu,mát mượt. nghe nhạc âm thanh rất hay. ai tuổi như mình nên mua",positive,pin
"Giao hàng nhanh như gió, đóng gói kỹ càng quá. Nhân viên shop nhiệt tình, tư vấn chu đáo nữa. Đã mua là thích ngay.",positive,hiệu_năng
"15T Pro 12/512 vàng Mocha giá 18490vnd ngày 29/9 có tặng loa XIAOMI Sound Party rất đáng đồng tiền.Nếu so vs ip 15 sẽ hơn toàn diện nhưng so vs S21 plus sẽ hơn về phần cứng còn Hyper os2 chưa thông mình hơn One UI 7. Đầu tư vào 15T Pro tiết kiệm hơn mua ip17 256gb và an toàn hơn S25 fe sợ sọc ,an tâm hơn Fine 8",neutral,giá
cho e hỏi tp hà giang còn 13 mini k ạ,neutral,khác
Nếu mua trực tiếp ở cửa hàng thì có đc giá ưu đãi này không,neutral,giá
Nhân viên tận tình sản phẩm tốt,positive,khác
ip15 256gb vàng còn ở chi nhánh nào hải phòng k,neutral,khác
Có ip cũ hok ạ,neutral,khác
Về cơ bản thì quá ok.,positive,khác
"Ss 25 ultra mới mua 2 tháng nhưng quá tệ, chạy chậm, out phần mềm, nói chung chê",positive,khác
"Mình ấn tượng nhất là màn AMOLED 1.5K, tần số quét 120Hz cực mượt, xem phim hay chơi game 3d đều rất sướng mắt, hiển thị sáng rõ ngoài trời.",positive,màn_hình
A.c cho hỏi thay pin zin ở cửa hàng ủy quyền Apple về có hiện thị % pin ko ạ,neutral,pin
"Mới mua hôm qua, thật sự máy rất chậm, chuyển đổi các tab rất và chụp màn hình rất lâu, thua cả máy cũ, thật sự thất vọng về máy của Hãng. Đổi máy khác lại chịu phí 20%, mới mua 1 ngày, hzz.",negative,màn_hình
OK. Mượt mà.,positive,khác
Mới mua. Cảm thấy hài lòng. Nhân viên phục vụ tốt.,positive,khác
Sản phẩm tốt. Nguyên seal nguyên kiện,positive,khác
"Máy khá tốt , cam sau chụp khá nét, có điều máy khi sạc pin chỉ tới 80% r ngừng, mk đang thắc mắc vấn đề này",positive,pin
Sơn kém quá ở mắt cam bong tróc hết như đồ fake mới mua được hơn 1 tháng,negative,khác
"Rất tệ không nên mua, mua 1 đổi 1 thêm gói mở rộng mà điện thoại bị Panic và Reset . Shop Nói không lỗi",negative,khác
Mọi thứ ok nhưng để không . không Sài cx tuột pin mới mua 3 ngày,negative,pin
"Mới mua về ngày đầu sài thấy ổn qua ngày 2 cập nhật lên máy bị tình trạng hao pin tuột pin mặc dù ko sử dụng đang dùng tự nhiên máy khởi động lại , máy mua hôm 19/7 , mình muốn đổi máy mới",negative,pin
"Tàm tạm thôi , đơ màn hình nhiều , cảm ứng trễ . Trong khi giá quá cao",negative,màn_hình
Hiệu năng hay thiết kế đều hoàn thiện nhất đến hiện tại. Đáng mua,positive,thiết_kế
Nhân viên hok tư vấn mã sản phẩm hok phải VNA,neutral,khác
Mới mua một tuần cảm thấy hài lòng pin dùng cũng được một ngày vì máy mới nên ok,positive,pin
"Mới sáng nay dùng ok, và địa chỉ 35 thống nhất Đức Trọng Lâm Đồng, chăm sóc và hỗ trợ khách hàng rất chu đáo",positive,khác
Ở cao bằng có sẵn màu xanh lá xô thơm K ạ,neutral,khác
"Mình vừa mua 1 ip16 promax vào tối ngày 16/12, mình dùng đc vài hôm thì cảm nhận được màn hình bị đơ, đến tối ngày 30/12, rạng sáng ngày 31, mình dùng xong, sạc đến sáng, thì mở không lên nguồn, mang ra bảo hành thì bảo do hết pin , có ai dùng đt mà ngu đến mức k biết đt bị hết pin nên sập nguồn mà mang đi bảo hành kTừ nay về sau không bao giờ mua bất kì 1 món gì từ TGDD nữa",negative,pin
"Mới 26 ngày tắt nguồn 67L ra siêu thị bảo gửi hãng không giải quyết , vậy là chính sách đổi trả bên TGDĐ ok chưa Lịch sử máy dính resecumter panic full rành rành",neutral,khác
"Ae nào mua rồi cho xin ý kiến với,mình mua về chơi game",neutral,khác
"Mình thấy có gói bảo hành riêng, nếu không chọn thì mặc định theo máy không sẵn bảo hành hay sao vậy shop?",negative,khác
Mn Đừng mua iphone TGDD toàn máy bị lỗiTôi mua iphone 16prmx bị lỗi bảo hành 2 lần chưa thấy trả đây.,negative,khác
Thấy có máy bạn nói ko tốt chứ mình dùng 2 ngày mới hết pin máy chạy mượt nhận duyện khuôn mặt cũng rất nhanh 5G cũng rất mạnh do máy bạn dùng làm sao ấy chứ,positive,pin
Cho mình hỏi sam sung m55 còn hàng không ạ,neutral,khác
Chơi game 10p hết 10% pin.máy thì nóng ran.,neutral,pin
Vĩnh long còn hok ạ,negative,khác
E Sài san pham Sắp một năm rồi thời gian sử dụng tụt còn 96% với 210 lần sạt. Em cảm nhận rất nhanh tụt pin tgsd,positive,pin
"Camera 50MP chụp ảnh trong điều kiện đủ sáng cho chi tiết rất tốt, màu sắc tươi tắn và nịnh mắt đúng chất OPPO. Tuy nhiên, khả năng chụp đêm chỉ ở mức trung bình, cần giữ chắc tay để ảnh không bị nhòe.",positive,màn_hình
dmx có red mi turbo 3 thì ok máy này ngon mạnh bền đẹp,positive,thiết_kế
"Tuyệt vời lắm luôn, dùng rất ưng nha",positive,khác
"Máy quá chậm, ráng thêm tí tiền mua hẳn còn ram 68g còn hơn.",negative,hiệu_năng
"Ra shop trải nghiệm rồi, máy cầm rất chắc tay, màn hình 6.7 inch QHD+ nhìn thích, nhân viên shop giới thiệu sản phẩm nhiệt tình",positive,màn_hình
Quá mượt so với 15prm,positive,khác
"Mới mua 1 tháng.mọi thứ OK.pin trâu,sạc nhanh.rất mược",positive,pin
Dùng được 1 tháng rồi thấy OK,positive,khác
"Không khác gì với những đời trước là bao, pin cũng không trâu như mong đợi, không xứng đáng với giá 30tr",negative,pin
"Tôi cần tư vấn sản phẩm này. Tôi ở quận Gò Vấp, HCM.",positive,khác
"Mới từ Samsung qua. Cảm thấy OS không hữu dụng như Sam chắc do mải copy iOS quá nên không sáng tạo được nhiều. Bù lại máy dùng mượt, chip không được mạnh trong phân khúc nhưng mát. Pin trâu, sạc nhanh, loa ấm",negative,pin
iphone 17 256GB màu xanh lá hiện có ở cửa hàng nào ở Hà Nội?,positive,khác
"Mượt, máy đẹp",positive,thiết_kế
Mình vừa mua nhưng mỗi lần máy sắp hết pin về 20% lại không thấy thông báo cần sạc pin vậy ạ. Toàn tự nhảy về pin đỏ mà chẳng thông báo gì.,negative,pin
"Cầm cái S25 Ultra trên tay mới thấy sự khác biệt ,khung titan chắc, màn hình cong hiển thị nét, những ngày nắng gắt nhìn vẫn rõ từng chi tiết, đáng bỏ tiền để lên đời, Shop giao hành nhanh nguyên seal mới cứng, tư vấn thì nhiệt tình quan trọng là giá giảm sâu, iu shop vô cùng",neutral,màn_hình
Dùng rất ok,positive,khác
"Điện thoại đẹp, màn hình, loa to rõ, dùng cơ bản ok, tuy nhiên nhược điểm lớn nhất là tụt pin nhanh, pin 5000 nhưng so với các đối thủ samsung, oppo... thì gần như cảm giác chỉ được tầm 4000mAh. Bù lại có hỗ trợ sạc nhanh nên cũng ok, sạc từ 10% lên full chỉ khoảng hơn 1 tiếng chút Ai chỉ mua dùng cơ bản bình thường thì được chứ dùng phục vụ công việc hoặc dùng nhiều liên tục thì nên cân nhắc",neutral,pin
"Màu hồng bản 256g hiện tại fpt Số 1912 (Đối diện chợ Phước Thái cũ), Tổ 1, Ấp 1, Long Thành, Đồng Nai có hàng chưa ạ hoac neu đặt hàng thì bao lau sẽ có hàng",neutral,khác
Giá hiện tại galaxy A07 4/128 bao nhiêu ạ? Có được tặng củ sạc k ạ? Nếu k lấy sạc giá cuối còn bao nhiêu ạ?,neutral,giá
bên shop có 8/128 ko shop,neutral,khác
Mua không lấy quả tặng loa xiaomi thì có được giảm tiền không.,neutral,giá
"Điện thoại thiết kế sang trọng, cầm rất vừa tay. Camera chụp ảnh sắc nét, đặc biệt là ảnh chân dung rất đẹp. Hiệu năng mượt mà, pin sử dụng cả ngày không cần sạc. Quá hài lòng với sản phẩm",positive,pin
Cho mình hỏi khu vực TP CAM RANH còn mẫu này không vậy ạ?,neutral,khác
Sản phẩm này có hỗ trợ chế độ tiết kiệm pin không?,positive,pin
"Mới mua 3 tuần 14tr bán lại tầm giá nhiêu ad, bán để lên 15",neutral,giá
"Mình vừa mua được 1 ngày , hình thức sp tốt nhân viên TV nhiệt tình , nhưng test chưa được kỹ hôm nay mở nghe nhạc mới phát hiện loa bên dưới bị rè rất khó nghe .",positive,loa_âm_thanh
Cho hoi may bi loi dem di kiem tra thoi gian bao lau,negative,khác
Có chi nhánh nào ở hcm còn xanh lá kh ạ,neutral,khác
Rất thích sản phẩm này. Nhưng van chưa biết giá ra sao,positive,giá
"Tôi dùng có được 2 tháng mà ngày sạc 1 lần mà pin tụt xuống còn 99% có phải lỗi j ko ad, rồi lâu lâu không đăng nhập được các wed lag, phải thoát ra vào lại, ứng dụng trên máy ấn mãi ko vào đc, phải tắt ra vào lại là sao , máy có tình trạng lag khi đang nhắn tin hay khi mở ứng dụng",negative,pin
Tôi chụp màn hình máy này hoài không được,negative,màn_hình
dùng được 2 tháng bị lỗi hao pin bất thường. bị nóng máy khi xem các video trên fb và tiktok thì có mang kiểm tra được không ạ,negative,pin
Thất vọng khi mua máy nhiều khi điên muốn đập luôn máy,negative,khác
bảo hành bao lâu ạ,negative,khác
"điện thoại dùng mượt, chụp hình đẹp, pin dùng mãi chả thấy hết để sạc, rất hài lòng. Ai đang định mua thì chọn luôn không phải lăn tăn nhé",positive,pin
"Mình làm designer nên rất chú trọng màn hình, phải nói S25 Ultra nhìn ảnh siêu đã, độ sáng cao, màu chuẩn, zoom vô từng chi tiết vẫn nét căng.",positive,màn_hình
"Máy quá chậm, ráng thêm tí tiền mua hẳn còn ram 68g còn hơn.",negative,hiệu_năng
Máy bị lỗi gửi bh ngày 13/9đến 25/9 phản hồi hãng nhận máy đợi thêm 610 ngày nữa để ktra. Rồi ban đầu báo 15 ngày có máy đến hôm nay vẫn chưa giải quyết và hẹn tiếp mình đâu dư tiền để mua máy xong gửi bh hơn 1 tháng và không biết máy sẽ xử lí ntn làm ăn rất rất lè mề. Rồi sau đến 610 rồi hẹn tiếp thì còn gì là cái đt nữa chưa thấy bh mà gần 1 tháng. Bực bội hết sức. Cảm thấy không xử lí đc thì trả máy về để bên đmx họ xử lí ntn,negative,giá
"mua được 10 mấy bữa thì cứ báo tràn ram và tắt nguồn khi sạc qua đêm , mặc dù trước đó xài iphone đời cũ hơn không bị tình trạng này . Ra chạy chuẩn đoán thì báo bình thường mà về bị tận 2 lần bảo cập nhật lên rồi cũng k hết được",negative,hiệu_năng
cho em hỏi bên mình còn iphone 14 thường 128g màu tím ko ạ,neutral,khác
Ổn.mượt. Pin ok.,positive,pin
cho mình hỏi loại 6gb 128gb là 4G hay 5G thế ạ,neutral,khác
"Mới mua , nhưng sao màng hình màu ko đẹp , ko sáng như dt cũ , mua dmx",negative,màn_hình
Đặc quyền Bảo hành thêm 2 năm iPhone (BT)1.000.000đ2.000.000đ,negative,khác
"tôi bị khởi động lại máy suốt, không hài lòng sản phẩm",negative,khác
"Cảm nhận về nhân viên ổn, dịch vụ bảo hành bình thường,Cảm a vũ dmxlm nhé hỗ trợ nhiệt tình.",negative,khác
"Tôi rất thích thiết kế hiện đại và màu sắc trẻ trung của dòng Galaxy A Series, và chính sách dịch vụy hậu mãi của shop nên mua đến con thứ 3 của shop rồi",positive,màn_hình
Mua sử dụng đến nay 6 tháng rồi. Mọi thứ quá ok miễn chê. Của bền tại người. Tránh để tụt pin dưới 10% và hạn chế sạc quá 90%. Giờ pin vẫn 100 OK. Mẹo để pin trâu Vào Trợ năng Chuyển động giảm chuyển động. Vào Màn hình và độ sáng bật Tắt chế độ Trong Suốt. Muốn OK nữa pin trâu như trâu rừng miễn chê thì vào Bảo mật tắt Dịch Vụ Định Vị đi là máy mát như sò lạnh. Chúc các bạn vui vẻ,positive,pin
CHƠI GAME NẶNG LAG,neutral,khác
Máy quá tốt tôi đang dùng Ss qua mà máy dùng rất là hay nhân viên hỗ trợ nhiệt tình sẽ ủng hộ sau này,positive,khác
cái team imei mặt lưng điện thoại mình gỡ ra thì có ảnh hưởng gì không,neutral,khác
Đg dùng 12 lên 15 khi mở ra thật tuyệt vời vì nó đẹp theo màu đen nhìn rất lịch sự sang trọng vò cầm rất đã tay màn hình rất đẹp tôi rất ưng,positive,màn_hình
"điện thoại mới mua 1 ngày về loa quá trời rè coi phim , nghe nhạc , gọi điện cái nào cũng bị rè cứ mở loa lớn chút là rè còn mở full loa thì nghe rè như tiếng nhạc luôn quá chán",negative,loa_âm_thanh
"Mình đặt mua IP15+ qua trước đến cửa hàng nhận máy thì đợi hồi lâu mới có máy. Cửa hàng thì không có ốp lưng, cường lực. Có miếng dán chống chày thì bạn nhân viên dán bị bọt khí, phản hồi cho bạn ấy thì bạn nói anh về sạc nóng máy là tự hết. Mua điện thoại xong thì bạn nhân viên đưa cái túi bự chà bá lửa do hết túi mong anh thông cảm. Một trải nghiệm mua hàng cực kì tệ.",neutral,khác
Sản phẩm này ở Pleiku giá bao nhiêu. Full phụ kiện không khi đặt ko shop,negative,giá
Muốn đổi lấy 15 plus được ko a,neutral,khác
"Từ lúc mua đến giờ tình trạng khi call Zalo, mess bật loa ngoài là phía đối phương không nghe rõ bên mình nói gì rè mất tiếng, nói 10 từ nghe được 1, ảnh hưởng rất nhiều đến công việc. Trước đó đã đi bảo hành mà cả nửa tháng trả về tình trạng vẫn như cũ, đem ra cửa hàng tgdd mà nhân viên test vẫn thấy dấu hiệu, nhưng liên hệ hãng thì hãng báo máy bình thườngThời gian ấy tôi không sắp xếp thời gian lên chi nhánh hãng được, nhưng giờ vấn đề call này vẫn không giải quyết được nên tôi buộc phải đích thân đem lên hãngCho tôi sdt và địa chỉ của hãng để toi gửi máyTôi hi vọng giải quyết tình trạng này sớm chứ tôi không nghĩ hãng lớn mà không khắc phục được vấn đề ở máy mới mua như thế nàyCảm ơn",negative,loa_âm_thanh
HCM Q7 sẵn hàng không shop?,neutral,khác
sản phẩm quá đỉnh,positive,khác
Ngon hơn s23. Đáng tiền,positive,giá
Nhân viên tgdd rất nhiệt tình có chụp hình quay video xo với trước mình dùng ss s23 ultra thì còn này ko bằng đc,negative,khác
"Cho m hỏi ss A56 5G 8GB 128G tại lê trọng tấn Phương Liệt Hà Nội, giờ giá bao nhiêu ạ",neutral,giá
"Thấy hợp lý khi mua thêm Cục sạc rời. Trong khi hàng ngày cầm điện thoại Màn hình to 6.7, Mỏng Nhẹ. Khi cần đi ra ngoài lâu thì cầm phòng hờ theo cục sạc nam châm Samsung nhỏ 5000mAh mỏng nhẹ 130g Hít lưng ĐT, dù pin 3900mAh của điện thoại dùng dưới mái che trong nhà cả ngày và đêm vẫn còn 20%.",negative,pin
"Dùng được 2 năm rồi máy vẫn chạy tốt, mua ở Điện máy xanh và Thế giới di động bao uy tín",positive,khác
Sao hđh nó lại là 18.1. Không phải 17 như ghi trên web.,neutral,khác
"Mình muốn trả góp máy này, đưa trước 4tr góp trong vòng 3 tháng, mỗi tháng góp bao nhiêu ạ",neutral,khác
"Ip14 256 gb còn hàng ở kiến đức , Đăk nông ko shop",neutral,khác
Chính sách đổi trả như thế nào vậy shop,neutral,khác
rạch giá kiên giang địa chỉ chỗ nào v ạ,neutral,giá
Tăng túi lộc là ntn vậy shop,neutral,khác
"mua kèm thêm bảo hành 2 năm nên tự tin dùng an tâm hẳn, nhân viên tư vấn cho thanh toán trả góp chia ra đúng nhẹ nhàng",neutral,khác
17 air làm gì có tản nhiệt hơi đâu mà trên banner để vậy ad,neutral,khác
Nói chung là rất tốt. Chất lượng ok,positive,khác
E muốn bán 16e 128gb thì giá được khoảng bao nhiêu ạ,neutral,giá
Nay đặt hàng Iphone13-128g thì có đc giảm ko? Q10 HCM,neutral,khác
Trải nghiệm rất tuyệt,positive,khác
Huhu dùng được 5 tháng pin tụt còn 98%,negative,pin
"Điện thoại này còn hàng ngoài vĩnh thuận kh ạ,thị trấn Vĩnh Thuận ấy",negative,khác
Mình đã mua máy tại số 3 kinh dương vương hồ chí minh nhân viên hỗ trợ hồ sơ góp cho mình nhanh gọn gàng và rất nhiệt tình cảm ơn ạ,positive,hiệu_năng
"máy new đập hộp về để qua đêm không sử dụng,đã tắt wf,4g mà pin tự tụt 7 đến 10% 1 đêm",negative,pin
Sạc nhiêu w,positive,khác
"Mọi thứ rất tuyệt vời, tôi có một trải nghiệm vô cùng hài lòng với chiếc IPhone 15 Pro Max 1TB , nhân viên phục vụ tôi rất tận tâm và nhiệt tình. Tôi rất hài lòng .",positive,khác
"Thiết kế đẹp, viền mảnh, cầm máy thoải mái.",positive,thiết_kế
"Mua được 9 ngày rồi. Thấy mọi người nói bị cái này nhiều lắm. Nay mới được trải nghiệm. Cảm giác bàn phím chạm không nhạy, nhiều lúc đánh chữ bên này lại nhảy qua chữ bên khác.",negative,giá
790k túi lộc là giảm tiền mặt đúng không shop,neutral,giá
Samsung S25 256GB muốn lên đời s25 ultra 256GB cần bù thêm bao nhiêu vậy shop,neutral,khác
Có Poco X7 pro k shop,neutral,khác
Mình có nhu cầu mua máy Xiaomi Redmi Note 14 Plus liên hệ với mình 09xxxx7282,positive,khác
"Máy này bị miss thông báo nhiều anh em nhé. Zalo, mess đều dính, nhất là gmail và tele",neutral,khác
ở thái nguyên còn sp này k ạ.,negative,khác
Máy này có chống nước lp54 chống nước hay máy chống bụi vậy ạ,negative,khác
Khả năng chạy nhiều ứng dụng cùng lúc mà không gặp vấn đề giật lag.,negative,hiệu_năng
Mua cũng đc 2 tháng xài ok màn hình to nét tần số quét 144hz mượt mà. Pin siêu trâu xài 3 ngày mới sạc. Sạc rất nhanh nữa chứ,positive,pin
"Dùng được 7 tháng pin còn 87% Dùng bt, ko vừa sạc vừa dùng nhaVậy có ổn ko m.nTrước dùng 8 plus tận 3 năm pin còn trên 90%",neutral,pin
Mới mua chưa được 1 tháng pin còn 99%,negative,pin
"Gọi video zalo ngày hơn 50 phút, còn lại ít sử dụng nhưng tục pin rất nhanh, 24 tiếng mất 80% pin là quá nhanh",negative,pin
Pin tuột rất nhanh để qua đêm là tuột còn bảo hành không biết phải sao nữa,negative,pin
Phía trong camera có 2 hạt bụiEm mua được 3 hômThế có được bảo hành do bụi trong camera không ạVà nếu được bảo hành thì chính sách như thế nào ạ,negative,camera
tư vấn giúp em máy này chơi game có mượt ko,neutral,khác
Hệ điều hành và giao diện người dùng của Samsung Galaxy S24 FE là gì?,neutral,hệ_điều_hành
redmi pro 14 5g có thu không ?,neutral,khác
điện thoại này có chức năng chia đôi màn hình ko ah shop,negative,màn_hình
Mua về chưa dùng được một tối. Đã lỗi ko nhận sim. Kết quả phải gửi bảo hành…. Bây giờ chờ 15 ngày nữa ko biết có máy dùng ko. Bỏ tiền mua rắc rối bực tức 😩😩😡😡,negative,giá
"Loa khá rõ, nghe nhạc hoặc xem video giải trí ổn.",positive,loa_âm_thanh
hàng cũ hay mới tính ạ,neutral,khác
Mình trước mua của shop 1 con Find X5 rồi thấy ok nên đợt này ra Find X9 tặng bố cũng ủng hộ tiếp. Dù gì cũng yên tâm về độ uy tín ở đây.,positive,khác
"Rất hối hận khi mua chiếc điện thoại này Định mua nó để chơi game liên quân, không ngờ khi mua về chơi nó giật như điên, thêm cái bị lỗi nút di chuyển nữa. Chán",negative,khác
HN long biên còn hàng không shop?,neutral,khác
"Tui mua cái i phone 15 cho con tui về nhà hỏi lại người thân kêu tính lại thì thấy lãi 1tr mấy gần 2 triệu bạc không biết nhân viên tính kiểu gì mà dữ vậy , nhân viên nói tui mua đồng hồ tặng đồng hồ nữa . Làm ăn vậy chán quá , cái nào lãi thì nói rõ ràng chứ , chán thế giới điện thoại này khong dám mua nữa giong lừa đảo quá.",negative,khác
"Máy dùng ngon , đừng nghe người không biết sử dụng máy ,viết đánh giá không tốt về a56Chỉ có vài đánh giá là đúng , đó là sợi cáp theo máy quá đểu , còn lại toàn đánh giá vớ vẩn Đề nghị tgdd nên xóa những đánh giá sai về sản phẩm , tránh làm những người muốn mua hiểu lầm về a56",negative,giá
"Máy lỗi sóng như máy lock, bắt wifi kém .. Chơi game nhẹ feefine nếu không sài wifi chỉ sài mạnh còn Thua cả máy samsung 5tr",negative,khác
"Dùng thích lắm, nhân viên hỗ trợ nhiệt tình",positive,khác
Bến tre mình có xanh lá xô thơm chưa ạ,neutral,khác
Máy nhìn ở ngoài xinh hơn ạ. Nhân viên tư vấn nhiệt tình,neutral,khác
Tạm biệt dmx. Lần cuối tôi mua hàng ở chuỗi này,negative,khác
"Đi du lịch Đà Lạt mình test zoom 5x chụp cảnh xa, ảnh chi tiết thật sự, màu sắc không bị bệt. Mấy bạn đi cùng còn tưởng mình xài máy ảnh xịn.",positive,màn_hình
E đang said 14plus muốn đooir lên thì thu bao nhiêu ạ,neutral,khác
"Mình trước mua con A37 ở đây thấy ok, nên lần này tặng người yêu con này. Đẹp và mượt lắm, e này đáng đồng tiền bát gạo.",positive,giá
Con poco x7 này có kháng nước kháng bụi cao ko ạ chụp hình đẹp k shop,positive,thiết_kế
Mới mua máy sử dụng ok .k có gì để chê,positive,khác
Máy mượt dùng khá ok mỗi tội pin hơi yếu ngày sạc 2 lần ae,positive,pin
Tôi từng mua hàng của TGDD cũng là khách hàng thân thiết mà giờ TGDD gap sự cố thì phủi bỏ trách nhiệm ko bảo hành và thực hiện như trước,negative,khác
Cho mình hỏi ip15 256gb ở hữu lũng lạng sơn có sẵn ngoai cửa hàng k ạ,neutral,khác
Tốt xài mượt,positive,khác
"Hiệu năng chơi game nặng chưa thực sự mượt mà, đôi lúc có hiện tượng giật lag.",neutral,hiệu_năng
Shop có hỗ trợ góp 24 tháng không ạ,neutral,khác
"Mình mới dùng gần 1tháng máy lag, đơ và lỗi càng lúc càng nhiều. Mình ra hệ thống để bảo hành 1đổi 1 nhưng về xử dụng vẫn đơ, lag. Hệ thống báo nếu lỗi thì gửi về để kiểm tra xử lý chứ k thể đổi máy khác nữa. Vậy k lẽ mình phải dùng máy lỗi sao. Quá thất vọng, mình nghĩ sẽ bán lại máy cho hệ thống đmx và k quay lại nữa. MN ai có ý định mua dòng máy này thì nên cân nhắc kỹ lưỡng nhé đừng để mất phí mà rước bực vào như mình",negative,hiệu_năng
Tốt dùng mượt,positive,khác
Ở kẻ sặt - HD có sẵn ip17 pro cam k ạ,neutral,khác
Galaxy s21 ultra 128gb còn 4855 mAh thì thu lại bao nhiêu thế shop và bù vô mua ip 16 128gb là bao nhiêu ạ,neutral,khác
"Pin 4k nhưng k hề yếu, cam đẹp, hiệu năng với mình như vậy là quá tốt do mình ít game, kích thước vừa tay. 5s nhé",positive,pin
"Hiệu năng ổn định, không bị giật lag.",positive,hiệu_năng
Cho em hỏi là hiện tại mua 17prm có ưu đãi gì k ạ,neutral,khác
reno15 f bna 512gb gia bao nhieu vay fptshop? co mau xanh la cay khong vay?,neutral,khác
Mình mới mua hôm 19/10 điện thoại để qua đêm không sử dụng vẫn tụt mất 8% phin,negative,khác
Nhân viên nhiệt tình hỗ trợ,positive,khác
Cho e hỏi máy e mua ngày 10/5/24 sao trong bh để đến hết ngày 9/5/25 với lại trên WES tgdd để máy chạy iOS 15 mà e về nhà xem lại là iOS 17.4.1,neutral,hệ_điều_hành
Zoom ban đêm nét cănggggg má ơii đẹp lắm,positive,camera
"Mua được 9 ngày rồi. Thấy mọi người nói bị cái này nhiều lắm. Nay mới được trải nghiệm. Cảm giác bàn phím chạm không nhạy, nhiều lúc đánh chữ bên này lại nhảy qua chữ bên khác.",negative,giá
"Ưu điểm Thiết kế đẹp, pin trâu, camera sau ổn, chơi liên quân ổn đinh 60fps đồ họa trung bình. Nhược điểm Dùng các tác vụ fb,tiktok,ytb... hơi khựng, không được mượt cho lắm. Camera trước khá tệ.Tóm lại ai cần đt bền, pin trâu, dùng các tác vụ thông thường. Thì em nó là 1 gợi ý khá toàn diện.",positive,pin
"Mướt mườn mượt, 10 điểm k có nhưng. Chụp ảnh nét nẹt lun. Cầm vừa tay k bị to hay nặng quá nchung là ưnggggg luôn đồng hành cùng với TGDD",positive,camera
"Mình mới mua ip16 promax hôm qua, trc đó dùng ip13 promax. Đều mua ở tggd đập hộp. Cảm nhận về ip16 sau 1 ngày sử dụng là hơi thất vọng, camera không được sắc nét, mặt trước hơi mờ, pin thì tụt nhanh, còn không lâu ip13. Các tính năng khác ít dùng nên chưa đánh giáNói chung là không nên mua",negative,pin
sản phẩm dùng tốt,positive,khác
Mình xem máy trên web và có mã giảm giá 10% đến lúc qua siêu thị đường hãi thượng lãng ông hỏi áp dụng giảm giá y như web phải không thì 2 bạn nhân viên nói đúng rồi. Nhưng khi thanh toán mình đưa mã giảm ra thì nói mã chỉ áp dụng online trên web không áp dụng mua trực tiếp,neutral,giá
Thật sự để mà nói thì đã lâu lắm rồi mới dùng lại ss công nhận tốt Thật sự,positive,khác
"Máy mua hồi 1/6, một tuần nay vào buổi tối pin sạc đầy rồi bị tụt cỡ 50%. Ban ngày thì pin vần xài bình thường",negative,pin
Máy đơ liên tục trong khi mới mua 1 tháng . Lướt titok 15p là đơ đứng máy . Kh biết được đổi máy kh,negative,khác
Mình mua máy nubia v80 design được 1 tuần. Bị lỗi ko quét được NFC. Đem qua shop có thể đổi lên đời máy này đươc ko?,negative,khác
"Mình là sinh viên, vậy Giá trừ tất cả khuyến mại ah",neutral,giá
Thật sự để mà nói thì đã lâu lắm rồi mới dùng lại ss công nhận tốt Thật sự,positive,khác
Iphone 15 256gb màu Xanh dương còn hàng ở khu vực Tp Biên Hòa ko ạ,positive,khác
Sản phẩm tuyệt vời,positive,khác
sinh viên mua máy có được ưu đãi gì kh ạ,neutral,khác
Mình đã mua máy tại số 3 kinh dương vương hồ chí minh nhân viên hỗ trợ hồ sơ góp cho mình nhanh gọn gàng và rất nhiệt tình cảm ơn ạ,positive,hiệu_năng
"Sài từ 28 tết đến nay ok, chưa phát hiện lỗi gì",positive,khác
"iPhone 16 128GB(00911192)Phân loại: 128 GB, Trắng20.990.000đ22.490.000đ-7% Mua ngay Trả góp(Chỉ từ 2.262.500đ)",positive,khác
"Màn hình đẹp, sắc nét, tần số quét cao mang lại trải nghiệm rất tốt.",positive,màn_hình
"Không hiểu sao điện thoại mình mua được khoảng 5 tháng và sạc 87 chu kì. Mà đã bị tuột còn 99%. Mình luôn có thói quen sử dụng điện thoại ở mức pin từ 2080%, không chơi game, không vừa sạc vừa chơi, không để điện thoại trong môi trường nóng, chỉ có thường xuyên sử dụng 5G. Cảm giác chỉ mua được 5 tháng mà tuột pin thì quá là thất vọng và đáng nghi về chất lượng của dòng này.",negative,pin
Có cái dt bàn phím cũ có tham gia đổi được khi giao tại nhà không?,negative,khác
"Tốc độ sạc của máy rất nhanh, chỉ cần cắm sạc một lát là đủ dùng cho cả ngày dài. Máy bắt sóng 4G và Wifi rất khỏe, chơi game ổn định không bị nóng máy quá mức. Bạn nhân viên tại cửa hàng hỗ trợ mình dán màn hình và tặng kèm ốp lưng rất chu đáo.",positive,màn_hình
Đổi từ samsung S21 được không shop,neutral,khác
"Em mới dùng ip chưa đầy 1 tháng nhưng mỗi lần sạc đều nóng có ổn không z ạ, em nghe nói nóng quá sẽ bị chay pin, em k vừa dùng vừa sạc vẫn nóng ạ",neutral,pin
Shop ơi poco m4 pro lên poco m7 pro bao nhiêu vậy,neutral,khác
hướng dẫn mua hàng online?,neutral,khác
máy có ở hà nội chưa tôi chỉ mua máy thôi không mua kèm thêm gì có được không,neutral,khác
15pro 128gb vn/a zin (đã hết bh) lên 17pro 256 thì bao nhiêu ạ?,neutral,khác
Sản phẩm rất ok,positive,khác
Trả góp mình trả trước bao nhiêu thì tỉ lệ duyệt cao nhất ạ.,neutral,khác
"Mình mua ngày 30/10/2025 sau gần một tháng mình đánh giá như sau. máy đẹp,pin trâu, nhưng ở phía loa bên trên màn hình thiết kế hở khe bụi sẽ rễ bay vào với giá tiền 12tr490k thì không đáng, máy trưng bày thì không có, nhưng dùng vẫn tạm ổn mình cho 4 sao",negative,pin
"Camera cải thiện hơn bản 4GB, màu ảnh tươi hơn nhẹ, chi tiết ổn.",positive,camera
Rất đẹp dùng rất tốt,positive,thiết_kế
Muốn đổi từ s23 lên s25,positive,khác
Tôi khuyên các bạn có ý định mua 16 thì ko nên mua.nhất là mua ở điện máy xanh và thế giới di động.lúc mua thì bảo hư gì đổi nấy.hư hoặc lỗi là đổi.máy tôi mua về đk một ngày.ngày thứ hai phát hiện lỗi và gửi máy để đổi.thì văn vở các kiểu rồi đi thẩm định.thẩm định thì ko ra kết quả lỗi.mà máy thì lỗi rõ rành rành ra đấy.cả nhân viên của thế giới di động cũng công nhận.mà bọn thẩm định máy ko cho đổi.bảo đổi thì mất 20% phí.vkl.rứa mà đề ra cái chính sách cùi bắp.làm ra đấy để lừa ng mua hàng.văn vở lỗi phần mềm.chạy cập nhật máy là đk.chạy xong cập nhật vẫn bị thì kêu gio lỗi phần mềm.ko đk đổi.mà chính sách đã gi rõ hư gì đổi nấy.giờ máy sản suất ra.tự nhiên lỗi phần mềm rồi đổi lỗi phần cứng.ko cho đổi trả.Các bạn mà mua máy cứ qua fpt mà mua.một đổi một hàng lỗi ngay và luôn.chừa.sau ko bao giờ mua đồ chi ở tddđ.ngán và ngấy luôn.đg bị dụ mua thêm quả bảo hành 700k vkl.tệ,negative,hệ_điều_hành
"Cho mình hỏi Lì xì thêm đến 2,5 triệu khi mua kèm SIM FPT áp dụng như thế nào vậy",neutral,khác
"Pin lâu, hiệu năng vượt trội, rất hài lòng",positive,pin
Samsung Galaxy Z Fold6 5G mang lại trải nghiệm sử dụng tuyệt vời với màn hình gập linh hoạt.,positive,màn_hình
"Camera selfie qua màn phụ là điểm ăn tiền của Flip7, góc rộng, ảnh nét và sáng, selfie nhóm rất tiện, không cần ai cầm máy chụp hộ.",positive,màn_hình
Ở hải phòng có sẵn trắng 256g pro chưa ạ. Có sẵn thì gọi cho mình nha,neutral,khác
"Trả góp tối đa là 12 tháng hả Shop, có gói trả góp lâu hơn không ạ, 24 tháng chẳng hạn",negative,khác
"Mới mua máy về đã chạy ios 18.5 dùng khoảng 1 tuần vào cài đặt bị đơ vài lần phải tắt đa nhiệm mới ổn. Dùng đến ngày thứ 29 dính lỗi resetcounter mang lên đổi trả nv nói phải gửi hãng thẩm định mất 15 ngày , quá chán luôn còn thời gian đổi trả mà khồn được đổi ngay mang về theo dõi thêm bị resetcounter nhiều thì mang bảo hành.",negative,hệ_điều_hành
Đổi 16pro 512g đen lên 17promax 512 thêm bn tiền vậy shop,neutral,giá
Trc mình có mua con này ở FPT giờ muốn bán lại thì bên mình có thu mua k ạ,neutral,khác
Cho e hỏi tầm giá 3tr redmi Xiaomi có còn nào hỗ trợ NFC k ạ,neutral,giá
Shop cho hỏi thu cũ đổi mới như thế nào vậy ? Hiện tại mình cũng đang dùng Oppo nhưng giờ muốn đổi mới,neutral,khác
Dung lượng pin tốt ấn tượng thật,positive,pin
Đèn flash điện thoại nó không tắt được là bị sao ạ,negative,khác
"Mình ở Đức Phổ,Quảng Ngãi đến trực tiếp cửa hàng mua có được giảm giá như trên không ạ?",neutral,giá
"Tôi rất thích thiết kế hiện đại và màu sắc trẻ trung của dòng Galaxy A Series, và chính sách dịch vụy hậu mãi của shop nên mua đến con thứ 3 của shop rồi",positive,màn_hình
Mình vừa mua A06 5G được gần 1 tháng . Muốn đổi lại A16 được ko ạ . Điều kiện ạ,neutral,khác
"Vào cập nhật phần mềm mà nó cứ xoay xoay như vầy cả ngày, ngày nào cũng vậy thì có phải bị lỗi không ạ Nếu không có bản cập nhật mới thì nó cũng phải hiện ra là không có bản cập nhật mới chứ",neutral,hệ_điều_hành
mình thấy trên Shopee có trang FPTShop bán redmi note 14 có phải là chính hãng của bên mình không nhỉ?,neutral,khác
Cho mình hỏi ip13 128gb màu trắng có sẵn tại chi nhánh tp.tuyên quang k ạ,neutral,khác
Galaxy S24 FE có khả năng chống nước và bụi không?,negative,khác
Máy đẹp chụp hình tốt nfc quét không cần gỡ ốp lưng luôn.không đòi hỏi gì thêm ở tầm giá này nữa.có 1 cái khá khó chịu là khi gọi điện thoại bật loa ngoài loa rất to mặc dù đã giảm âm lượng xuống hết mức.pin thì dư sử dụng 1 ngày xài ngon nha mng,positive,pin
Mua trả góp có cần trả trước bao nhiêu phần trăm giá trị của máy không,neutral,giá
Máy đẹp pin trâu,positive,pin
Em đang dùng Samsung A50S thì được trợ giá bao nhiêu ạ ?,neutral,giá
Chị em hỏi cách tắt vạch ngang xuất hiện ở màn hình khóa là như nào ạ,neutral,màn_hình
Chán quá mới mua đến giờ dc hơn 1 tháng sạc 42 lần mà đã xuống 1% pin mong dc giải thích hợp lý,positive,pin
13prm đổi 17prm 512GB thu lại bn shop,neutral,khác
iPhone 13 pro max 512gb nâng cấp lên iPhone 17 pro max 512gb thì bù thêm bao nhiêu tiền và có thể trả góp được không ạ?,neutral,giá
Đang dùng con note 13. Sohp có hổ trở đổi máy ko,positive,khác
Ip 14prm ở cao bằng còn k ạ,neutral,khác
Mình có mua iPhone 13 tại tgdđ cách đây 2 năm giờ mình muốn đổi máy mới có đc không,neutral,khác
Bị lỗi nhiều tốc độ sử lý chơi game chậm,negative,hiệu_năng
"Thiết kế viền màn hình dưới vẫn còn hơi dày và một số phiên bản vẫn dùng màn hình Infinity-U, nhưng với giá này thì không đòi hỏi nhiều",negative,màn_hình
Máy Xiaomi 11T xám cũ 128GB lỗi màn ko hiển thị từng thấy mà hình thu trợ giá đc nhiu.,negative,màn_hình
Nghe bình luận bên dưới thấy máy ko ổn mà sau tôi mua về sài rất mượt pin trâu sạc nhanh ai nói 1h mấy mới đầy tôi thấy máy này mọi người kinh tế thấp nên mua mày này sài bao bên luôn,positive,pin
"Mỗi lần đến địa đểm mới, Máy cập nhật wifi chậm, lâu vào được mạng",negative,hệ_điều_hành
Pin không hề trâu như quảng cáo. Xài tụt pin còn nhanh hơn con 11 thường mình xài 5 năm rồi. Mới mua về chưa được 2 tuần mà ngày nào tắt wifi 4G để qua đêm thì tụt 56% pin. Tắt nguồn luôn thì tụt 12% pin. Chán. Hối hận.,negative,pin
Bên mình có hỗ trợ trả góp k ạ,neutral,khác
Dạ Con này còn hàng ở Bình Tân ko ạ,neutral,khác
chương trình bảo hành,negative,khác
13490k là sao shop,neutral,khác
"sản phẩm oke ạ, uy tín, tư vấn nhiệt tình",positive,khác
"Ta nói máy nó mỏng mà hiệu năng ấn tượng vô cùng.Khi mới ra mắt mình đã chấm rồi mà giá khá chát, May sao bên shop có hỗ trợ trả góp 0% lãi suất cho sản phẩm này kì hạn 6 tháng thực sự hài lòng với dich vụ bên shop vô cùng. Để mình vẫn có máy mới sài sớm nhất",positive,giá
Iphone 12 pro max 128 đổi được không ad,neutral,khác
Mới mua máy đc 1 tuần hôm qua xem kỹ camera lại thấy bị dính 23 hạt bụi kh biết như nào luôn,negative,camera
Nếu đặt hàng Iphone 17 Pro 256 GB - Bạc thì dự kiến khoản khi nào có hàng ạ ? Tại Sóc Trăng,neutral,khác
"ở gia lâm, dương xá còn hàng không ạ",neutral,khác
Máy best phân khúc luôn. Quá hoàn hảo cho một cây máy trong tầm giá dưới 3tr,positive,giá
"Mình mới dùng gần 1tháng máy lag, đơ và lỗi càng lúc càng nhiều. Mình ra hệ thống để bảo hành 1đổi 1 nhưng về xử dụng vẫn đơ, lag. Hệ thống báo nếu lỗi thì gửi về để kiểm tra xử lý chứ k thể đổi máy khác nữa. Vậy k lẽ mình phải dùng máy lỗi sao. Quá thất vọng, mình nghĩ sẽ bán lại máy cho hệ thống đmx và k quay lại nữa. MN ai có ý định mua dòng máy này thì nên cân nhắc kỹ lưỡng nhé đừng để mất phí mà rước bực vào như mình",negative,hiệu_năng
mới sạc đc 117 lần mà hụt 98% pin mà gọi video zalo 1 xíu điện thoại nóng bỏngmua được gần 4 tháng,negative,pin
"Đang đợi lấy Xiaomi Poco X7 Đen, quá đã shop ơi",positive,khác
"Nhân viên tư vấn nhiệt tình lắm, đóng gói cẩn thận kỹ càng. Nhận hàng đúng hẹn, shop phục vụ tốt quá.",positive,khác
Còn sẵn ip15 512gb ở Phan Thiết ko ạ?,negative,khác
"Pin trâu, sử dụng nhìu h liền ko nóng máy, mượt",positive,pin
"Thu cũ đổi mới, máy cũ ko phải là iphone thì đc trợ giá bao nhiêu sốp ơi?",negative,giá
Máy có bao nhiêu camera sau và chức năng của từng camera là gì?,neutral,camera
Bảo hành rơi vỡ Bolttech cho iPhone 1.399.200đ1.749.000đ,negative,khác
"Thiết kế đẹp mắt, hiện đại và sang trọng, phù hợp với nhiều đối tượng người dùng.",positive,thiết_kế
Nhân viên tư vấn nhiệt tình. Chế độ bảo hành tốt.,positive,khác
"Mới mua máy được 1 ngày , lúc mua thì kiểm tra không vấn đề gì , nhưng lúc đem về mở nhạc thì nghe loa có vẻ bị rè rè , không biết có ai bị như mình không nhưng mua máy hơn 30 triệu thì mình cảm thấy rất khó chịu , cho hỏi nếu đem ra tgdd thì sẻ xử lí tình trạng này như nào , mình không muốn gữi máy đi thẩm định từ 7 đến 15 ngày đâu",negative,loa_âm_thanh
"Camera trên iPhone Air chụp ảnh quá đẹp, màu sắc chân thực và khả năng xử lý thiếu sáng xuất sắc. Bạn nhân viên bán hàng tại shop hỗ trợ mình thu cũ đổi mới với mức giá rất tốt. Quy trình làm thủ tục nhanh gọn, chuyên nghiệp giúp mình tiết kiệm nhiều thời gian.",positive,màn_hình
"Poco x6 5g, mua dv tuần, thu củ đổi mới dv ko",neutral,khác
"Máy thiết kế đẹp, nhân viên nhiệt tình, lỗi là đổi, không bị trừ phí, rất đáng khen, màn hình đẹp, sắc nét, pin trâu, sạc bình thường, cấu hình thì nên mua bản ram 8gb, vì 4gb dễ load lại ứng dụng, kèm tình trạng giật lag. Nên mua, sẽ giới thiệu thêm cho mọi người.",positive,pin
"Ss 25 ultra mới mua 2 tháng nhưng quá tệ, chạy chậm, out phần mềm, nói chung chê",positive,khác
Con này có sẵn ở hải phòng ko ạ,neutral,khác
Muốn đổi từ s24fe lên s25,positive,khác
S25 ultra 256GB chính hãng giá bao nhiêu?,neutral,giá
Ko có ram8 256gb à shop,negative,hiệu_năng
"Mấy bị lắc và đứng hình treo mấy, âm thanh nhỏ to, minh cũng đi đổi máy rồi cũng bị , cân nhắc cho kỹ khi xuống tiền mua",negative,giá
"Máy nhẹ, dễ cầm, vỏ lưng không bị bám vân tay, nhìn sạch sẽ. Thiết kế gọn gàng, phù hợp cho người thích máy mỏng nhẹ, vẫn cân được game khỏe.",positive,thiết_kế
"k hiểu sao mà camera 50 chấm mà chụp còn thua cả máy 12 mp. Đã để chế độ cam 50mp rồi mà vẫn mờ, k nét",negative,camera
Xin giá ưu đãi ạ,neutral,giá
Rất oke nhưng bjo lại muốn đổi 15plus vì thích màn hình to,positive,màn_hình
"Màn hình AMOLED cực kỳ sáng và rõ, không cần phải lo lắng khi dùng ngoài trời nắng gắt. Lướt mạng xã hội hay cuộn web đều mượt mà, cảm giác vuốt rất thích tay.",positive,màn_hình
"52-54-56 Đường 30/4, P. Ninh Kiều, TP. Cần Thơ Có màu bạc không ạ",neutral,khác
Sản phẩm rát tốt,positive,khác
"iphone 14 còn ko ạ( Đà Nẵng,Phường Khuê Trung,quận Cẩm Lệ)",negative,khác
"Cảm ứng vân tay hơi tệ , lúc ăn lúc ko , ko biết phải máy hư ko",negative,màn_hình_cảm_ứng
"Sau 2 tháng sử dụng máy rất ok nha, sạc nhanh, pin khá trâu sài tác vụ cơ bản 78 tiếng bình thường, chơi game hay tác vụ nặng thì 56 tiếng mượt mà, loa hay và to, camera đầy đủ ánh sáng chụp ko có gì để chê, còn ánh sáng kém thì ảnh cũng đáp ứng tạm ổn, quay video thì khỏi phải bàn, màng đẹp nói chung tất cả điều ok hết nhưng phần sơn hơi dễ tróc nhất ngay cụm camera sau vs các phím cứng.",positive,pin
"Camera selfie 32MP với chế độ làm đẹp tự nhiên, thích hợp cho các tín đồ selfie.",positive,camera
Hãng Samsung a36 này liên danh của trung quốc mua sai lầm Màn hình tệ hơn Hãng oppo nữa Ae ơi,negative,màn_hình
cskh cho mình hỏi có cách nào để hạ hệ điều hành về như lúc mới mua máy k ạk,neutral,hệ_điều_hành
Kết nối bluetooth thường xuyên bị lỗi,negative,khác
"Màn hình đơ, có quay video đến hỗ trợ kỹ thuật để đổi vì lỗi thì bảo phải gửi về hãng 10 đến 15 ngày có giấy mới đổi. Trong khi chính sách ghi đổi ngay và luôn nhưng yêu cầu có giấy thẩm định. Trong khi biết có giấy thẩm định phải đợi bên hãng nhưng vẫn ghi câu hư gì đổi nấy ngay và luôn. Lừa . Lần cuối mua hàng",neutral,màn_hình
"Cho mình hỏi mẫu này ở rạch giá, kiên giang còn hàng ko ạ",neutral,giá
"Thiết kế đơn giản nhưng chắc chắn, cầm nắm rất bám tay. Camera chụp đủ sáng khá ổn, lưu giữ khoảnh khắc hàng ngày tốt. Bạn nhân viên tại cửa hàng hỗ trợ mình chuyển dữ liệu từ máy cũ sang máy mới rất nhiệt tình, tận tâm.",positive,camera
Cho hỏi con này mua ngài 31/12 là bão hành 2 năm hay là 1 năm zay,neutral,khác
"Điện thoại dùng hơi lâu xíu là bị nóng máy, gọi zalo cũng bị nóng máy. Mà dạo này gọi zalo cứ bị chập chờn mất sóng hoài cứ bảo kết nối ko ổn định ko rõ do tại máy hay do mạng vinaphone vì tôi xài sim 4G dung lượng đến 6GB/ngày gọi cho nhà mạng thì nhà mạng kiểm tra bảo kết nối bình thường. Nều do máy thì thật sự rất tệ",negative,khác
ip 16pl 128gb có ở biên hòa k shop,neutral,khác
"Máy dùng mượt, pin đủ dùng trong ngày",positive,pin
Mới mua đc 3hôm đã hạ 5lít dùng ổn pin trâu 2ngày ko phải sạc,positive,pin
"Cầm iPhone Air trên tay thực sự thấy sự khác biệt về đẳng cấp và công nghệ. Máy chạy mượt mà mọi ứng dụng, không hề có hiện tượng giật lag. Rất ưng ý với chế độ bảo hành 1 đổi 1 và sự tận tâm của đội ngũ chăm sóc khách hàng tại shop.",positive,hiệu_năng
Cho hỏi khu vực Quận 6 có cửa hàng nào có máy chưa,neutral,khác
Ah cho e hỏi galaxy a35 còn hàng ko ah,neutral,khác
"Dạ cho e hỏi, hiện tại chi nhánh ở Xã Bình Minh, tỉnh Đồng Nai có sẵn những màu nào của S26 Ultra ạ",neutral,khác
Ngon lành mua lúc còn km đc cái loa xịn sò quá đã luôn khỏi phải bàn.,positive,loa_âm_thanh
28/2 su đụng toi tháng 7 sam sung quá vẫn ổn định sam sung qua đinh người giao hang rất dễ thương nua điện thoại rất tốt một like,positive,khác
Các chi nhánh ở hà tĩnh đã cs poco c71 chx ạ,positive,khác
Trước tết mình có mua sp này vào tgian khuyến mãi tặng kèm loa xiaomi nhưng nv bán hàng bảo hết loa và có cam kết sau tết sẽ liên hệ lại để tặng nhưng tới nay vẫn chưa nhận được phản hồi ??,neutral,loa_âm_thanh
Đặc quyền Bảo hành thêm 1 năm iPhone (BT)500.000đ1.000.000đ,negative,khác
"Hôm kia, mình thấy có chiếc màu xanh lam khói. Mình lập tức đặt mua và đến nhận hàng tại 708 Nguyễn Trãi TPHCM. Anh nhân viên hỗ trợ mình rất nhiệt tình, hướng dẫn mình cách sử dụng cũng như bảo quản chiếc điện thoại. Chiếc điện thoại màu xanh nhẹ rất đẹp và hợp với sở thích của mình.",positive,thiết_kế
"Bên mình có redmi note 14 pro, bản g100 ultra không ạ",neutral,khác
Con này có thể lên đc hyperos 3.0 không ạ,neutral,khác
"Sản phẩm dùng tốt lắm, giá quá rẻ nữa",positive,giá
Ip17 màu xanh lam có sẵn ở cơ sở 269 kim liên đống đa k ạ?,neutral,khác
áp dụng giảm giá từ ngày mấy là hết ạ,neutral,giá
Sản phẩm này ở xã Yên Phong Bắc Ninh còn hàng không,positive,khác
"Máy mua mới ngày đầu tiên để qua đêm tuột 3% pin, không rõ nguyên nhân",neutral,pin
"Mình mới sử dụng sản phẩm 3 ngày nhưng cảm thấy pin 5800 nhưng sử dụng nhanh hết, chụp hình tự nhiên độ nét không cao lắm phải vào chỉnh sửa mới nét. Còn cảm ứng vân tay và khuôn mặt thì ok",negative,pin
máy xài ổn định ko bị dung lắc,positive,khác
Dùng Facebook bị lỗi hiển thị. Lướt tiktok máy nóng như than,negative,màn_hình
Cho e hỏi hình thức trả góp như nào ạ,neutral,khác
Sài fb hay chơi game miễn sử dụng bong bóng chát là nó bị lag,neutral,khác
"Mới mua chưa được 1 tuần cụm camera sau có 1 mắt dô 2 hạt bụi,không ưng cho lắm có đổi trả được không",neutral,camera
Mình điện thoại redmi 13x dùng được 1 tháng thì bị lỗi phím nguồn lên cửa hàng ở thế giới di nhân viên kĩ thuật đổ lỗi cho người dùng không có hướng dải quyết,negative,khác
hồi bửa chị tui mặc đồ ngủ lại mua vào buổi sáng mà không tiếp đón niềm nở gì hết không một nụ cười với khách hàng luôn trong lúc giới thiệt điện thoại nv còn ngồi bấm điện thoại nói chung chắc được cái anh mở cửa cho là ổn còn ông áo trắng vs áo vàng đi mua đt mà tức á,neutral,khác
Trả góp sao ạh,negative,khác
Mua đt có kèm sạc và bảo hành không ạ,negative,khác
"Vừa mua hqua, máy lỗi pin pin nhanh hết có được đổi máy vào ngày hôm sau không",negative,pin
"Năm nay xem review con này quá là ưng màu vì có màu hồng, nhỏ gọn đẽ mang theo. được cái đã có tích hợp sạc không dây, mua về làm máy phụ dùng cũng okela . đợi có máy là quất liền hihi",positive,khác
ip 14 128gb màu trắng còn không ạ ở cai lậy,neutral,khác
Mua về chưa dùng được một tối. Đã lỗi ko nhận sim. Kết quả phải gửi bảo hành…. Bây giờ chờ 15 ngày nữa ko biết có máy dùng ko. Bỏ tiền mua rắc rối bực tức 😩😩😡😡,negative,giá
này là điện thoại mới 100% hay đã qua sử dụng vậy shop ?,neutral,khác
"Pin hơi dỏm, 5000 mà lướt toptop nửa ngày còn có 2030%",negative,pin
"Mình vừa mua cho con trai hôm qua 19/10 tại điện máy xanh thôn tử dương xã Tô Hiệu, Thường Tín HN theo quan điểm của mình thì cửa hàng có cháu gái quản lý ở đó mình không nhớ tên cháu, nhưng cháu rất nhiệt tình hướng dẫn sử dụng máy, các nhân viên rất lịch sự, nhiệt tình. Mình dsax mua và mua hộ rất nhiều máy của cửa hàng, rất uy tín và đảm bảo chất lượng",positive,khác
13 này là like new bóc hộp chứ hay máy trần,neutral,khác
Nhân viên tư vấn nhiệt tìnhGần qua 1 năm rồi giá iphone 16pm vẫn mức duy trìMáy mạnh tuyệt,positive,giá
Mình tin tưởng TGDĐ và giá này tốt nhất rồi. Đt xịn đẹp,positive,giá
"khi gọi Zalo, Viber camera trước hình bị vàng màu. Làm thế nào khắc phục",negative,camera
mình mua điện thoại ở đây bên cần thơ vào cuối tháng 12 mà giờ cái face id mình cứ bị lỗi k nhận gì hết đặt lại thì nó hiện k khả dụng mình k biết làm sao mua đt là vì có này tiện mà xài k đc làm sao đây!!!!!!!!,negative,bảo_mật
"Máy chạy rất mượt, không nóng máy khi sử dụng lâu.",positive,khác
học sinh sinh viên có ưu đãi dì hong a,neutral,khác
máy sài quá tuyệt vời,positive,khác
Cho mình hỏi km đặc quyền cho SV là xuất trình thẻ SV sẽ được giảm hay thế nào ạ,neutral,khác
mới sài dc 2 ngày máy khá nóng khi sài 2sim để chế độ auto phải tắt bớt 1 sim về chế độ 2G để đỡ nóng máy,positive,khác
Cảm biến vân tay không nhạy lắm còn những thứ khác rất tốt . Sạc siêu nhanh chỉ khoản 30 phút . Nhân viên thế giới di động rất nhiệt tình,positive,hiệu_năng
Tốt máy đẹp,positive,thiết_kế
S24FE này có hỗ trợ thu ip lên đời máy mới không shop,positive,khác
Nếu bây giờ đặt trước iPhone 17 Air thì khi nào mình sẽ được nhận máy vậy?,neutral,khác
Iphone xs 64 gb ko phải vn đổi đc ko ạ,neutral,khác
Bên mình có thu lại iPhone 11 để lên đời iPhone 15 không vậy?,negative,khác
"Có hổ trợ lên đời không ạ, m6 pro lên m7 pro",negative,khác
Shop ở cái vồn bình minh còn mặt hàng này kh,neutral,khác
"Hơi tiếc là dòng Plus không có bút S Pen như Ultra, nhưng bù lại giá mềm hơn cả chục triệu. Với nhu cầu văn phòng bình thường như mình thì S26 Plus là quá dư dùng rồi, đã qua trải nghiệm tại shop, quá ổn",positive,giá
Thành phố Hưng yên có sẵn màu bạc 256 gb không ạ?,neutral,khác
Đt sài rất tốt mạnh mượt,positive,khác
iPhone 14 promax thay màn đổi 17e bù bao nhiêu bạn,neutral,màn_hình
"Màn hình Full HD+ có độ sáng cao, hiển thị sắc nét ngay cả khi mình dùng ngoài trời nắng gắt để xem bản đồ. Viền màn hình mỏng mang lại không gian trải nghiệm rộng rãi, xem phim hay lướt web đều rất đã mắt.",positive,màn_hình
Máy có hỗ trợ kết nối 5G không?,neutral,khác
Ip17 thường màu tím có sẵn hàng ở yên mới không nhề,neutral,khác
Còn hàng ở quy nhơn không shop với lại máy này khả dụng mã giảm giá nào giải đáp giúp mình,neutral,giá
"Mở ứng dụng và chuyển màn hình mượt, không thấy lag đáng kể.",negative,màn_hình
Không hiểu sao khi xem trực tiếp trên facebook xem toàn màn hình ko dc máy note 11 cũng bị máy note14 mới cũng bị y chang Ai am hiểu về cái này ko,negative,màn_hình
"Dùng được 2 năm rồi máy vẫn chạy tốt, mua ở Điện máy xanh và Thế giới di động bao uy tín",positive,khác
cho em hỏi từ bao nhiêu tuổi được trả góp ạ,neutral,khác
Mình có cần trả trước bnhiu ko ạ hay đc trả góp trước luôn ạ,neutral,khác
Có giảm khi thanh toán qua ví shop?,neutral,khác
Mua máy khoản 1 tháng xài rất ok,positive,khác
Mua máy từ ngày 20/4 nhưng giờ mới có thời gian đánh giá mình mua máy ở tgdđ phan đăng lưu lúc mua thì nv nhiệt tình quẹt thẻ tư vấn lẹ làng lắm đến khi dán màn thì ối dồi ôi ko biết bạn nv dán kiểu gì mà chân sạc đầy cồn mình tính kk lấy rồi nhưng bạn qly bảo cồn bay hơi nhanh với lại máy này kháng nc nên mình mới lấy gặp người kỹ tính họ ko lấy đâu lần sau bạn nv làm việc chuyên nghiệp lên nhé máy khách mua gần 20tr ko rẻ đâu,neutral,màn_hình
"Nói chung con vợ này quá oke rồi hẹ hẹ hẹ, tiếc mối 120hz thì nai xừ",positive,khác
"Ad ơi, bộ sản phẩm có kèm sạc không ạ",neutral,khác
Xài nó hay bị đứng quá với lại màn hình nó tự tắt tối hoài,negative,màn_hình
"Nhân viên nhiệt tình, máy xài êm 10đ",positive,khác
"bao nhiêu tuổi trả góp được a , nợ xấu góp đc k",negative,thiết_kế
Mình muốn lên a36 5g 12/256 đổi a51 thì như nào vậy shop ới,neutral,khác
Shop ơi em đang là học sinh lớp 12 trường THPT Tĩnh giá 3 thì có hỗ trợ cho học sinh ko ạ,neutral,giá
"Miễn phí giao hàng, nhân viên giao đúng hẹn lắm",negative,khác
"Mua được cái điện thoại được tặng 3 phiếu mua hàng trị giá khoảng một triệu. Nhưng không dành cho cục sạc hay miếng dán, ốp lưng. Chọc điên tôi à.",negative,giá
"Máy mạnh, thiết kế đẹp, màn hình tiệc vời. nhân viên tư vấn ok",positive,màn_hình
thanh toán 1 lần có đc ưu đãi ko?,neutral,khác
"Màn hình AMOLED sáng và rõ, lướt web, Facebook mượt mà, cảm giác vuốt chạm rất thích tay. Mình hay xem phim nên màn hình đẹp là một ưu điểm lớn.",positive,màn_hình
Ip mua hòi 16/5 sau khi mua về pin trâu lắm mà xài được vài ngày pin tuột kinh khủng không biết sau nữa,negative,pin
Làm sao thì có giá 21tr490 vậy shop,neutral,giá
Sử dung ok nhưng mới mua đc 5 tháng mà pin tuột quá,positive,pin
Mẫu này cần đước còn ko ạ,neutral,khác
"Tôi cần tư vấn sản phẩm này. Tôi ở quận Gò Vấp, HCM.",positive,khác
Mới sài có 8tháng pin còn 95%. Quá bưa.,negative,pin
giá này là ưu đãi đến 12/6 sau đó tăng giá lên hay là giá vẫn giữ nguyên ạ,neutral,giá
Về lâu về dài không biết nữa nhưng cấu ra3gb rom 64gb ăn đứt Samsung a06 r6gb 128gb ôm không thể tin nổi,positive,khác
Tôi vừa mua nhưng rất lag muốn đổi sang dòng khác thì có mất phí không,negative,khác
"Mua xong thấy ok, nhưng mà sao hông có bản pro nhỉ, chán quá",negative,khác
Đã sử dụng được hai tháng pin khá lâu dình ít hai ngày mới phải sạc nhưng livestream bị nóng máy cần tv,neutral,pin
"E này dùng mượt mà, mở app nào cũng nhanh lẹ. Đặc biệt pin trâu lắm, xài cả ngày không cần sạc lại. Thú vị quá đi.",positive,pin
Camera của Samsung Galaxy Z Fold 6 có gì hay?,neutral,camera
Muốn mua sản phẩm này còn Nguyên Seal dc không ạ,neutral,khác
Loa máy bị rè cách khắc phục dùm,negative,loa_âm_thanh
"máy rất đẹp, mình mua ở tgdd nguyễn duy trinh hôm 26/2 , nhân viên nhiệt tình dễ thương",positive,thiết_kế
Đặc quyền bảo hành trọn đời900.000đ1.800.000đ,negative,khác
"mình mua ngày 17/10/2025 thật tuyệt vời không chê tí nào. máy gọn đúng ý mình. pin rất trâu,mát mượt. nghe nhạc âm thanh rất hay. ai tuổi như mình nên mua",positive,pin
Mình muốn mua sản phẩn ip16 hồng trực tiếp tại cửa hàng làm sao được giá tốt nhất ạ,neutral,giá
S25ultra có tại cửa hàng ở Việt Nam chưa,neutral,khác
"Mới mua hôm qua ,nay đi làm sáng h ít bấm đt mà giờ còn 25% , mau tuột pin quá",negative,pin
Mua theo lý trí và rất hài lòng,positive,khác
Mình lên đời máy từ 16pro max lên 17 pro max điều kiện nào để được trợ giá 3tr vậy shop ?,negative,giá
Hạ long có máy ko?,neutral,khác
"E này dùng mượt mà, mở app nào cũng nhanh lẹ. Đặc biệt pin trâu lắm, xài cả ngày không cần sạc lại. Thú vị quá đi.",positive,pin
Xiaomi Redmi Note 14 Pro Plus 5G 8GB 256GB đã cập nhật lên được Androi 15 chưa Shop,positive,hệ_điều_hành
"Máy đẹp , chụp hình quay phim ổn , cầm pin cực kì , lướt mượt mà. Với giá này quá oke lun",positive,pin
Mình đang dùng ip X trắng 256G đổi lên ip 17 trắng thì bù thêm bnhiu b,positive,khác
cho em hỏi poco m6 pro 256gb 8 ram thu lại đc bao nhiêu ạ,neutral,hiệu_năng
"Mới dùng 1/2 tháng, fb khi kết bạn bị giật chớp màn hình, nhờ hỗ trợ kỹ thuật",neutral,màn_hình
Dùng 2 tuần thấy ngon. Khuyến mãi lúc mua giảm 3 triệu. So với tầm tiền điện thoại android đáng mua.,positive,giá
"đt tốt ,đáng đồng tiền",positive,giá
Nhân viên nhiệt tình ok,positive,khác
Ip 16 thường có trả trước 20% góp trong 6 tháng không ạ? Nếu có thì chênh lệch là bao nhiêu ạ?,neutral,khác
mua ở cửa hàng giá bao nhiêu ạ,neutral,giá
Cửa hàng ở ngã tư Phổ Yên còn hàng không ạ,neutral,khác
NHÂN VIÊN HỖ TRỢ NHIỆT TÌNH,positive,khác
"Máy mua mới dùng đc 1 tháng thì bị lỗi loa trong khi không rơi vỡ vào nước hay cấn móp gì, máy có mua kèm gói bảo hành 1 đổi 1 trong vòng 11 tháng củ cửa hàng, mang lên cái ttbh ủy quyền thậm đỉnh để đổi máy thì lại bị báo từ chối bảo hành và bắt phải bỏ tiền ra thay thế, xong ngâm máy của tôi hơn 2 tháng, tới khi thỏa thuận chấp nhận sửa máy thì lại bắt chờ 3 tuần liền. Tiền mất, tật mang, máy thì không có dùng, công việc thì ngưng trệ. Thất vọng toàn tập.",negative,giá
Tần số quét của màn hình OPPO Reno12 F là bao nhiêu?,negative,màn_hình
"sài dc có tầm 1 tuần mà thao tác nhắn tin đã có dấu hiệu chậm và đơ rồi, ae cân nhắc khi mua.",negative,khác
Tôi có thể thanh toán bằng hình thức nào khi nhận hàng tại nhà?,neutral,khác
"Pin màu tuột, mua trước đó cái realme và cái này đều nói hết hàng, rồi lấy cái trưng bày ra cho khách, quá tệ.",negative,pin
RAM 8GB cùng bộ nhớ trong 256GB cho khả năng lưu trữ lớn và chạy đa nhiệm mượt mà.,positive,hiệu_năng
hải phòng còn hàng không ạ,neutral,khác
E Sài san pham Sắp một năm rồi thời gian sử dụng tụt còn 96% với 210 lần sạt. Em cảm nhận rất nhanh tụt pin tgsd,positive,pin
Cho mình hỏi máy không có màng bảo vệ loa dưới. Là máy lỗi do nhà sx hay là thiết kế ko có. mua về tự yên xem lại thấy tụt xâu ko thấy màng loa như các máy khác.,negative,màn_hình
Poco x7 5G sẵn tại p.minh xuân T.Tuyên Quang không,neutral,khác
"Cho e hỏi máy kết nối 4g mà chậm lắm ạ, gửi tin nhắn lâu mới nhận đc",neutral,khác
iphone 15 có nfc k,neutral,khác
Mua 7/8 tới h pin còn 97%,negative,pin
Máy dùng 1 tháng có nhiều quảng cáo tự động tăng ánh sáng màn hình cách khắc phục 2 lỗi trên,negative,màn_hình
"Điểm mình thích ở FPT Shop là khi mua còn được hướng dẫn kỹ về bảo hành. Có một lần máy mình cài nhầm ứng dụng gây treo, ghé lại shop được hỗ trợ reset miễn phí.",positive,khác
có trả góp không ạ,neutral,khác
Mình mới mua đx 2 thág mà hư dây sạc có bảo hành hok ạ,negative,khác
máy sài ok chưa lỗi lầm gì pin ổn ios đúng nó ở tầm khác thật wf dùng 7h liên tục chỉ youtobe tik zalo ios 18.5,positive,pin
Iphone 17 256gb màu tím còn hàng không ạ?,neutral,khác
Tgdd có nhận thanh toán mua hàng bằng thẻ tín dụng MB phi vật lí ko vậy,neutral,khác
xin hỏi giá iphone 13 250gb tại phát diệm,neutral,giá
Đặc quyền HSSV - Giáo viênGiảm ngay200.000đXác thực ngay,positive,giá
Tháng 1/2026 này máy còn giá bao nhiêu ở chi nhánh xã trừ văn thố ạ,neutral,giá
"Tôi mua điện thoại này để làm máy phụ, dùng để chạy ứng dụng bán hàng và phản hồi tin nhắn khách. RAM 4GB đủ để chạy đa nhiệm các ứng dụng cơ bản mà không bị giật lag.",neutral,hiệu_năng
Mới mua có mấy ngày là thấy bị lỗi rồi chán thật,negative,khác
Pin tuột rất nhanh để qua đêm là tuột còn bảo hành không biết phải sao nữa,negative,pin
Chợ nàng 2 sa đéc còn hàng không ạ,neutral,khác
SẢN PHẨM OK,positive,khác
Tốt máy đẹp,positive,thiết_kế
"Hải đã mua trưa hôm qua, máy ngon lành D",positive,khác
"Mua tại fptshop thì quá yên tâm về khoản nguồn gốc sản phẩm,từ bảo hành hay dịch vụ hậu mãi đều ổn thuận tiện cho khách hàng, giao hành nhanh giá tốt",positive,hiệu_năng
"Màn hình lớn, hiển thị sắc nét, xem phim rất đã.",positive,màn_hình
"Khi nào sản phẩm có giá tốt nhất trong năm nay, shop liên hệ qua zalo giúp em được không ạ",neutral,giá
"Máy tốt giá hời ,không có gì phải bàn cãi ,mua hàng tgdd nhiều lần thấy rấc ok",positive,giá
"Tui mua cái i phone 15 cho con tui về nhà hỏi lại người thân kêu tính lại thì thấy lãi 1tr mấy gần 2 triệu bạc không biết nhân viên tính kiểu gì mà dữ vậy , nhân viên nói tui mua đồng hồ tặng đồng hồ nữa . Làm ăn vậy chán quá , cái nào lãi thì nói rõ ràng chứ , chán thế giới điện thoại này khong dám mua nữa giong lừa đảo quá.",negative,khác
May rất ok. Nhưng hài lòng nhất là nhân viên của dmx.rất nhiệt tình với khác hàng,positive,khác
iphone 17 pro màu xanh 256gb giá bao nhiêu shop,positive,giá
"Giá rẻ nhưng đáp ứng được nhu cầu cơ bản, là lựa chọn tốt nếu ngân sách hạn chế.",positive,giá
"Pin tụt nhanh, loa rè.",negative,pin
Máy ổn. Mà nhân viên tệ mình bị quên mật khẩu nhờ của hàng hổ trợ. lên nhân viên ko thèm coi kỹ đứng luôn ngoài cửa bảo phải đem lên hãng 1015 ngày. Không nhiệt tình như lúc mua tức quá cầm về luôn. trong khi máy mới lấy 2 ngày trước chưa sạc luôn. Ghét quá đem qua nhờ bên fpt họ kêu mua bên tgdd mà họ ko hỗ trợ anh hả thôi để em lại cho xin cái imei của máy cái chạy lại 1 tiếng là xong. còn nhiệt tình hỗ trợ nữa. Chắc lần cuối mua ở tgdd,negative,loa_âm_thanh
Mình mua ở điện máy xanh chưa được 1 tháng nhưng đt mới để qua đêm đã bị tụt 35% pin,negative,pin
dmx có red mi turbo 3 thì ok máy này ngon mạnh bền đẹp,positive,thiết_kế
tân sinh viên mua ip15 có được ưu đãi gì k,neutral,khác
Em muốn trả góp điện thoại ip 13 128gb,positive,khác
Máy đêm k dùng gì tắt hết wifi 4g sáng dậy tụt 10% bin mới mua đc 10 ngày,negative,khác
FPT shop Chùa Bộc Hà Nội còn hàng không e?,neutral,khác
Dùng OK. Mượt mà. Mặt lưng giống như con cáo cấp,positive,khác
Sài rất tốt,positive,khác
giá 4790k có kèm khuyến mãi quà tặng gì k ạ,neutral,giá
Oppo A5 pro 5G rất tốt mọi thứ đều ok,positive,khác
có hàng sẵn kon tum ko ạ?e muốn mua 17 pro màu cam 256gb trả góp ạ,neutral,khác
"Máy khá lag, chơi game nặng thì k nên mua,mk chơi tốc chiến cứ bị đứng máy... khá thất vọng",negative,khác
"Sản phẩm bị lỗi, khi lắc nhẹ nghe tiếng lạch cạch bên trong máy, cứ như có vật thể lạ trong máy cảm giác rất khó chịu",negative,giá
Có thu iPhone 12 pro max để mình mua xiaomi này ko,negative,khác
"Thỉnh thoảng đơ nha, miếng dán màn hình tự mua tự dán chứ tìm quán có dán cũng khó mn ạ. Pin hao cũng nhanh đó.",negative,pin
"pin 5,000 mAh sử dụng thoải mái cả ngày, cùng với công suất sạc nhanh 45W giúp sạc đầy pin chỉ trong khoảng hơn 1 giờ cũng khá nhanh",positive,pin
máy sài quá tuyệt vời,positive,khác
Đây là đập hộp đúng không ạ? Có nhận trả góp không ạ?,neutral,khác
Chi nhánh Phạm Văn Chiêu GV có hàng mẫu để xem ko ad oi,neutral,khác
Mình có máy oppo a54 bị chay pin đổi qua máy này được không ạ,negative,pin
Đang trả góp điện thoại này liệu đổi trả máy được hông dạ,negative,khác
Dạ cho mình hỏi ip17 pro màu bạc 256gb bản zp/a giá hiện tại là bao nhiêu ạ?,neutral,giá
"Mình dùng iPhone 16 Plus để học online và giải trí, màn hình to nên học thoải mái hơn hẳn. Hiệu năng mạnh giúp chạy app học tập mượt mà, không giật lag.",positive,màn_hình
Chào ạ. Mình mua máy được 5 ngày thì phát hiện Loa bị rè. Trường hợp này máy có được 1 đổi 1 không ạ. Cảm ơn,neutral,loa_âm_thanh
iphone 13 này hànng mới đập hộp hả shop,neutral,khác
Giao nhanh lắm không shop?,negative,hiệu_năng
Loại này 4g hay 5g,positive,khác
Muốn mua làm quà tặng. Shop có giao tới nhà rồi sang dữ liệu máy củ k,neutral,khác
"Mọi thứ đều ổn riêng camera sau khi chụp gần khoảng 15 cm là bị mờ ,vỡ ảnh",negative,camera
ip15 pro max lên đờ ip17prm thêm bao nhiêu nữa ạ,neutral,khác
Máy có bao nhiêu camera sau? Các tính năng nổi bật là gì?,neutral,camera
E đag dùng 140rm trắng zin pin 83 bản vn 128g muốn lên 17prm 256 thì thêm bn ạ.,neutral,pin
Ở chi nhánh vòng xoáy ngãi giao châu đức bà rịa vũng tàu có hàng sẵn không ạ,neutral,khác
rất tốt nhân viên nhiệt tình rất ok,positive,khác
Đặt hàng thì mấy ngày nó mới về,neutral,khác
"Tư vấn dùm mình gói trả góp 17pro 256gb màu cam ,trả trước 30% góp 6 tháng bên home credit",negative,khác
Máy sử dụng camera chừng 3 phút là nóng ran Mua đúng 1 ngày bị lỗi. Nhân viên DMX xác nhận lỗi nhưng không cho trả máy mà hẹn 1 ngày sau mới đổi máy. Quá chán với trải nghiệm này nên đã phải trả lại và mất 20% phí. Vậy là mất hết 4.5 triệu và vài trăm ngàn tiền miếng dán chính hãng nữa Gần 5tr cho 24 giờ sử dụng Iphone 16 Thật là 1 trải nghiệm đắt giá Khuyên các bạn tìm hiểu kỹ chính sách đổi trả cũng như kiểm tra độ nóng của máy khi sử dụng camera trước khi mua. Con nào cũng rất nóng nhưng con mình mua thì nóng hơn,neutral,camera
"Công nhận quả này hơi chát thật, cũng lăn tăn. Ra shop bên Thái Hà trải nghiệm. Chip Snapdragon 8 Elite Gen 5 nó khác hẳn, mượt không có điểm chê, thôi thì cố tí mà dùng lâu dài",negative,hiệu_năng
Bên mình có hỗ trợ trả góp 12 tháng ko ạ,neutral,khác
cửa hàng trên đường nguyễn văn quá hoặc đường lê văn khương quận 12 tphcm redmi14c còn hàng ko sop,neutral,khác
"Mới mua xong ở fpt thật sự máy rất đẹp luôn mn ạ , sản phẩm đáng được trải nghiệm",positive,thiết_kế
ip 14prm 256 nguyên zill đồi lên 17prm 256g cần bù bao nhiêu ạ,neutral,khác
Hao pin quá. Bây giờ có đổi đc cái khác không,negative,pin
Máy có bị nhảy quảng cáo không bạn,negative,khác
"262 Nguyễn An Ninh, Dĩ An, Bình Dương, Việt Nam cửa hàng còn hàng ko ạ?",neutral,khác
"Mình vừa mua hôm qua, tại cửa hàng FPT Nguyễn Văn Linh Đà Nẵng, nhân viên phục vụ rất tận tình. Máy chạy mượt mà. Rất hài lòng về cả chất lượng DV và máy.",positive,hiệu_năng
giá này còn không ạ,negative,giá
Chạy vậy hoài,positive,khác
"Với cấu hình và giá, Reno13 F 5G 12GB là lựa chọn hợp lý cho người cần máy mạnh nhưng không quá cao cấp.",neutral,giá
"thiết kế liền mạch viền mỏng , máy đẹp y như hình ,lần đầu đặt hàng tại shop nên khá bật ngờ về khoản chăm sóc tư vấn khách hàng khá chỉn chu",positive,thiết_kế
Mình muốn mua trả góp tfc 5tr có đc k shop,neutral,khác
dạ cho e hỏi trả trước 4tr thì mua trả góp 12th là bao nhiêu ạ,neutral,khác
tại shop thì giá là bao nhiêu ạ có ưu đãi gì không,neutral,giá
15 prmax Việt Nam! Titan tu nhien pin 85 hinh thuc ko vết xuoc len 17 prm 256 g màu trắng bù bn chả gop ko,negative,pin
"Cho mình hỏi máy mình mua dùng đc 1 tháng , có dấu hiệu , máy đen nhưng có vài nốt chấm màu trắg lsao ạ",neutral,khác
"Giao hàng nhanh, hướng dẫn chu đáo, thái độ vui vẻ tận tình!",negative,hiệu_năng
hiện tỉnh cần thơ thốt nốt còn máy Xiaomi Redmi 13x 8GB 128GB k ạ,negative,khác
Bảo hành rơi vỡ Bolttech cho iPhone 879.000đ1.099.000đ,negative,khác
Muốn đổi từ s24fe lên s25,positive,khác
bật cảm biến tiệm cận ở đâu ạ,positive,khác
Đặc quyền HSSV - Giáo viênGiảm ngay200.000đXác thực ngay,positive,giá
"Màn hình để chế độ sống động cho đẹp, chứ chế độ mặc định nhợt nhạt lắm Khi xem ảnh, video trong bộ sưu tập thì nên tắt chế độ ProXDR đi để tránh thất vọng khi gửi qua máy khác vì chế độ đó tăng sáng cho ảnh, video trong máy rất cao so với thực tế.Chụp ảnh chọn bộ lọc 800T trông nghệ hơn.Tối ưu xong pin mới tốt ae ạ Cứ set hạn chế pin chạy nền các app không cần thiết, màn hình để full hd+, tắt quét liên tục wifi với bluetooth trong vị trí, set 1 sim về 3G nếu đang dùng 2 sim,... là ổn Bạn nào gần TTBH Hãng OPPO thì có thể ghé để dán miếng dán theo máy 2 lần/ 1 năm.Phần mềm thì FB tối ưu chưa ok, xem reel bị mất phần dưới.Khá to và đầm tay, cảm giác cầm nắm như 16 PRM, nút chụp ảnh tiện để mở máy ảnh nhanh thôi, còn lại khó dùng hơn trên ip.Đánh giá 9/10 điểm.",negative,pin
"Mới mua chưa đc 1tháng, dùng cũng mướt nhưng lâu lâu đag vào ứng dụng và treo và tự thoát ra, ko hỉu lý do",negative,khác
"Rất tốt, mượt và camera chụp hình đẹp sắc nét",positive,camera
Xài ổn định mượt mà,positive,khác
Sử dụng thẻ tín dụng có km gì ko ạ,neutral,khác
Không có NFC quét CCCD nhỉ,negative,khác
Đổi iPhone xs max máy đẹp lấy iPhone 13 bù bao nhiêu shop,positive,thiết_kế
Mới dùng nên thấy ổn,positive,khác
"Màu titan sa mạc ngoài đời nhìn khá đẹp, điện thoại dùng mượt, hiệu năng ok.",positive,thiết_kế
"Giá niêm yết là 12 triệu , mua online sẽ giảm thêm 2.7 triệu là còn 9,3 triệu đúng không shop",neutral,giá
Vẫn giữ giá cao nhỉ,negative,giá
"iPhone 17e 256GB(00926263)Phân loại: 256 GB, Trắng17.790.000đ17.990.000đ-1% Mua ngay Trả góp(Chỉ từ 750.491đ)",positive,khác
Điện thoại này có hỗ trợ thẻ nhớ microSD không?,neutral,khác
Bảo hành rơi vỡ Bolttech cho iPhone 879.000đ1.099.000đ,negative,khác
"Tại sao iPhone 16 prm lại chụp ảnh mờ hơn các loại ip khác, màu không đẹp",negative,camera
"đổi máy note 20 ultra máy ko trầy xước, nhưng bị 1 sọc màn hình thì thu cũ giá sao shop?",negative,màn_hình
Máy dùng rất OK,positive,khác
Máy mua chưa tới 1 tháng kết nối wifi chập chờn có khi tự out wifi còn lại mọi thứ đều ổn,neutral,khác
"16GB + 512GB cấu hình mạnh cân mọi tác vụ, không phải lo lắng về bộ nhớ hay hiệu năng trong thời gian dài.",positive,khác
Điện thoại rất tốt,positive,khác
Sản phẩm rất đẹp,positive,thiết_kế
"Đã mua ip 17 pro trước tết 2026 và có trãi nghiệm rất tệ. Máy sài cực kì nóng nhưng đem ra cửa hàng bảo do chưa cập nhật phần mềm nên nóng, ok mình cập nhật phần mềm lên và máy vẫn rất nóng. Bên cửa hàng ko chịu đổi cho mình họ bảo mức độ nóng này chưa tính là nóng, khi nào máy nóng mà tự sập nguồn luôn thì mới tính là nóng.Mình đã bỏ tiền ra mua sản phẩm mà mà sài trong sự bất an rất sợ tình trạng cháy nổ của ip nên mình đã phải trả lại sau hơn 1 tuần sử dụng và mất 20% vì cửa hàng hoàn toàn từ chối trách nhiệm. Hơn 10 năm tin tưởng và sử dụng sản phẩm của TGDD và đây là lần cuối. À mình đã mua lại 1 cái ip ở cửa hàng khác, sau thời gian sài thấy khá là ổn áp nên mình mới viết bài đánh giá này",positive,giá
Có hàng FPT ở trảng bàng ko vậy,neutral,khác
"Mình vừa mua cho con trai hôm qua 19/10 tại điện máy xanh thôn tử dương xã Tô Hiệu, Thường Tín HN theo quan điểm của mình thì cửa hàng có cháu gái quản lý ở đó mình không nhớ tên cháu, nhưng cháu rất nhiệt tình hướng dẫn sử dụng máy, các nhân viên rất lịch sự, nhiệt tình. Mình dsax mua và mua hộ rất nhiều máy của cửa hàng, rất uy tín và đảm bảo chất lượng",positive,khác
"Máy 128 vs củ sạc giá bao nhiu. Với minh mun mua gop trả trước 0đ, thời hạn 9 thang",negative,giá
Điện thoại cũ còn lên nguồn nào cũng được đổi với giá 300k hay sao ạ.,negative,giá
mình xin giá iphone 15 256gb ạ,neutral,giá
mát mượt xài rất tốt giá ok hợp lý,positive,giá
Mua bị lỗi wifi có được bảo hành ko ạ,negative,khác
"Sản phẩm này còn tại chỉ nhánh sơn là, hát lót k",positive,khác
Máy sài mượtphù hợp với túi tiền.cả nhà tôi điều sài redme.,neutral,giá
mh mua s25 ngày 29/8 mọi thứ đều ổn.chỉ có gọi video zalo là bị vàng có cách nào khắc phục không qtv.mình đã gỡ cài đặt tải lại và khởi động máy mà cũng không hết.dùng điện thoại khác gọi thì rất ok..chỉ s25 gọi là hình bị vàng..,negative,khác
"Máy chạy êm hơn khi đa nhiệm so với bản 4GB, ít giật khi chuyển app.",neutral,khác
Mái mới mua về gọi video chập cờn bên người nghe ko nghe dõ lúc được lúc không đi bảo hành kt 15 ngày ko ra lỗi về dùng vẫn thế chất lượng dịch vụ quá kém,negative,khác
ip 15 mình góp trả trước 2tr được k ạ,neutral,khác
"Sản phẩm tìm kiếm nhiều: Macbook Neo | Samsung A37 | Samsung A57 | Samsung S25 | Samsung A56 © 2007 - 2024 Công Ty Cổ Phần Bán Lẻ Kỹ Thuật Số FPT • Địa chỉ: 261 - 263 Khánh Hội, P. Vĩnh Hội, TP. Hồ Chí Minh • GPĐKKD số 0311609355 do Sở KHĐT TP.HCM cấp ngày 08/03/2012.GP số 47/GP-TTĐT do sở TTTT TP HCM cấp ngày 02/07/2018Điện thoại: (028) 7302 3456 Email: fptshop@fpt.com Chịu trách nhiệm nội dung: Nguyễn Trịnh Nhật Linh.",neutral,khác
"Vừa ra shop chỗ Định Công test thử con S26 xong, công nhận mỏng dính luôn. Cầm nhẹ tênh mà sang thực sự, quả màu mới nhìn ngoài đời cuốn hơn trên ảnh nhiều. Đã cọc chờ ngày nhận máy thôi.",positive,khác
"Quá ưng lun mn Máy siêu mượt, pin trâu cày cả ngày ko lo, thiết kế trẻ trung nữa",positive,pin
Sa a56 này chơi game có mượt ko shop,neutral,khác
"tui có máy S23 plus 256 gb bị sọc 2 màn , tui muốn mua máy S25 plus thì bù số tiền còn lại bao nhiêu",neutral,màn_hình
"Mình không rành công nghệ nhưng dùng iPhone 16 Plus thấy rất dễ. Máy mượt, pin trâu, và chụp ảnh gia đình đẹp lung linh. Rất đáng đầu tư",positive,pin
Có dự kiến màu bạc bao g về thêm chưa shop,neutral,khác
14 thường e muốn đổi lên 17 prm thì phải bù bao nhiêu ạ,neutral,khác
"Sài max êm lun á mn 8GB RAM đa nhiệm mượt, pin siêu trâu, thích dã man luônnn 🤩",positive,pin
Sản phẩm dùng rất tốt,positive,khác
"mình ở quảng ngãi và muốn mua ngay hôm nay, shop còn hàng không nhỉ",neutral,khác
Dùng khá ok. Pin khá trâu,positive,pin
iPhone 15 128GB tại 145 Nguyễn Thị Minh Khai Hồ Chí minh còn hàng và đủ màu không em,neutral,khác
Nói là lỗi 1 đổi 1 trong 1 tháng đến lúc gửi đi bảo hành thì bảo ko lỗi chạy lại mỗi phần mềm và chạy lại ko cho đổi máy khác trong khi đó các chỗ khác vẫn cho đổi,negative,khác
ip13 cơ sở Phạm Văn Đồng còn hàng không ah,neutral,khác
"Con này bản 128gb còn hàng ở phường Hà Tiên, An giang ko b",neutral,khác
Lúc tôi mua đt có mua gói bh 1 đổi 1 trong 11 tháng. Giờ đt t mua đc 5 tháng thì bị lỗi pin mang ra cửa hàng thì nv bảo ko cho đổi vì từ tháng thứ 2 trở đi dù có lỗi rõ ràng đi nữa cũng phải gửi về hãng. Vậy sao lúc t mua bh ko tư vấn cho t vậy đi mà bảo 1 đổi 1 trong 11 tháng Giờ là t quyết định mang đt về xài hư t mua cái mới và sẽ ko ủng hộ ở đây thêm một lần nào nữa,negative,pin
Hết ngày mai là giá trở về bao nhiêu ạ,neutral,giá
Ở Ninh bình có chi nhánh nào còn điện thoại pôc M7 pro này k shop,neutral,khác
"Pin 5110mAh + sạc nhanh 45W rất hữu dụng, dùng cả ngày ,sáng đi làm, chiều chụp hình + sử dụng mạng xã hội thì vẫn còn pin tới tối, sạc nhanh mất chốc lát là đầy.",positive,pin
"Máy nóng, mau tuột pin Hơi tiếc khi bỏ ra gần 32củ mua",negative,pin
E Muốn trả góp thì làm sau ạ,negative,khác
iPhone 16 Plus có thể chơi game nặng không?,neutral,khác
"Nếu bạn thích máy sáng nổi bật, màu trắng ngọc rất hợp; nếu thích tối lịch sự thì màu đen ánh tím cũng đẹp nên ra FPT shop để xem, bên ngoài đẹp hơn cả trong ảnh",positive,thiết_kế
máy sài ok chưa lỗi lầm gì pin ổn ios đúng nó ở tầm khác thật wf dùng 7h liên tục chỉ youtobe tik zalo ios 18.5,positive,pin
"Có giao tỉnh khác không shop, mình ở Nam Định",neutral,khác
iPhone xsmax 256gb lên 17 thường góp thêm bao nhiêu?,negative,khác
xin giá 17pro 256 màu xanh tại tây ninh,neutral,giá
Pin tụt nhanh tắt nguồn khởi động lại tụt mấy phần trăm,negative,pin
"Nếu mà so sánh cấu hình máy Xiaomi redme 15 c này với máy bây giờ em đang xài Xiaomi redme 13 c thì câu hình 15 c này có mạnh hơn 13c ko ,k a hay yếu hơn a em sắp đổi điện thoại định tìm máy nào dưới 4 tr pin trâu sạc nhanh",negative,pin
Trừ hết quà thì giá bao nhiêu ạ,neutral,giá
Mua máy sao lại không phải VNA mà lại là ZPA. Khá nhiều lần mua ở tgdd rồi nên tin tưởng không kiểm tra. Mua hồi chiều xong tối về cài lại máy mới thấy. Mà khi mua cũng không thấy nhân viên bên cửa hàng báo gì luôn,neutral,khác
Máy này có phiên bản 12g 256g ko vậy shop,neutral,khác
Máy Sài rất ngon rất OK chụp ảnh quay phim nét căng,positive,camera
điện thoại mới mua 27/5/2025 đến nay 15/10/2025 điện thoại bị tụt pin xuống còn 97%,negative,pin
"Reno 15F 5G, loại ram 12g, bộ nhớ 256g, trả góp bao nhiêu 1 tháng.",neutral,hiệu_năng
"Ở cơ sở 51A Hải Triều,Quán Toan, Hồng Bàng,Hải Phòng còn hàng không shop",neutral,khác
Em muốn hỏi trả góp ip13 thì bao nhiêu tháng và bao nhiêu tiền 1 tháng ạ,neutral,giá
"Shop đóng gói kỹ quá, giao hàng nhanh chóng. Nhân viên nhiệt tình tư vấn giúp mình chọn sim phù hợp luôn.",positive,hiệu_năng
máy này có hàng ở Thái Nguyên k a j,negative,khác
Phía trong camera có 2 hạt bụiEm mua được 3 hômThế có được bảo hành do bụi trong camera không ạVà nếu được bảo hành thì chính sách như thế nào ạ,negative,camera
Mua 15 plus cần trả trước bao nhiêu phần trăm giá trị máy,neutral,giá
Long xuyên An giang có 17 màu trắng 256gb không shop,positive,khác
giá online và giá mua tại shop khác nhau ko,neutral,giá
Xài ổn định mượt mà,positive,khác
"Điện thoại mua 7 ngày, không sử dụng để qua đêm tụt 4,5 phần trăm bị lỗi phải ko",negative,khác
Cho mình hỏi S25 Ultra 512 ghi giảm 6 triệu nghĩa là giá đang là 31 triệu giảm 6 triệu là còn 25 triệu phải không FPT,neutral,giá
S mà dt toàn quay 5g j kỳ v. Mà chup hinh thua xa reno 2f ngay xua,negative,khác
Áp dụng ưu đãi đến 30/6 sao giờ lại giá cũ rồi ạ,neutral,giá
"lỡ làm hư đt củ nên mua đỡ xài, nó phù hợp cho người lớn tuổi dễ tính thôi ae, hình ảnh coi bị bể,lag và chậm hơn xiaomi ae",neutral,khác
có hỗ trợ thu cũ đổi mới được không ạ,neutral,khác
"Xưa giờ mua ở TGDD thì chưa phải đổi trả lần nào nhưng mới đây mình mới mua Iphone 13 thường sử dụng 4 ngày thì có hiện tượng thi thoảng có màu đốm lạ trên màn hình, mang ra nhân viên kỹ thuật thẩm định để đổi trả thì giờ bắt mang đi hãng hẹn 1 tháng trời trong khi mình còn công việc nữa nên việc mang điện thoại đi trong thời gian lâu rất là bất tiện, mìng thấy bên cửa hàng giới thiệu khi mua thì lỗi gì đổi nấy trong 1 tháng, mà giờ mang ra thì lại nói mang đi thẩm định trong vòng 30 ngày thì thất vọng quá ạ",negative,màn_hình
Cho em hỏi là ra cửa hàng mua màu hồng 128gb giá vẫn như vậy hay có tăng lên không? bên mình có chương trình giảm giá cho HS SV không ạ?,neutral,giá
spham có ở bồng sơn k shop,neutral,khác
"Mua 1 em Deep Blue 256GB mua từ 19/9/2025 . 1 em Silver 256GB mua 6/10/2025 trải nghiệm cực kỳ tốt, pin cực kỳ trâu , tiếc là chủ nhật ngày 12/10/2025 thì thằng bạn ra uống bia , mình đi rửa bát nó tháo cả cái ốp 1 củ 4 của mình ra và làm rơi em màu Deep Blue và bị móp mất . Cái kết có hậu lại được đổi 1 em màu Silver mới V . Thế là có 2 em Silver rồi",positive,pin
"Màn hình AMOLED + viền mỏng giúp máy nhìn đẳng cấp hơn, xem phim và chơi game đều đã mắt.",positive,màn_hình
Em muốn đổi đt 16 pro lên 17 tím oải hương ạ nma do dt em bị vỡ màn hình r thì bên mik còn thu mua k ạ,negative,màn_hình
Mấy màu admin?,positive,khác
Pin rất ok.,positive,pin
"Pin tốt khi dùng hỗn hợp, nếu bật màn hình độ sáng cao thì có tụt nhanh hơn.",negative,pin
iphone 17 đã có sẵn hàng ở Đà Nẵng chưa shop?,neutral,khác
Cảm biến vân tay không nhạy lắm còn những thứ khác rất tốt . Sạc siêu nhanh chỉ khoản 30 phút . Nhân viên thế giới di động rất nhiệt tình,positive,hiệu_năng
Xài hơn 1 tháng đeo ốp lấy ra lau thấy hiện tượng bông tróc viền,negative,khác
"Cường lực tệ, dây USB rơi nhẹ vào là lõm ngay",neutral,khác
Phụ kiện của máy gồm có z ahh?,neutral,khác
Rất Hài lòng về sản phẩm trong tầm giá này,positive,giá
FPT đối diện vincom ( Biên Hòa cũ ) còn hàng k ạ,neutral,khác
thời gian bảo hành là bao lâu?,negative,khác
"Giao hàng nhanh chóng, hỗ trợ chuyển đổi dữ liệu khi giao hàng quá tiện lợi",positive,hiệu_năng
nhân viên Siếu tư vấn nhiệt tình,neutral,khác
Xài thấy mau hết pin gam 12 ma chay yêu xíu,negative,pin
Còn 15 thường đập hộp không shop,negative,khác
Đặc quyền HSSV - Giáo viênGiảm ngay200.000đXác thực ngay,positive,giá
"máy new đập hộp về để qua đêm không sử dụng,đã tắt wf,4g mà pin tự tụt 7 đến 10% 1 đêm",negative,pin
dmx có red mi turbo 3 thì ok máy này ngon mạnh bền đẹp,positive,thiết_kế
Ngon hơn s23. Đáng tiền,positive,giá
Mình tin tưởng TGDĐ và giá này tốt nhất rồi. Đt xịn đẹp,positive,giá
Pin tụt rất nhanh,positive,pin
Mới mua đc 3hôm đã hạ 5lít dùng ổn pin trâu 2ngày ko phải sạc,positive,pin
ở chỗ Bảo Thắng Lào Cai không có à shop,negative,khác
Giảm 2.200 áp dụng tới 25.10 thì giá cuối là bn ạ,neutral,giá
Ko còn bản 256 gb hả shop,neutral,khác
Chưa được 1 tháng mà sao đôi khi màn hình trắng cần bảo hành,negative,màn_hình
"Tặng túi lộc 3,700,000đ áp dụng đến 14/02 : nội dung này là thế nào nhỉ",neutral,khác
Giá 17promax trắng ngày 3/3 thế nào shop ơi,neutral,giá
"Máy ổn định, pin trâu, màn hình đẹp.",positive,pin
"Máy xài mượt , tốt !",positive,khác
trả góp 0 phần trăm với điều kiện gì,negative,khác
"Tôi đã dùng điện thoại Samsung nhiều năm, máy chạy ổn định và rất bền. nay đổi qua conSamsung Galaxy A07 tại FPT Shop là lựa chọn an toàn và đáng tin cậy",positive,khác
"Mình mới sử dụng nên chưa đánh giá đc nhiều máy đẹp, cứng cáp, mượtCó 1 vấn đề không hài lòng, có chương trình trợ giá dán cuong lực cho máy mà cửa hàng lại không dán miếng dáng cường lực cho máy. báo hết toàn hệ thống, vậy trợ giá này không sử dụng đuọc phải ra ngoài ý.",neutral,giá
Sản phẩm còn hàng ở lục nam bắc ninh không shop,positive,khác
Sp tốt camera chụp đẹp chơi game mượt nhưng chưa nhận dc loa,positive,camera
Còn máy ở khu vực bình tân ko ạ,neutral,khác
"Máy ổn định, pin trâu, màn hình đẹp.",positive,pin
Ko biết bên FPT có hỗ trợ thay pin Silicon Carbon cho Xiaomi 15T Pro ko ạ,negative,pin
"Sao giá ở phường mỹ tho, đồng tháp là 3.490.000 vậy, mình thấy shop bình luận là 3.290.000 mà",neutral,giá
"Chất lượng sản phẩm quá tệ, máy vừa mở hộp đã bị tróc sơn li ti ở sườn mang về nhà soi kĩ mới thấy, người dùng không thể tạo ra được vết như thế, mình có mang ra chỗ mua để đổi nhưng không cho đổi máy khác, không hiểu chính sách 1 đổi 1 kiểu gì trong khi lỗi của nsx, cả 1 cái điện thoại 35tr chứ có ít đâu, đập hộp mà như mua hàng cũ",negative,khác
"Nếu ngân sách cho phép, bản 6GB là lựa chọn đáng giá vì nâng trải nghiệm sử dụng lên rõ rệt.",neutral,giá
Máy này màn hình hiển thị rõ nét ko ạ,neutral,màn_hình
Tôi vừa mua nhưng rất lag muốn đổi sang dòng khác thì có mất phí không,negative,khác
học sinh lớp 11 có dc giảm tiền k ạ,neutral,giá
"Điện thoại giá rất tốt, xài mượt và chụp đẹp. Fan Ninh Dương with love",positive,giá
"Máy chơi game thì oke, mà chưa có màu tôi ưng",positive,khác
E Sài được gần năm thì khi sạc hay bị chạm điện nút cam ứng camara bên hông,negative,màn_hình_cảm_ứng
Khi nào mới có chương trình sale cho 16 plus 128gb ạ,neutral,khác
1. Mới mua hôm qua. Chạy cập nhật phần mềm mà máy nóng lắm. Pin sụt từ 100% xuống 95% trong vòng có 2 phút. Không biết máy có vấn đề gì không,negative,pin
"Camera hiệu quả, ảnh ban đêm tốt hơn dòng A, chế độ chụp đêm và HDR cải thiện rõ.",positive,camera
"14 128gb trắng giá bn ạ, có hỗ trợ trả góp qua thẻ tín dụng không",neutral,giá
Mới mua con máy này cho mẹ xem video tiktok YouTube xem mượt lắm.,positive,khác
Location: Khách chưa chọn địa chỉ rất hài lòng,positive,khác
Máy cứ bị thoát ứng dụng dung hoài mới Sài chưa đc một tháng máy tệ thiệt nếu bây giờ đổi thì phải ton phí rất nhiều chụp hình cũng xấu thua cả cái Reno 5 cũ,negative,thiết_kế
"Máy ngon, mượt. Lần đầu dùng xiaomi không nghĩ máy được như vậy. Hy vọng máy bền xài được 4 hay 5 năm",positive,khác
Mua nay dc 9 ngày bị đứng màn hình phải khởi động lại 2 lần Thế có được gọi là lỗi Có chính sách đổi trả 1 đổi 1 kh,negative,màn_hình
Mua máy về được 5 ngày thì bị dính 2 lỗi reset và panic máy giật lag pin tuột nhanh đem ra điện máy xanh đổi thì bảo gửi máy mình đi thẩm định trong khi lúc đầu mua thì bảo lỗi là 1 đổi 1 lỗi rành rành ra đó đầu còn mua thêm gói 700k nữa hơn 34tr chứ phải 3tr đâu chán thật sự,negative,pin
"Điện thoại mới mua, chơi liên quân sảnh chờ không có hiệu ứng xuất hiện tướng dù đã tải full và bật đồ họa cao. Dạ, cho hỏi là do điện thoại hay là lỗi",neutral,khác
"Em chào anh chị ạ, e vừa mua 15 plus được 10 ngày sạc pin đc 10 lần pin 100 máy với mới tinh ạ e mua đập hộp ở thế giới di động giờ muốn lên 16 plus anh chị có thu cũ lên đời k ạ , em cám ơn ạ",neutral,pin
"mình thích con này được cái màn hình to 6.9 inch.nghe nhạc, xem video tuyệt vời luôn. có hỗ trợ sạc không dây...",positive,màn_hình
Reno 14 có hàng chưa e,neutral,khác
Sp tốt camera chụp đẹp chơi game mượt nhưng chưa nhận dc loa,positive,camera
Máy hay bị giật lát chậm chạp tôi muốn sản phẩm khác,negative,khác
Shop co thu 15 cu k a,neutral,khác
Co thu lai may sam sung s21 5g bi soc man hih k shop,negative,khác
Sản phẩm dùng rất tốt,positive,khác
"Thích thiết kế mỏng nhẹ, cầm tay đầm, mặt lưng có hiệu ứng màu đẹp, viền kính Gorilla Glass 5 giúp máy nhìn chắc chắn hơn so với máy nhựa rẻ.",positive,giá
Mình dự định trả góp iPhone 15 qua công ty tài chính thì cần những điều kiện và thủ tục gì? Mình cần trả trước bao nhiêu và hàng tháng trả bao nhiêu,neutral,khác
Trả góp trong 6 thang mỗi tháng đóng bao nhiêu shop nhỉ? Và trả trước bao nhiêu?,neutral,khác
Mình mua chưa đc 1 tháng tối ngủ pin còn 90 mà sáng dậy cầm vào điện thoại rất nóng vad hết sạch pin kB bên tgdd bảo hành như nào dùng sợ nổ,negative,pin
Dùng đến bây h ok nói chung phù hợp các tác vụ hiện tại của mk,positive,khác
Ở quốc lộ 10 Yên Tiến Ý Yên Nam Định có sẵn hàng không b?,neutral,khác
"Máy dùng mượt, pin đủ dùng trong ngày",positive,pin
"Anh đẹp không chê vào đâu được, mấy bánh bèo mua con này qua hợp",positive,thiết_kế
trả góp/thẳng thẻ Tín dụng LPBank có được khuyến mãi gì không shop?,neutral,khác
Mua hôm 26/6 dùng tới nay rất ổn định mượt mà màn hình đẹp lên ios 17.5.1 pin hơi yếu so với 17.4 thôi hi vọng ios 18 ra mắt pin sẽ ổn hơn,positive,pin
"Sau 4 tháng sử dụng thấy máy rất tốt, chụp hình quá ok trong tầm giá, pin thì dùng được hơn 1 ngày, cầm nắm rất vừa tay. Sử dụng các tác vụ đều nhanh mượt, đặc biệt máy dùng rất mát, ít bị nóng",positive,pin
giữa samsung galaxy s25 ultra với xiaomi mi 15 ultra thì máy nào chụp ảnh đẹp hơn?,positive,camera
màu trắng ở đà nẵng khi nào có hàng ạ,neutral,khác
Mua máy mất tiền cọc hơn 1tr,negative,giá
Shop cho em hỏi iPhone 17 màu xanh xô thơm 256gb khi nào mới có hàng vậy ạ,neutral,khác
"Máy tốt giá hời ,không có gì phải bàn cãi ,mua hàng tgdd nhiều lần thấy rấc ok",positive,giá
"Máy mát không nóng, pin được cả ngày, nhỏ gọn cầm tay, bữa cầm đi event zoom nét căng, mê Samsung từ lúc có Ninh Dương Hà",positive,pin
Mới mua ngà 20/9 mà nay đã bị sọc màn hình và hay mất sóng,negative,màn_hình
Mở khóa sai mk. Xiaomi 15t pro tự reset,negative,bảo_mật
Nhân viên tận tình sản phẩm tốt,positive,khác
Điện thoại rất hao pin. Dùng pin 51000mAh mà tưởng pin 3000mAh ak. Thời gian sử dụng chỉ khoản 3h là đã xuống duới 20℅ pin rồi. Dù đã tắt chạy nguồn và tối ưu hoá tiết kiệm pin rồi.,negative,pin
Tôi mới mua iPhone 16prm hôm qua. Không biết nên để nguyên iOS 18.6.3. Hay cần lên iOS 26.3 không ạ mong được ad tv thanks,neutral,hệ_điều_hành
"Đã mua và trải nghiệm, cực kì hài lòng nha các bạn",positive,khác
iP15 256gb còn đủ màu ở Hà Nội k shop ơi,positive,khác
"Màn hình AMOLED Dynamic 7,6 inch cho màu sắc sống động và độ tương phản cao.",positive,màn_hình
"dạ em có máy s23 ultra, với 12prm pin 74% bị trầy xước viền đt. Bên mình thu 2 máy đc bao nhiêu và bù bao tiền mới đổi lên 17 ạ",neutral,pin
bên shop có hỗ trợ thu cũ đổi mới kh?,neutral,khác
Dien thoại mau anh sáng xanh trắng tôi k rõ nét.,negative,khác
"ui nọ săn sale được con máy này háo hức nhận hàng, mà shop giao hàng nhanh lắm, máy nhận về tay mới nguyên chưa kích hoạt bảo hành, ngoại quan là ổn rùi đó còn về trải nghiệm có gì e đanh giá sau nha, cho shop 5 sao về khoản giao hàng đã",neutral,hiệu_năng
Mua được vài hôm dùng thấy được,positive,khác
"Hỗ trợ kết nối 5G, mang lại tốc độ truy cập Internet cực nhanh, phù hợp với nhu cầu hiện đại.",positive,hiệu_năng
Camera báo lỗi,negative,camera
Giá ở ngoài có như vậy không ạ,neutral,giá
"Sai lầm khi mua con này.thứ nhất với tầm giá này thì nhiều con khác có màn amoled fulhd con này chỉ hd bể ảnh hết.thứ 2 chính sách tgdd ko ổn ,mới mua máy xog qua 1 đêm muốn đổi con khác thì mất phí 20% tương đương 1tr750k nản thiệt chứ.mọi người nên cân nhắc",negative,màn_hình
hàng rất ok. camera chụp ảnh đẹp. Quay video có chống rung quang học rất tốt. Pin trâu cả ngày làm việc ok. Không có điểm chê trách.,positive,pin
Máy dùng 1 tháng có nhiều quảng cáo tự động tăng ánh sáng màn hình cách khắc phục 2 lỗi trên,negative,màn_hình
"Mình mua và sử dụng củng được vài tháng ròi ,mua vì hàng đập hộp cho an tâm nào dè sài chán ,máy nóng mau tuột pin ,60hz chậm , màu hồng đẹp",positive,pin
Mua máy này kèm sạc không ạ,negative,khác
Máy đẹp..xài êm nha,positive,thiết_kế
Bên mình có thay màn hình do rơi vỡ k ạ,negative,màn_hình
Iphone 15 256gb trade sang Iphone 17 pro bù bao nhiêu shop,neutral,khác
cho hỏi giá iphone 15promax 256g giá bao nhiêu,neutral,giá
Xài xịn khỏi chê luôn. Siêu thị 01 Cộng Hòa nhân viên dễ thương cực,positive,khác
"Camera selfie vẫn luôn là thế mạnh của OPPO, ảnh chụp tự nhiên và rất sắc nét. Màn hình lớn hiển thị đẹp, xem YouTube hay lướt TikTok cực kỳ mượt. Dịch vụ giao hàng của shop rất đúng lịch hẹn, thái độ phục vụ của các bạn nhân viên cực kỳ chuyên nghiệp.",positive,màn_hình
Gọi video rất xấu mess với zalo rất xấu,negative,thiết_kế
15.11.2024 nay vừa mới mua một e ip16 promax 256 đang trải nghiệm. Mong rằng sẽ là một sp tốt nhất của applo,positive,khác
Em xin địa chỉ của mình để em mag điện thoại đến lên đời ạ,positive,khác
Ở Đà Nẵng ko thấy trưng bày màu trắng nhỉ?,positive,khác
Có thu cũ máy 2g không?,neutral,khác
"Mình mua máy hồi 23th7, bây giờ bên tgdd thu lại bao nhiêu ạ",neutral,khác
IP 15 màu xanh dương còn hàng ở chỉ nhánh Quảng Ngãi ko ạ,neutral,khác
"Loa khá rõ, nghe nhạc hoặc xem video giải trí ổn.",positive,loa_âm_thanh
"shop còn 17 256gb màu trắng ở Gia lâm, Hà Nội không ạ",negative,khác
Mẫu này hiện tại có ở khu vực phường lái thiêu TPHCM chưa shop. Sao đặt hàng báo chưa có vậy,neutral,khác
14prm 128gb đã qua sửa chửa. Có thu lại không e. Pin 81%,neutral,pin
Ip15 thường xanh dương còn sẵn hàng kh ạ,neutral,khác
Ổn.mượt. Pin ok.,positive,pin
"Thiết kế mỏng nhẹ, dễ dàng cầm nắm và mang theo.",positive,thiết_kế
Tư vấn giúp mình,neutral,khác
máy này ở TP Hòa bình có sẵn khg b,neutral,khác
"Shop ơi, SS A16 4GB 128GB mua trực tiếp tại cửa hàng có giá là bao nhiêu và có ưu đãi gì không",neutral,giá
"Mua đúng 1 tháng, thừa nhận máy dùng ổn định, cam đẹp, pin không trâu lắm nhưng thừa sức đáp ứng 1 ngày dài làm việc nhiều, nhân viên tư vấn nhiệt tình....nói chung là rất OK.",positive,pin
"Sản phẩm tệ hay do lỗi máy, mình đã đăng nhập hai icloud mới tạo và máy vẫn bị khóa mặc dù mình không làm gì hết.",negative,khác
Mua máy khoản 1 tháng xài rất ok,positive,khác
"Mình mới mua hôm 23/2, màu Vàng sa mạc tại chi nhánh Phước Long, Bạc Liêu.Nhân viên vô cùng nhiệt tình và dễ thương.Cảm nhận khi nhận máy là màu đẹp, màn hình lớn và nặng tay nha.Sau khi sử dụng vài ngày thì mình thấy mọi thứ vẫn khá ổn. Pin khá ok lướt youtube, liên quân, tiktok, facebook cả ngày sạc 1 lần nhưng gọi video thì hao pin hơn samsung rất nhiều nha.Tổng quan lại thì mình vẫn thấy ổn đến thời điểm hiện tại. Vẫn rất đáng mua.",positive,pin
Máy opppo cũ mình mua ở TGDD có đổi mua máy mới đc k ad??,neutral,khác
Nhân viên nhiệt tình quá,positive,khác
Mới mua đc vài ngày pin tuột nhanh hết có cuộc gọi lúc bắt máy đc lúc ko bắt máy đc,negative,pin
Máy có hỗ trợ kết nối 5G không?,neutral,khác
128GB giá cuối bao nhiêu ạ,neutral,giá
"Dạ Phường Tân Thành, Cà Mau IP 15 256GB màu đen còn không ạ?",negative,khác
"OPPO A5i Pro thiết kế mặt lưng rất đẹp, cầm trên tay cảm giác mỏng nhẹ và sang trọng. RAM 8GB giúp máy chạy đa nhiệm mượt mà, mở nhiều ứng dụng cùng lúc không thấy bị lag. Nhân viên FPT Shop tư vấn mẫu này rất phù hợp với nhu cầu chụp ảnh và dùng mạng xã hội của mình.",positive,camera
mua ip16 trả góp thì phải trả trước bao nhiêu tiền,neutral,giá
"Mình trước đây đã từng mua con Redmi Note cũ ở FPT rồi, thấy chất lượng ổn nên lần này mình mua tặng bố một con mới. Shop vẫn giữ nguyên thái độ phục vụ tốt như xưa.",positive,khác
"Mọi người không nên mua máy ở thế giới di động nữa nhéBỏ ra đống tiền nhưng nhận lại máy giật, lang, đơ hơn cả mấy con máy cùi Nên phá sản sớm thì tốt hơn",negative,giá
Sản phẩm tệ hay bi lỗi,negative,khác
Mình đang sài 11pro 64g thu cũ đổi được nhiêu shop,positive,khác
Oppo a96 lên reno13f bù bao nhiêu ạ shop,neutral,khác
"Mình mới mua hôm 23/2, màu Vàng sa mạc tại chi nhánh Phước Long, Bạc Liêu.Nhân viên vô cùng nhiệt tình và dễ thương.Cảm nhận khi nhận máy là màu đẹp, màn hình lớn và nặng tay nha.Sau khi sử dụng vài ngày thì mình thấy mọi thứ vẫn khá ổn. Pin khá ok lướt youtube, liên quân, tiktok, facebook cả ngày sạc 1 lần nhưng gọi video thì hao pin hơn samsung rất nhiều nha.Tổng quan lại thì mình vẫn thấy ổn đến thời điểm hiện tại. Vẫn rất đáng mua.",positive,pin
Đặc quyền HSSV - Giáo viênGiảm ngay200.000đXác thực ngay,positive,giá
Mang vào hiệu cầm đò sao chỉ được giá 3500000 vậy,negative,giá
Mua sử dụng đến nay 6 tháng rồi. Mọi thứ quá ok miễn chê. Của bền tại người. Tránh để tụt pin dưới 10% và hạn chế sạc quá 90%. Giờ pin vẫn 100 OK. Mẹo để pin trâu Vào Trợ năng Chuyển động giảm chuyển động. Vào Màn hình và độ sáng bật Tắt chế độ Trong Suốt. Muốn OK nữa pin trâu như trâu rừng miễn chê thì vào Bảo mật tắt Dịch Vụ Định Vị đi là máy mát như sò lạnh. Chúc các bạn vui vẻ,positive,pin
Chụp hình xấu kinh khủng thua xa ss a50s đời tống nữa,negative,thiết_kế
Pin để ko tự tuột 4%,negative,pin
"Hiệu năng mạnh mẽ nhờ vào chip Snapdragon 8 Gen 3, chạy mượt mà mọi tác vụ.",positive,hiệu_năng
Cho em hỏi máy này chỉ xài đc 1 sim thôi hả,neutral,khác
Pin ko trâu lắm rất thất vọng,negative,pin
Đã mua iphone 14 tại thế giới di động..,neutral,khác
Hết tặng loa hả shop,neutral,loa_âm_thanh
Sản phẩm tốt. Nguyên seal nguyên kiện,positive,khác
Dung lượng pin của OPPO A3 là bao nhiêu?,positive,pin
"iPhone 17 Pro 256GB(00921740)Phân loại: 256 GB, Cam Vũ Trụ34.490.000đ34.990.000đ-1% Mua ngay Trả góp(Chỉ từ 1.448.342đ)",negative,khác
Galaxy S24 FE có chế độ chụp ảnh ban đêm không?,positive,camera
"Sài sướng thật,năm ngoái xài Xiaomi 14t pro .năm nay lên đời vẫn sướng.",positive,khác
iphone 12pro 128gb đã thay màn pin 68 thu bao nhiêu và bù lại bao nhiêu ạ,neutral,pin
"Máy màu xịn xinh dã man10 cho bạn giao hàng nha Vui vẽ nhiệt tình , giao hàng xa như mà rất nhanh",positive,hiệu_năng
Máy chơi game pubg. Ổn định không,positive,khác
"Dạ cho em hỏi bên mình Phường Pleiku, 23 Nguyễn Tất Thành Em nó còn hàng không ạ? Giờ bên mình còn đang mở cửa bán ko ạ",neutral,khác
shop có sẵn máy 17 pro 256gb màu bạc k?,negative,khác
Hệ điều hành của máy là gì?,positive,hệ_điều_hành
Bảo hành rơi vỡ Bolttech cho iPhone 1.399.200đ1.749.000đ,negative,khác
12 pro max 256gb thu lại bn shop,neutral,khác
Đã Sài đc 1thang OK hết tất cả,positive,khác
"Rất rất nên mua nha mọi người, pin cầm khá lâu, mượt, chơi LQ bao phê trong tầm giá.Theo cảm nhận cá nhân, vậy là quá Ok",positive,pin
Mình mua máy được 1 ngày thì phát hiện lỗi gọi video loa mình nói cú bị nhại tiếng mình rất fake. Và nhắn tin thao tác nhanh thì cảm ứng và phần mềm đều bị chậm nhịp. Và nhiều khi bị đơ 23 giây để nhảy số. Rồi khi ấn nhẹ thì k ăn . Ấn mạnh mới ăn. Dùng thao tác nhắn tin cảm thấy rất thất vọng. Vấn đề là máy lúc bị lúc k. Nên nhân viên họ k cho đổi . Bắt mang đi thẩm định 3 đến 5 ngày. Trong máy mới mua 1 ngày. Nói chung mọi người đừng nên mua ip16. Thất vọng lắm. Bình luận có bấy nhiêu câu ma nhắn sai rồi biết bao nhiêu lần. Đến giờ chưa có ai giải quyết cho tôi,negative,hiệu_năng
"Máy mới mua gần dduowjc 1 tháng, mà dùng lướt bình thường bắt wifi mà nhanh tụt quá. Sáng đầy mà dùng chưa đến 1 ngày đã hết pin",negative,pin
Bảo hành rơi vỡ Bolttech cho iPhone 1.399.200đ1.749.000đ,negative,khác
phường đồng xoài tỉnh đồng nai còn hàng không ạ,neutral,khác
Mai ngàyv21 tháng 2 bên mình chi nhánh ở dân tiến hưng yên đã mở cửa chưa ạ. Mình muốn tham khảo ip15 128g màu hồng trả góp 30%,negative,khác
Máy này cam sau quay được 60 fps k ạ,negative,khác
ha nội còn ip 14 không,neutral,khác
Sản phẩm tệ hay bi lỗi,negative,khác
Mẫu này ở Bạc Liêu còn không ạ,neutral,khác
Từ h đến cuối năm e mua còn iPhone 15 kh ạ,neutral,khác
"Thiết kế Find X9 đẹp mê hồn, cầm vừa tay mà sang trọng nữa, mình thích nhất là viền màn hình siêu mỏng nhìn rất đã mắt.",positive,màn_hình
"Máy mới mua 3 4 ngày lúc mua test rất kỹ là khung màn cam rất ok, về dùng được 3 4 ngày thì phát hiện bụi lọt vào camera khả năng bụi nằm sẳn ở cam trong quá trình sử dụng thì nó lọt ra, đã tới cửa hàng ở chi nhánh trên ảnh nhân viên hắc dịch tư vấn nói là lúc mua máy anh phải kiểm tra để đổi ngay lúc đó nhưng kiểm tra thì k có về sử dụng mới phát hiện ra, nhân viên k chấp nhận 1 đổi 1 mà yêu cầu gởi máy lên hãng để bung máy lấy bụi ra trong khi máy mới mua 3 4 hôm mà kêu bung máy lấy bụi ra chứ k chấp nhận 1 đổi 1 do lỗi nhà sản xuất, vậy chính sách 1 đổi 1 nó có tác dụng gì có phải lừa đảo không, tôi không chấp nhận cách xử lí như vậy số tiền không ít mua phải sản phẩm lỗi mà không được 1 đổi 1, tôi mang đi chi nhánh khác thì nhân viên yêu cầu gửi đi hãng thẩm định lỗi rồi mới quyết định đổi máy phải mất tận 15 ngày, lần mua hàng giá trị cao như này khiến tôi cực kỳ thất vọng về thế giới di động, nếu ở bên nước ngoài thì sẽ được đổi ngay lập tức còn mua chính hãng ở việt nam giá cao nhưng bù lại thêm cục tức, bỏ số tiền không ít để mua sản phẩm chính hãng đắt hơn các cửa hàng khác mà chính sách bảo hành quá chán",negative,màn_hình
Mình mua ngày 24 tháng 7 đến này dùng thấy ok. nhân viên hỗ trợ nhiệt tình,positive,khác
có tặng cục sạc ko,negative,khác
Cho hỏi tôi mua 15 plus và có mua miếng dán màn hình nhưng mấy ngày sau bị bong mép.tôi có đến bảo hành và được nhân viên dán lại miếng khác không giống như miếng tôi đã mua trước đó.miếng này có viền đen xung quanh và dày nên cảm giác bấm k được nhạy và mượt.giờ tôi muốn đổi lại miếng dán màn hình nhu tôi đã mua lần đầu thì có mất phí k,negative,màn_hình
Mình dùng cảm thấy chuyển động ko được mượt mà bằng 4g5g khi chơi game liên quân còn khi chuyển sang dùng wifi thì chuyển động mượt mà trong khi đó sóng 4g5g full vạch,negative,khác
"Thiết kế hiện đại, cầm rất chắc tay. Loa ngoài to, rõ ràng. Camera selfie chụp đẹp tự nhiên, không cần chỉnh sửa nhiều.",positive,camera
"Màn hình iPhone 14 thường hơi nhỏ, tầm 6,4in thì OK hơn",negative,màn_hình
"Màu titan sa mạc ngoài đời nhìn khá đẹp, điện thoại dùng mượt, hiệu năng ok.",positive,thiết_kế
"mới mua 17 thường 1 tháng,mang hình đã bị tình trạng nhoè video",negative,khác
"Máy mua 1 tuần lỗi đơ màn..pin nhanh hết, để qua đêm k dùng vẫn tuột 6%.nói chung là thất vọng",negative,pin
Pin tuột như tuột máu . Lâu lâu còn bị lag đứng yên rất khó chịu,negative,pin
"Hải đã mua trưa hôm qua, máy ngon lành D",positive,khác
Oppo reno 11f có đổi đc không shop,neutral,khác
Dùng tốt so với giá tiền,positive,giá
Máy đẹp pin trâu,positive,pin
15promax 256 muốn lên 17promax 256 cam thì cần bù bao nhiêu vậy shop,neutral,khác
Dùng rất ok,positive,khác
"Tôi mua 17prm 256GB với giá 37.990.000Nhưng không được tặng kèm bất kì cái gì cả Đến tấm kín cường lực cũng phải mua với giá 198.000Các phiếu mua hàng giá trị còn lại không được cung cấp Trong hoá đơn có ghi , nhưng tôi không hề nhận được Phải chăng nhân viên thế giới di động đã ăn chặn các phiếu mua hàng đó của tôi Tôi mua ở TGDĐ xã Gio Linh tỉnh Quảng Trị huyện Gio Linh cũ",neutral,giá
Hàng quá đẹp,positive,thiết_kế
"Mình đã mua chiếc điện thoại iphone 16 promax 256 gb tại cửa hàng TGDD Đường 30/4, An Phú NK, Cần Thơ mua lúc 01/08/2025. Mới ngày đầu đã sạc không sử dụng gì pin cũng đã tụt từ 76 đến còn 70 phần trăm ra nhân viên kxy thuật bảo đó là chuyện bình thường không sử dụng ứng dụng gì cũng tụt. Quá thất vọng vì bỏ ra số tiền lớn mà không được đổi máy mới mà còn đi thẩm định trong thời gian quá lâu đến tận 15 ngày",negative,pin
Mới mua hôm qua máy mượt pin trâu,positive,pin
100% tụt xuống cực kỳ nhanh thành 95,positive,hiệu_năng
Sao mình mua con 25 thường đập hộp ở tdđ nhơn trạch mà không có chữ sam sung mặt sau ta,negative,khác
Shop cho mình hỏi khi mua ip13 thì có bao gồm củ sạc và kính cường lực k shop,neutral,khác
Cho em hỏi iphone 14 màu xanh dương mua trả góp trả trc bao ạ. Em khồn dùng thẻ tín dụng ạ,neutral,khác
"nhân viên shop giao hàng , hướng dẫn rất nhiệt tình . sản phẩm rất vừa ý .",positive,khác
ip 14 màu tím bên mình hết hay còn ạ,neutral,khác
Tháng đầu tiên pin dùng được 1 ngày qua tháng t2 1 ngày phải sạc 2 lần,neutral,pin
"đã mua ở tgdd dùng được 5 tháng, ngày sạc 2 lần, mà 2 tuần trước check pin là 99%, mà giờ vào xem thì nó tụt xuống 95% mà chỉ nghe gọi, chơi game nhẹ, mà tụt ghê thật, spham quá tệ",negative,pin
"Máy mình mua hồi tháng 1 mà cứ xảy ra lỗi hoài đến giờ thấy chán luôn. Máy thường xuyên đơ lag, cảm ứng thì không nhạy, đến giờ thì bị liệt cả ứng một góc, phải nhấn mạnh mới ăn được. Không biết bảo hành thế nào đây. Biết vậy ngay trong tháng đầu trả máy luôn cho rồi.",negative,màn_hình_cảm_ứng
Rất đẹp dùng rất tốt,positive,thiết_kế
Dt 16 promax mình mua sao mạng yếu hơn đt iphone khác vây vô cty trước đt cũ 11 promax mạng mạnh lắm mà đt này toàn chữE ko vậy shop.mong shop tư vấn hay do ios cũ có nên lên 26.3 ko,negative,hệ_điều_hành
Trả góp trước 10 phần trăm được kg,negative,khác
Em có con sxm 256g máy 98 muống đổi lấy con 13 bù bao nhiêu,neutral,khác
Rất ok ạ dùng cho ng già ng lớn tuổi giá cã hộp lí nhá,positive,giá
Loa ngoài có vấn đề.lúc to lúc nhỏ.tgdd có kiểm tra cho mình ko.nhất là âm chụp màn hình.lúc to nghe rất rát.,neutral,màn_hình
ở Rạch giá ( kiên giang cũ ) cửa hàng nào có X7 ? giá bao nhiêu ?,neutral,giá
Dung lượng pin dùng tạm ổn,positive,pin
Cho mình hỏi không có bản 12gb ạ?,neutral,khác
Quá mượt so với 15prm,positive,khác
"Cảm giác gập mở của Flip7 mượt tay, bản lề chắc chắn, nghe tiếng “tách” khi đóng lại cực đã, cầm đi đâu ai cũng ngoái nhìn vì quá lạ mắt.",positive,giá
Máy này phần viền của máy mỏng ko ạ,negative,khác
"Cá nhân mình sd đến hiện tại vẫn ok nha. Mua cũng đã đc gần 1 tháng rồi nhưng mọi thứ vẫn ok, từ pin đến các chức năng của máy. Chị nhân viên cũng tư vấn rất nhiệt tình, hỗ trợ mình rất nhiều. Thực sự rất đáng để mua",positive,pin
Ở phường Sa Đéc có không ạ,neutral,khác
Sài rất tốt,positive,khác
mình mua gan 1 nam roi thay xai rat tot pin thi ok,positive,pin
Banh nhân viên giao hàng rất nhiệt tình,positive,khác
Mua được 6thang thi con 99%pin hơi thất vọng,negative,pin
"máy mới mua 2 ngày. pin để chế độ thường thấy mau hết lướt fb, zalo không không cũng thấy tụt pin nhanh. Khi sạc đầy Pin mở Wf để qua đêm pin tụt 2% trong khi đó cả đêm k dùng.",negative,pin
Mình có poco x7 pro lại phan thiết ko ạ,neutral,khác
Hơn 10h tối t7 shop còn mở ko😅,negative,khác
Tôi đứng hon 1 tháng rồi. Nhìn chung là máy rất ổn. Tuy nhiên tôi nhận thấy mấy bát wifi và phát wifi hoi kem. Tình năng điều khiển mi không sử dụng đc.,positive,khác
Mới mua. Cảm thấy hài lòng. Nhân viên phục vụ tốt.,positive,khác
Tại Thành phố Nam Định cũ có hàng trưng bày để xem trước không shop?,neutral,khác
"Thiết Kế 2 Camera Mà Chỉ Sử Dụng Được 1 Camera Còn Lại Trang Trí.Loa Nhỏ , Và Cực Kì Rè.Với Cái Giá 5.000.000 Thì Không Xứng Đáng.",negative,camera
Ip15 pin của SUNWODA nên ko ngon nhé Nghe tên hãng pin là thấy mùi thịt kho tàu rồi,negative,pin
Có được tặng sạc ko shop,positive,khác
Tới tiệm thì mình có được giảm giá cho hssv không ạ hay chỉ có trên web,neutral,giá
Không phù hợp cho những ai tìm kiếm một chiếc điện thoại nhẹ nhàng và dễ sử dụng.,positive,khác
Pin dùng 4 tháng tụt 1%,negative,pin
"Vừa đặt thử trên đây mà có nhân viên gọi ra nhanh thật, chiều chạy ra shop trải nghiệm rồi mới quyết đinh cọc. Dịch vụ Shop uy tín!",neutral,hiệu_năng
mua sim mạng fpt là đc giảm 1 triẹu vô tiền máy đg ko ạ,neutral,giá
Máy này xài mượt không FPT,positive,khác
Dt mới mua pin sạc 100% để chế độ may bay .sáng tut còn 96% . cảm thấy pin ko ổn rồi,negative,pin
"Redmi note 13 128GB, chính hãng, pin 89%, xước màn nhỏ, em muốn lên 17 256GB trắng thì cần bù bao nhiêu ạ",neutral,pin
Máy mình mua hồi tháng 6 mà pin tụt còn 93% vậy có phải là lỗi pin không ạ,negative,pin
Bên shops còn up 14 plus k ???,negative,khác
NGOẠI HÌNH ĐẸP,positive,thiết_kế
"Tại sao máy này không dán được kính cường lực màn hình, mình đã thử 2 cái mà ko đc, báo máy ko tương thích , trong khi máy khác dán đc cường lực màn hình",negative,màn_hình
Em giờ muốn mua ip 14 cần nhu cầu gì không shop,neutral,khác
Cảm biến vân tay không nhạy lắm còn những thứ khác rất tốt . Sạc siêu nhanh chỉ khoản 30 phút . Nhân viên thế giới di động rất nhiệt tình,positive,hiệu_năng
"Lỗi face book, đề nghị dmx liên hệ lại",negative,khác
Mình mới mua tháng 9 giờ muốn bán bên mình thu lại bao nhiêu,neutral,khác
Banh nhân viên giao hàng rất nhiệt tình,positive,khác
dùng được 3 tháng rồi rất hài lòng về chất lượng và cách phục phụ của nhân viên tgdd vui vẻ nhiệt tình chi nhánh cần giuộc,positive,khác
"Mua 1 em Deep Blue 256GB mua từ 19/9/2025 . 1 em Silver 256GB mua 6/10/2025 trải nghiệm cực kỳ tốt, pin cực kỳ trâu , tiếc là chủ nhật ngày 12/10/2025 thì thằng bạn ra uống bia , mình đi rửa bát nó tháo cả cái ốp 1 củ 4 của mình ra và làm rơi em màu Deep Blue và bị móp mất . Cái kết có hậu lại được đổi 1 em màu Silver mới V . Thế là có 2 em Silver rồi",positive,pin
Tôi chọn Samsung Galaxy A07 vì tin tưởng vào thương hiệu Samsung nổi tiếng. Với mức giá sahop sale quá phải chăng nên mình múc luôn,negative,giá
Sạc 25 lần tuột 1% pin kém quá,negative,pin
Ở khu vực cà mau mình còn bản 17 pro 256gb màu bạc ko ạ,negative,khác
"Đọc feedback của mng nói mua 1 tháng đã sụt pin mình không tin cho đến khi chính mình bị Mua 19/8 mà 17/9 chưa đến 1 tháng đã sụt pin trong khi chỉ lướt fb, tiktok chả chơi game gì nặng cả Ai dùng 13 cho mình hỏi cứ mỗi tháng nó lại sụt pin như thế ạ",negative,pin
17 thường màu xanh lam khói có sẵn hàng ở Bắc từ liêm hay cầu giấy không ạ,neutral,khác
Này còn hàng New box ko shop,neutral,khác
Mình may mắn mua đúng đợt sale nên giá hời quá. Nhưng hơi tiếc là pin không trâu như mong đợi. Bù lại máy chạy nhanh phê phà.,positive,pin
Thu cũ A3s không shop?,negative,khác
Cho mình hỏi là máy poco m6 pro của mình sao lại bị lỗi sạc ko đầy pin 100 phần trăm vậy Mình mới mua đc vài tháng thôi,neutral,pin
máy xài tác vụ bình thường zalo Youtube fb tik tok thì 1 ngày mới hết bin còn sử dụng camera nhiều ghép ảnh chỉnh sửa thì tốn bin lắm nóng máy nữa,negative,camera
Ở phố mới còn hàng không shop,neutral,khác
Mình iphone 16 pro max 256 lên 17pro,positive,khác
Banh nhân viên giao hàng rất nhiệt tình,positive,khác
"máy này có ở đức tài, đức linh, bình thuận không ạ",neutral,khác
Nhân viên nhiệt tình,neutral,khác
máy thỉnh thoảng lát nhảy loạn lên,negative,khác
Mua theo lý trí và rất hài lòng,positive,khác
Mình mới mua được 3 ngày bây giờ muốn trả lại được ko vậy,neutral,khác
"Mình mua ở TGDD được 3 tháng rồi. Không biết mọi người thấy sao nữa. Tôi dùng thấy rất tốt, chưa phát hiện một lỗi gì. Chỉ có khi sạc máy hơi nóng thôi. Tôi khuyên mọi người bỏ thêm tiền mua sạc chính hãng sẽ tốt cho pin hơn. Tôi có dùng sạc của bên thứ 3 rồi. Hậu quả là bị tụt 1% trong tháng đầu luôn.",negative,pin
Giá iphon 14 ở tiền giang giá nhiu ạ,neutral,giá
Mình đã cập nhập lên 26.3,positive,khác
Bảo hành rơi vỡ Bolttech cho iPhone 1.399.200đ1.749.000đ,negative,khác
"Mình mua ip 15 plus 128g fullbox tại tgdd mà về sử dụng đc gần 1 tháng thấy máy bắt mạng kém quá vậy, wifi, 4g căng đét mà gọi zalo, mess k liên lạc đc, thỉnh thoảng nhắn tin cg k nhận đc luôn, khi mở ứng dụng ra mới thấy 1 loạt cuộc gọi nhỡ và tin nhắn, thất vọng thật sự khi bỏ ra 1 số tiền lớn mà lại bị như vậy mong nv hỗ trợ sớm",negative,giá
"Lần đầu xài Samsung mà thấy tuyệt vời quá, rất xịn, pin trâu và chụp đẹp. Fan Hà Còi",positive,pin
"Quá ưng lun mn Máy siêu mượt, pin trâu cày cả ngày ko lo, thiết kế trẻ trung nữa",positive,pin
"Khá ổn trong tầm giá, pin trâu.",positive,pin
"Điện thoại đẹp nhưng lỗi ứng dụng hơi nhiều, đang xem tiktok có khi tự nhảy qua fb hoặc mấy ứng dụng khác, hay có khi tắt máy đóng tab rồi nhưng khoản 30s sau nó lại tự phát ra anh thanh của ứng dụng vừa đóng, và rất lag vs nhiều lỗi vặt khác, cảm nhận ko hài lòng vs số tiền bỏ ra.",negative,giá
100% tụt xuống cực kỳ nhanh thành 95,positive,hiệu_năng
Gần khu vực thành phố tân uyên cũ có cửa hàng nào có hàng không,neutral,khác
"Mình trước mua Redmi Note cũ ở đây thấy ổn nên lần này tặng em ý con mới này, nhân viên vẫn tư vấn nhiệt tình như xưa.",positive,khác
"Điện thoại giá rất tốt, xài mượt và chụp đẹp. Fan Ninh Dương with love",positive,giá
Máy xài rất mượt nhaNhân viên siêu thị thị trấn tân phú đồng nai rất nhiệt tình,positive,hiệu_năng
"Chụp hình ban đêm thử với 50MP + OIS, ảnh bắt sáng tốt, giảm noise ổn",positive,khác
Mua cho người yêu thấy người yêu không gì hết là ok rui kkk,positive,khác
"Mọi thứ đều ổn, trừ khoản pin hơi kém",negative,pin
Đẹp cầm vừa tay gọn thêm ốp nữa là ok Mình mua đc hơn 1th r chưa thấy vấn đề gì Nhân viên TGDĐ phương lâm tân phú đồng nai phục vụ khách hàng rất tốt vui vẻ chỉn chu cài đặt từ a đến z rất ưng ý,positive,thiết_kế
Mua máy khoản 1 tháng xài rất ok,positive,khác
"mình đã đặt cọc ip 17 256g màu trắng được 1 tuần, thì tầm bao lâu nữa mới có hàng ạ",positive,khác
còn ở cửa hàng bắc linh đàm hà nội ko? giá bn?,neutral,giá
máy này chụp hình ổn kh ạ,positive,khác
Mình đã dùng hơn 2tháng và thấy pin khoẻ chất lượng ok dù chưa biết hết công dụng của nó.,positive,pin
Mua máy từ ngày 20/4 nhưng giờ mới có thời gian đánh giá mình mua máy ở tgdđ phan đăng lưu lúc mua thì nv nhiệt tình quẹt thẻ tư vấn lẹ làng lắm đến khi dán màn thì ối dồi ôi ko biết bạn nv dán kiểu gì mà chân sạc đầy cồn mình tính kk lấy rồi nhưng bạn qly bảo cồn bay hơi nhanh với lại máy này kháng nc nên mình mới lấy gặp người kỹ tính họ ko lấy đâu lần sau bạn nv làm việc chuyên nghiệp lên nhé máy khách mua gần 20tr ko rẻ đâu,neutral,màn_hình
OK. Mượt mà.,positive,khác
Mua cho người yêu thấy người yêu không gì hết là ok rui kkk,positive,khác
"được cái camera ổn, máy cầm đầm tay. Nhưng pin 7000 vẫn tụt nhanh, cái quan trọng mua có NFC để làm việc mà vào cái VNeID không thể quét nổi. Quét thì toàn ra thẻ sử dụng gì đó. Buồn thật.",negative,pin
cho mình hỏi Redmi note15 8G/256G bảo hành bao nhiêu năm vậy ạ,neutral,khác
"Mới mua đc 5 hôm , nói chuyện rất khó nghe đầu dây bên kia trả lời",neutral,khác
minh đang xài máy này thi thấy camera tệ nha mõi ngày đăng nhập zalo cái camera quet lâu lắm mới lên xài chua dc 1 tháng ma hối hận vô cùng chắc vài hôm nua đổi lại cái khác quá chỉ dc cái quảng cáo là hay thôi khi xài roi mới biêt tệ đủ điều,negative,camera
"Mới mua chưa được 1 tháng mà bị ám màn hình , xin hỏi có hỗ trợ bảo hành kh w",negative,màn_hình
"Mới mua trả góp ip15 128 gb Cảm nhận đầu tiên là có hơi nóng, cần tìm hiểu nguyên nhân, chắc tải áp quá nhiều, nên phải thường dọn rác , máy nhẹ hơn ip 13 nhiều Mong sẽ có cảm nhận mới Nhân viên phục vụ thì tuyệt vời tận tâm nhiệt tình Luân không giỏi về tìm hiểu, chỉ cảm nhận những tính năng của iPhone có giúp ích cho đăng tải video Phật Pháp Chục ảnh chất lượng tốt hơn",positive,khác
"Mình là khách quen của FPT rồi, lần này mua tặng cho em vợ con A07 5G. Đúng chuẩn đẹp và chất lượng.",positive,thiết_kế
Giảm 3800000 là điều kiện gì đc vậy shop,neutral,khác
Mua cho người yêu thấy người yêu không gì hết là ok rui kkk,positive,khác
Mua từ 9/3/2025 đến nay 19/2 kh sạc qua đêm kh chơi game lần sạc 353 xuống còn 85% chán thật sự,negative,khác
"Sai lầm khi mua con này, camera bình thường thậm chí thua cả A22 4G luôn,",negative,camera
cho e hỏi ip16 256 gb trả góp 12 tháng thì môci tháng bnhiu ạ,neutral,khác
Cho em hỏi là tgdd thu lại máy 13 cũ không giá sao,neutral,giá
"Huhu em mua ngày 15, tới nay sạc 2 lần tại em còn xài máy cũ chưa chuyển hết qua máy mới, mà tuột pin kinh khủng, để cả ngày kh xài, đã tắt wifi, các kết nối pin tuột tầm khoảng 5%, để qua đêm tuột thêm 5% em hoang mang quá, không biết có bị gì không ạ.",negative,pin
Mua về lúc khui k thấy bụi trong cam sau sài 1 tháng sau thấy. Mà phải gửi hãng 15 ngày bực gì đâu,negative,khác
"Máy mới mua về xài là thấy rất hay bị nóng. Mở app ra dùng tầm 5p là bắt đầu ấm lên, càng dùng càng nóng. Quay video tầm 5p thì ối dồi ôi nóng phỏng tay. Trc dùng android 6tr máy mát lạnh xài 5 năm chưa bao h thấy bị nóng máy. Giờ bỏ ra 16 củ rước về 1 cái máy very nóng... Lỗi nóng máy thì có được đổi trả 30 ngày k vậy",negative,hệ_điều_hành
cho e hỏi máy Samsung A16 4G dùng chuẩn bộ nhớ eMMC 5.1 hay UFS 2.2 ạ,neutral,khác
Long xuyên An giang có 17 màu trắng 256gb không shop,positive,khác
Sài được tháng thì lên mạng bị lag rất chậm,negative,khác
"Hôm mua buổi tối không để ý kỹ camera có hạt bụi bên trong không biết có trống nước trống bụi không nữa cảm thấy chán , mang ra ttdd thì bảo phải gửi về hãng cảm thấy chán",negative,camera
"Mua dc 5th vuốt trượt màn hình bị đứng bấm vào những ứng dụng cũng ko đc, mình đã tắt nguồn khởi động máy lại cũng không dc, hỏi TGDD nhân viên họ nói bị tràn ram gì đó",negative,màn_hình
Máy xài rất mượt nhaNhân viên siêu thị thị trấn tân phú đồng nai rất nhiệt tình,positive,hiệu_năng
"loa rè nghe ko dc cái gì,quá tệ ko nên mua phí tiền",negative,giá
Phường Long Bình thành phố Hồ Chí Minh còn hàng không shop. Giá thế nào vậy,neutral,giá
Nhẹ nhàng cho bạn tayĐủ mạnh mẽ để xử lý tất cả công việc hàng ngày mình không chơi gamePin đủ dùng cho một ngày. Hiện tại tôi không thấy phiền hà gi về pin hy vọng chai pin theo thời gian không quá nhanh,negative,pin
Sản phẩm rất tốt,positive,khác
"Máy chạy tốt, nhưng đôi lúc chơi game nặng có hiện tượng hơi nóng. Hy vọng có bản cập nhật phần mềm để tối ưu hơn.",neutral,hệ_điều_hành
"Camera selfie vẫn luôn là thế mạnh của OPPO, ảnh chụp tự nhiên và rất sắc nét. Màn hình lớn hiển thị đẹp, xem YouTube hay lướt TikTok cực kỳ mượt. Dịch vụ giao hàng của shop rất đúng lịch hẹn, thái độ phục vụ của các bạn nhân viên cực kỳ chuyên nghiệp.",positive,màn_hình
"Lỗi pin , máy tự nóng khi không sử dụng , pin tuột nhanh trong vừa sạc đầy , chỉ để qua đêm không sử dụng gì , pin từ 100% pin sáng dậy còn 45% pin Gửi bảo hành không đc hỗ trợ mượn đt sử dụng. Cảm thây vô cùng không hài lòng về dịch vụ",negative,pin
Dùng OK. Mượt mà. Mặt lưng giống như con cáo cấp,positive,khác
"K biết là máy này hơi cong hay do đúc túi nên bị, hôm mua k để ý giờ thấy cong .",negative,khác
Mua được 6thang thi con 99%pin hơi thất vọng,negative,pin
Iphone 17 màu xanh lá có sẵn ko? Và mình dùng thẻ tín dụng Techcombank thì có ưu đãi gì ko?,neutral,khác
Bên mình có thu cũ đổi mới ko shop,neutral,khác
Khu vực Tân Châu Tỉnh An Giang có poco x7 5g kh ạ,neutral,khác
Sạc 25 lần tuột 1% pin kém quá,negative,pin
Máy đẹp Sài muoc van tây cực kỳ nhạy giá vừa túi tiền.dang để mua Sài,positive,giá
Còn ip16 256g đập hộp ko shop ơi,negative,khác
Mua dùng đc 1 tuần thao tác vẫn nhanh và mượt Pin Ok đọc đánh giá của 1 số khách hàng phàn nàn hay là do chiếc máy đó bị lỗi Mình dùng chưa phát hiện thấy gì,positive,pin
Có máy cũ k shop,negative,khác
Tất cả các sản phẩm apple bên fpt là hàng VN/A hay nc ngoài v ạ,neutral,khác
A17 bị lỗi:nếu để chế độ úp điện thoại để tắt âm khi có cuộc gọi đến sẽ dẫn đến việc(khi để ĐT trong túi quần có cuộc gọi đến chưa kịp rút ra đã mất âm thanh và rung).Cực kỳ khó chịu. Buồn.,negative,loa_âm_thanh
iphone14 có hiện tượng nóng hơn bình thường vậy tgdd,neutral,khác
Thế giới Di Động cơ chính sách 1 đổi 1 trong 1 tháng phải ko ạ,neutral,khác
"Đang xài rất ổn , pin thời lượng cả ngày là có thật , đáng giá với túi tiền vừa phải đối với sv dân lao động như mình , nên mua",positive,pin
Sau 4 tháng sử dụng thì khá là okPin trâuMáy mátK bị lỗi gì1 con máy đáng trải nghiệmSạc lại nhanh đầy nữa,negative,pin
Đặc quyền HSSV - Giáo viênGiảm ngay200.000đXác thực ngay,positive,giá
Nhân viên tư vấn nhiệt tình. Chế độ bảo hành tốt.,positive,khác
Pin tuột như tuột máu . Lâu lâu còn bị lag đứng yên rất khó chịu,negative,pin
Máy chơi game pubg. Ổn định không,positive,khác
Gói phụ kiện ifan mình có thể đổi ốp lưng clear thành silicon không shop?,negative,khác
Lớp 12 có được giảm giá không ạ hay chỉ sinh viên mới được?,neutral,giá
Hà Nội còn ip13 trắng 128gb ko shop?,neutral,khác
Sài rất đã rất mượt nhân viên thì tư vấn rất nhiệt tình nhiều ưu đãi nhiều giảm giá săn cob 12/256 chỉ 9 triệu rưõi rất hài lonhf,positive,giá
"Rất tệ không nên mua, mua 1 đổi 1 thêm gói mở rộng mà điện thoại bị Panic và Reset . Shop Nói không lỗi",negative,khác
Cho em hỏi là ip 17 còn màu lá xanh thô thơm ở bình dương ko ạ,neutral,khác
Đẹp hài lòng,positive,thiết_kế
Sản phẩm chất lượng tốt tôi sẽ mua tiếp,positive,khác
"Máy thì ok nhma có ai giống không không sạc nhiều, k sạc qua đêm, không vừa chơi vừa sạc mà mới 1 tháng 3% pin rồi",negative,pin
Thành phố Huế còn sản phẩm này không shop?,negative,khác
Đặc quyền HSSV - Giáo viênGiảm ngay200.000đXác thực ngay,positive,giá
Mình có nhu cầu mua máy Xiaomi Redmi Note 14 Plus liên hệ với mình 09xxxx7282,positive,khác
Vưa mua đã phai mang đi hãng bao hanh 15 ngay đập hôp mới ra khoi cua hang ma cam đã bị nứt quay lại thi bao do mk lm rơi vỡ trong khi máy k 1 vệt xước lại bị nứt mẻ ở cam,negative,khác
Mượt pin khỏe xin xo thì khỏi nói,positive,pin
"Huhu em mua ngày 15, tới nay sạc 2 lần tại em còn xài máy cũ chưa chuyển hết qua máy mới, mà tuột pin kinh khủng, để cả ngày kh xài, đã tắt wifi, các kết nối pin tuột tầm khoảng 5%, để qua đêm tuột thêm 5% em hoang mang quá, không biết có bị gì không ạ.",negative,pin
Mua về lúc khui k thấy bụi trong cam sau sài 1 tháng sau thấy. Mà phải gửi hãng 15 ngày bực gì đâu,negative,khác
mình mới mua được 3 hôm.thấy khi bấm nút tăng âm lượng và nút nguồn thì xuất hiện hiện tượng như trên.mình có hỏi bên cửa hàng thì báo máy mới đều như vậy.xin hỏi có đúng như vậy không.,neutral,khác
Tôi đang sử dụng sản phẩm rất OK,positive,khác
Giá mua online với tại cửa hàng có khác nhau không ạ . Nếu em mua online rồi em lại cửa hàng lấy thì có được không ạ.,neutral,giá
Mua sp không dc cộnh điểm tích luỹ ha shop,negative,khác
Đt này Trả góp bao nhiêu tháng,negative,khác
Giá này phụ kiện kèm theo máy có củ sạc ko shop,negative,giá
Cho em hỏi fpt eakar đăk lăk có ip 17 thường màu trắng hoặc đen k ạ,neutral,khác
Sạc nóng máy,negative,khác
ip14 128 thường còn bao nhiêu cái ạ tầm cuối tháng 12 mua còn không ạ,neutral,khác
Pin hết rất Nhah so với 15 plus chơi games hết pin cực nhah ai muốn điện thoại pin trâu nên cân nhắc,negative,pin
Bảo hành rơi vỡ Bolttech cho iPhone 615.000đ769.000đ,negative,khác
"Mình có s23ultra 12g, 512 thu cũ đổi jford 7 được không",neutral,khác
"Ở phong điền cần thơ còn k shop , vs có tặng củ sạc k",neutral,khác
"Sản phẩm tìm kiếm nhiều: Macbook Neo | Samsung A37 | Samsung A57 | Samsung S25 | Samsung A56 © 2007 - 2024 Công Ty Cổ Phần Bán Lẻ Kỹ Thuật Số FPT • Địa chỉ: 261 - 263 Khánh Hội, P. Vĩnh Hội, TP. Hồ Chí Minh • GPĐKKD số 0311609355 do Sở KHĐT TP.HCM cấp ngày 08/03/2012.GP số 47/GP-TTĐT do sở TTTT TP HCM cấp ngày 02/07/2018Điện thoại: (028) 7302 3456 Email: fptshop@fpt.com Chịu trách nhiệm nội dung: Nguyễn Trịnh Nhật Linh.",neutral,khác
Bây giờ mua tại cửa hàng có dc giá này không ạ,neutral,giá
iPhone 16 Plus có khả năng chống nước không?,negative,khác
iphone 17 thường 256gb màu xanh lam khó có sẵn hàng tại Thốt Nốt Cần Thơ không vậy,neutral,khác
"Mình đã mua chiếc điện thoại iphone 16 promax 256 gb tại cửa hàng TGDD Đường 30/4, An Phú NK, Cần Thơ mua lúc 01/08/2025. Mới ngày đầu đã sạc không sử dụng gì pin cũng đã tụt từ 76 đến còn 70 phần trăm ra nhân viên kxy thuật bảo đó là chuyện bình thường không sử dụng ứng dụng gì cũng tụt. Quá thất vọng vì bỏ ra số tiền lớn mà không được đổi máy mới mà còn đi thẩm định trong thời gian quá lâu đến tận 15 ngày",negative,pin
Mình dùng 67 tháng thì thấy rất ok chỉ là % pin tụt hơi nhanh. Kh bt có bảo hành thay pin chính hãng của Apple kh ạ,positive,pin
16pro 128 lên 17pro 258 bù thêm bao tiền đấy ạ,neutral,giá
Điện thoại đột nhiên lóe sáng 2 bên màng hình màu xanh khi màng hình tắt bị lôi ko shop,negative,màn_hình
"máy chơi các game phổ thông như liên quân hay free fire khá mượt độ trễ thấp, âm thanh cũng ổn chơi mấy game bắn súng không bị delay, máy mới đẹp như hình",positive,thiết_kế
Is this available in Hanoi? Which shops please?,negative,khác
Em vừa mua đc 3 hôm thì thấy sài hay bị mất wifi chập chờn phải vô bật lại mới có thì là bị gì v ạ,negative,khác
Ip 17 màu xanh lam khoi FPT nghi sơn thanh hoá 256g còn m a,positive,khác
E muốn trả góp 17prm màu cam 6 tháng Trả trước 22tr Lãi xuất bao nhiêu ạ,neutral,khác
"Cái màn hình Super AMOLED 120Hz 6.7 inch của con này thực sự mượt mà và đẹp xuất sắc. Lướt TikTok, xem phim hay chơi game đều siêu đã mắt, hơn hẳn mấy con máy LCD cùng tầm giá.",positive,màn_hình
"Điện thoại rất đẹp,samsung cao cấp dùng sướng khỏi nói nhân viên nhiệt tình",positive,thiết_kế
"Mình mua con máy này giữa tháng 8/2025. Dùng đến nay hơn 1 tháng, gập tới lui đt chưa tới 50 lần, khoảng 34 ngày mới sạc 1 lần nhưng nay 23/9/2025 máy có dấu hiệu lỗi màn hình, có vết hằn gấp ngay giữa máy, vết hằn nhìn vào là thấy kèm theo khi quay clip, quay tiktok, chụp hình hoặc gọi video call tầm 35 phút là bị nóng rất nhiều ở phần camera trên màn hình phụ. Ai có nhu cầu mua dùng làm đt chính dùng thường xuyên mình khuyên k nên mua con này vì chất lượng tệ không tương xứng vs giá tiền. Mình đã đến TGDĐ để BH máy nhưng chưa biết BH xong dùng có êm không Mình mua dùng làm máy phụ ít sử dụng nhưng chưa tới 2 tháng đã phải gửi đi BH. Khá thất vọng về chất lượng con này.",negative,màn_hình
Add cho hỏi giờ mua ĐT redmi 15 ở Hội An có được hưởng khuyến mãi như thông tin trên ko ạ. (Loa Xiaomi outdoor),neutral,loa_âm_thanh
Shop oiii em ở Tây ninh muốn trả góp thì cần làm những gì ạ,negative,khác
Dùng đc 3 tháng ko dùng ốp mà bị chóc sơn zui,negative,khác
"Bình Chánh , Vĩnh Lộc b cửa hàng fpt nào cũng có giá ip 14 128gb 13tr390 phải k ạ hay chỉ mua onl mới dc giá này",neutral,giá
iPhone 16 màu trắng bản 256gb ở cs TP Móng Cái tỉnh Quảng Ninh còn kh ạ,negative,khác
"Mình vừa mua cho con trai hôm qua 19/10 tại điện máy xanh thôn tử dương xã Tô Hiệu, Thường Tín HN theo quan điểm của mình thì cửa hàng có cháu gái quản lý ở đó mình không nhớ tên cháu, nhưng cháu rất nhiệt tình hướng dẫn sử dụng máy, các nhân viên rất lịch sự, nhiệt tình. Mình dsax mua và mua hộ rất nhiều máy của cửa hàng, rất uy tín và đảm bảo chất lượng",positive,khác
"nhân viên rất nhiệt tình , cảm ơn fpt nhé",positive,khác
Pin nhanh hết + máy nóng. Đang sạc mà sài thì như cục than,negative,pin
"Ưu điểm Thiết kế đẹp, pin trâu, camera sau ổn, chơi liên quân ổn đinh 60fps đồ họa trung bình. Nhược điểm Dùng các tác vụ fb,tiktok,ytb... hơi khựng, không được mượt cho lắm. Camera trước khá tệ.Tóm lại ai cần đt bền, pin trâu, dùng các tác vụ thông thường. Thì em nó là 1 gợi ý khá toàn diện.",positive,pin
Mua con này tầm đc 3 tháng . Bên mình có thu lại k ạ,neutral,khác
Cho em hỏi là có chỉ nhánh nào ở gần tỉnh lộ 10 còn máy không ạ?,neutral,khác
Máy cục gach bàn phím có áp dụng thu cũ đổi mới không?,negative,khác
Hình thức trả góp như nào ạ,negative,khác
Bảo hành rơi vỡ Bolttech cho iPhone 1.399.200đ1.749.000đ,negative,khác
Cho em hỏi mua trả góp cần thẻ ngân hàng ko ạ,neutral,khác
"Pin tốt, dùng khá giật lag.. đang xem YouTube mà có người gọi điện thoại đến,khi nghe điện thoại xong là out luôn .",positive,pin
"Đã mua. Máy rất đẹp, pin khoảng 1 ngày rưỡi. Hàng Apple thì khỏi bàn cãi gì nhiều",positive,pin
tụt pin nhanh hơn tụt quần. bỏ gia 30tr mà như mua cái đt 3tr.,negative,pin
Cho mình hỏi bản nào mới có lưng kính vậy ạ?,neutral,khác
Ip15 pin của SUNWODA nên ko ngon nhé Nghe tên hãng pin là thấy mùi thịt kho tàu rồi,negative,pin
Không game thì mọi thứ ok trong tầm giá,positive,giá
Trả góp trước 10% có được không ạ,neutral,khác
Máy này Sài ok ko ạ lượt web mượt và dùng lượng pin cao ko,positive,pin
Ship tới thái bình mất bao nhiêu lâu vậy shop,neutral,khác
"Nhân viên FPT tư vấn nhiệt tình lắm, giao hàng nhanh mà đóng gói kỹ cẩn thận, mình rất hài lòng về dịch vụ của shop.",positive,hiệu_năng
Sản phẩm dùng ok,positive,khác
"Điện thoại đẹp nhưng lỗi ứng dụng hơi nhiều, đang xem tiktok có khi tự nhảy qua fb hoặc mấy ứng dụng khác, hay có khi tắt máy đóng tab rồi nhưng khoản 30s sau nó lại tự phát ra anh thanh của ứng dụng vừa đóng, và rất lag vs nhiều lỗi vặt khác, cảm nhận ko hài lòng vs số tiền bỏ ra.",negative,giá
"Mình mua đt 3/4/24. Pin để qua đêm không dùng có tụt %. Thỉnh thoảng vào các app như face, zalo... có bị đơ. Chụp ảnh ban ngày sắc nét. Tối thì tạm. Ngoài trời màn hình để mức sáng tối đa vẫn khó nhìn. Face thì ảnh sáng yếu là không nhận nhận diện khuôn mặt. 128G thì dung lượng lưu trữ thấp. Toàn báo đầy. Lướt app lâu lâu đơ 1 phát hoặc tự thoát app luôn. Sạc pin lâu lắm nếu để báo pin yếu thì sạc 45h mới đầy. Nên cứ 50% là m sạc lên 80%. Dung lượng pin tốt. Nếu đi làm không sử dụng nhiều chỉ dùng lúc dc nghỉ với và dọc tin nhắn công việc thì dùng được 1 ngày. Nói chung với giá 14 triệu hơi chát. Mong rằng độ bảo mật tốt và tính ổn định sẽ cao sau thời gian dài sử dụng. Nhân viên shop nhiệt tình tư vấn cài đặt. Cài từ ip cũ sang rất đơn giản.",negative,pin
Có trả góp 0d không shop,negative,khác
Sử dụng điện thoại rất ok nhân viên thế giới di động rất nhiệt tình và chu đáo đã sử dụng 2 tháng rất ok,positive,khác
"Máy bị lỗi nhưng không được giải quyết 1 đổi 1 trong tháng đầu như quảng cáo. Gửi đi thẩm định 2 tuần, shop báo máy bình thường. Trong quá trình sử dụng mình chắc chắn máy lỗi chớp sáng màn hình, CSKH có liên hệ nhưng mình không hài lòng vì vẫn không được giải quyết đổi. Mình được đưa ra hướng xử lý là thêm 1 tháng bảo hành tuy nhiên cách này không thoả đáng vì mình vẫn đang trong thời hạn bảo hành 1 đổi 1 vẫn có được đổi như cam kết và quảng cáo ban đầu đâu. Bỏ tiền ra mua rước bực vào người",negative,màn_hình
Pin để ko tự tuột 4%,negative,pin
Máy này ở Điện máy xanh Tx Mỹ Phước Tây Cai Lậy Tiền Giang ( cũ) có hàng không ạ.,neutral,giá
Nhà mạng FPT thì mua thẻ cào điện thoại nào vậy shop mua ở đâu,neutral,khác
28/2 su đụng toi tháng 7 sam sung quá vẫn ổn định sam sung qua đinh người giao hang rất dễ thương nua điện thoại rất tốt một like,positive,khác
"Sản phẩm này còn tại chỉ nhánh sơn là, hát lót k",positive,khác
"Sau 2 tuần sử dụng thì rất hài lòng, mọi thứ đều ổn trong tầm giá, nhân viên khu vực Tam Kỳ rất nhiệt tình, hỏi online được trả lời tận tình, được tặng thêm con loa nghe rất ổn áp.",positive,giá
"thiết kế liền mạch viền mỏng , máy đẹp y như hình ,lần đầu đặt hàng tại shop nên khá bật ngờ về khoản chăm sóc tư vấn khách hàng khá chỉn chu",positive,thiết_kế
"có hàng ở gần xã mỹ đức tây ,đồng tháp (mới) không vậy shop",neutral,khác
17 promax dung lượng 1TB có cửa hàng nào còn hàng ở TPHCM ko shop,neutral,khác
Tôi đang dùng máy này. Đã mua hai chiếc máy này rồi. Máy này thỉnh thoảng đang dùng thì màn hình tự tăng độ sáng lên cao trong khi tôi không để chế độ sáng tự động. Chỉnh lại độ sáng trên thanh thông báo thì lại trở lại bình thường. Không biết về lâu về dài có gây lỗi màn rồi phải thay màn hình không,negative,màn_hình
"Thật sự rất bực mình về cách bảo hành sản phẩm của thế giới di động. Mua ip 17 prm ngày 31/10/2025, về mới dùng 3 ngày thì khi cập nhật phần mềm bị treo táo, không mở nguồn lại được. Đem ra hãng đến hôm nay hơn 10 ngày vẫn không có câu trả lời lỗi từ đâu. Trong khi nếu khách làm rơi hay bể hư thì không nói, lỗi phần mềm rõ ràng từ bên sản xuất và APPLE nhưng vẫn ngâm máy khách hơn 10 ngày, không đổi máy mới cho khách. Các nơi khác như Cellphones hay cửa hàng tư nhân máy lỗi vậy đã đổi liền cho khách trong ngày, một hệ thống lớn mà cách bảo hành sản phẩm quá chậm và tệ. Trong khi ai bỏ ra mấy chục triệu mua máy mới sài bị lỗi vậy mà không tức. Khác gì đem khách hàng ra test dùm máy cho APPLE Có lẽ đây là lần cuối mua hàng tại thế giới di động",negative,hệ_điều_hành
"Hải đã mua trưa hôm qua, máy ngon lành D",positive,khác
"Mới mua hôm qua ,nay đi làm sáng h ít bấm đt mà giờ còn 25% , mau tuột pin quá",negative,pin
Cho em hỏi bên mình có thu xác máy ko ạ và nếu mua 2 sản phẩm điện thoại thì có được giảm giá ko ạ,neutral,giá
"Màn hình tương đối, maug sắc ổn, cấu hình cũng đủ mạnh, pin trâu. học sinh sinh viên sài con này chơi game rất ok rồi nha",positive,pin
Hệ thống camera ấn tượng với các tính năng chụp ảnh và quay video chuyên nghiệp.,positive,camera
Dien thoai cu bi hừ màn hình có cach nao chuyen du lieu sang may moi ko a,negative,màn_hình
Mua trả góp có đc áp dụng các ưu đãi k shop,neutral,khác
Có hàng ở LA khong,neutral,khác
Khi nào có black Friday nữa vậy shop,neutral,khác
"Dùng ổn , sạc pin hoặc mở độ sáng cao điều bị nóng máy",negative,pin
còn Iphone 15 Pro max 512 G Nguyên seal ko ạ?,negative,khác
Chị nhánh ở Đại Lộc Quảng Nam còn ip13 thường 128g màu trắng không,negative,khác
ở vinh nghệ an còn không a,neutral,khác
Màu tím có sẵn ở Thống Nhất - Phường Thông Tây Hội TPHCM không ạ,neutral,khác
Mình mua ở tgdđ ngã ba đông yên yên phong bắc ninh màu sa mạc 31590 rất OK thua mỗi 17 cấu hình khung viền thì 16prm titan ăn đứt 17prm,positive,khác
Còn màu đen ko shop tư vấn mình ĐT: 09xxxx4839,negative,khác
"Sau 1 tuần trải nghiệm mình thấy khả là oke,máy cam đẹp ko bị thâm như dòng A55,máy to hơn A31 cũ của mình mà nhẹ vl,mình chơi Zenless Zone Zero max setting vẫn mượt lun nóng nhẹ,máy mỏng lắm lun á,nhưng mà do máy viền vuông mình sài trần cấn tay khó chịu lắm nêm mình khuyên nên lắp ốp",positive,thiết_kế
Ở cần giuộc long an mình có hàn ko,neutral,khác
Em xin địa chỉ của mình để em mag điện thoại đến lên đời ạ,positive,khác
Đặc quyền Bảo hành thêm 1 năm iPhone (BT)620.000đ1.200.000đ,negative,khác
Mua mấy ngày thấy xài rất ổn pin trâu,positive,pin
"pin sụt rất nhanh , sẽ theo dõi trong 1 ngày nếu không ổn sẽ đem ra cửa hàng để check lại",neutral,pin
"Màn hình lớn, hiển thị sắc nét và tần số quét mượt mà.",neutral,màn_hình
Chòe hỏi ip15 128g nếu mua trả góp thì sao ạ,neutral,khác
"Xài rất đã, pin rất trâu, mấy thánh chưa xài thì đừng vội đánh giá nghen.",positive,pin
"xứng đáng cho 10 sao,với mức giá như vậy là quá ok rồi còn có mạng 5G nữa.Tất cả đều ok",positive,giá
Sản phẩm rất tuyệt vời,positive,khác
"Mình mua và sử dụng củng được vài tháng ròi ,mua vì hàng đập hộp cho an tâm nào dè sài chán ,máy nóng mau tuột pin ,60hz chậm , màu hồng đẹp",positive,pin
Tốt nv nhiệt tình dù cao hơn với những bên khác nhưng chất lượng phục vụ ok,positive,khác
Mình dùng được 6t pin hoi nhanh ạ,positive,pin
ss A56 có hàng chua ạ,neutral,khác
Tư vấn giúp mình S25 Ult bản 512 hoặc 1T nhé. Link vào xem máy ko được,neutral,khác
Dùng đến bây h ok nói chung phù hợp các tác vụ hiện tại của mk,positive,khác
Samsung s25 ultra 256g thu lại bn ạ,neutral,khác
Còn hơi chậm chưa mượt lắm,negative,khác
Dạ ip16 128gb máy còn zin đổi lên 17 pro 256gb thì cần bao nhiêu ạ?,neutral,khác
Mình mua ngày 24 tháng 7 đến này dùng thấy ok. nhân viên hỗ trợ nhiệt tình,positive,khác
"Độ bền cao, chất lượng hoàn thiện tốt, tạo cảm giác chắc chắn.",positive,giá
Có nhận đổi xiaomi redmi not 13 lên đời not14 k ạ.,negative,khác
4G hơi yếu chơi liên quân thi thoảng bị lag,negative,khác
Thu cũ đổi mới có áp dụng góp không shop,neutral,khác
bên mình còn iphone 12 không,neutral,khác
Ra shop mua có giá này ko ạ! Hay chỉ đặt trên wed mới có giá này ạ!,neutral,giá
dùng ok ko để đi giới thiệu,positive,khác
OPPO A3 có hỗ trợ quay video ở độ phân giải nào?,neutral,khác
"em có đặt cọc ip 17 màu trắng 256g, mà thấy trên web có hàng r mà chưa ai liên hệ e để lấy hàng ạ",neutral,khác
"để giá này đến bao lâu vậy ạ? giá 11,790 ấy ạ",neutral,giá
Dt 16 promax mình mua sao mạng yếu hơn đt iphone khác vây vô cty trước đt cũ 11 promax mạng mạnh lắm mà đt này toàn chữE ko vậy shop.mong shop tư vấn hay do ios cũ có nên lên 26.3 ko,negative,hệ_điều_hành
"Đã mua và trải nghiệm, cực kì hài lòng nha các bạn",positive,khác
Iphone 17pro max bản 512G màu bạc hoặc màu trắng có giá bao nhiêu ?,neutral,giá
Mua điện thoại 13/01 điện thoại bị bụi camera lên yêu cầu đổi thì lấy lý do không muốn giải quyết thế giới di động càng ngày làm ăn càng rất tệ tôi cảm thấy không hài lòng với dịch vụ của Thế giới di động,negative,camera
Mình mới mua k biết tgdd có thu lại k ta,neutral,khác
Pin tuột nhanh quá,positive,pin
"Gọi video nói chuyện người khác không nghe, gọi mess cũng vậy là sao. Cần được hỗ trợ gấp",neutral,khác
"Không sài để qua đêm bị tuột pin, không nên mua, bộ phận chăm sóc khách hàng nói bình thường, không Sài bị tuột pin mà bình thường được.",negative,pin
Iph 15pro max lên 17pro max thì cap thêm bnhieu vậy shop,positive,khác
mẫu này có NFC không,negative,khác
Pin nhanh tụt.loa nghe ko hay.dc cái mở khóa khuôn mặt nhanh,negative,pin
mua iPhone 13 TGDD không có cổng sạc hả ad,negative,khác
Máy này còn ở long hải phước tỉnh bà rịa vũng tàu ko.1 tháng trả góp baonhiu,negative,khác
S24fe bản 8/128G mua hồi tháng 1 có được hỗ trợ đổi qua s25 bản 256g không shop,neutral,khác
Máy dùng rất OK,positive,khác
Máy có kèm cục sạc và tay nghe không shop,negative,khác
Sơn kém quá ở mắt cam bong tróc hết như đồ fake mới mua được hơn 1 tháng,negative,khác
tốt nhiệt tình,positive,khác
"Máy mua mới ngày đầu tiên để qua đêm tuột 3% pin, không rõ nguyên nhân",neutral,pin
Máy mình mua mới tại TGDD từ 11/9. Giờ mắt cam bị bụi bên trong.,negative,khác
"Sản phẩm hoàn hảo cho những ai thích sự tinh tế và mỏng nhẹ mà vẫn đầy đủ sức mạnh. Màu sắc mới năm nay rất lạ và sang trọng. Cảm ơn FPT Shop đã mang về siêu phẩm này sớm nhất để mình được trải nghiệm, phục vụ 10 điểm.",positive,màn_hình
"Thiết kế đẹp. Nhỏ gọn, cầm nắm tốt. Galaxy AI hữu ích. Pin không đủ dùng một ngày.",positive,pin
"mình mua điện thoại kèm tai nghe mà vẫn được giảm gần 1tr, cảm giác mua 1 mà giảm tiền 2 vậy ưng quá",negative,giá
"mình ở mễ trì hạ, từ liêm thì đến địa chỉ nào gần , có sẵn s25 12GB 512GB màu xanh navy vậy",neutral,khác
"Có ai mua đt về mặt sau đt không bằng phẳng không ạ, kiểu cảm giác tay như pin bị nhô lên ấy ạ, có phải như thế là pin bị phồng không ạ, giải thích giúp em với ạ em mới mua đt được 3 tuần à , mọi người thử xem đt của mình thế nào nhá",negative,pin
Máy này ở ấp rẫy tân hiệp châu thành tiền giang có không shop?,neutral,giá
Sao tớ mới mua máy có 2 ngày mà pin tụt nhanh lắm dùng chưa được 1 ngày đã phải sạc,negative,pin
"Máy mát không nóng, pin được cả ngày, nhỏ gọn cầm tay, bữa cầm đi event zoom nét căng, mê Samsung từ lúc có Ninh Dương Hà",positive,pin
Tôi mua trả góp không lãi khi tôi trả góp xong tính ra cao hơn với giá gốc khoảng 400 nghìn là sao vậy,negative,giá
"Màn hình AMOLED cực kỳ sáng và rõ, không cần phải lo lắng khi dùng ngoài trời nắng gắt. Lướt mạng xã hội hay cuộn web đều mượt mà, cảm giác vuốt rất thích tay.",positive,màn_hình
"Sài từ 28 tết đến nay ok, chưa phát hiện lỗi gì",positive,khác
Tại sao lên phiên bản 3.0.11.0 không có hyper island,neutral,khác
"Vừa mua ở thế giới di động Bắc Ninh , Sau một ngày sử dụng , Mình thấy pin trâu hơn con xiaomi 13t của mình . Và giờ mọi thứ vẫn bình thường , sử dụng một thời gian nữa sẽ đánh giá tiếp vì vừa chuyển từ adr Qua ios nên chưa quen với các thao tác lắm . Nhân viên ở cửa hàng rất vui vẻ và nhiệt tình tư vẫn , Ý định trước khi đi mua là Màu trắng đến cửa hàng nghe tư vẫn mua luôn màu Đen .",positive,pin
Còn ip14pro k shop,negative,khác
Mình mua dùm sử dụng thẻ . nếu e mình ko chịu có đổi hay bán lại được k bạn,neutral,khác
Tốt nha máy đẹp,positive,thiết_kế
Có chi nhánh nào gần khu vực Châu Thành -An Giang có sẵn máy màu bạc 512gb k?,neutral,khác
Mua trả chậm cần trả truoc bao nhiêu ạ,neutral,khác
cho mình hỏi tại cao lãnh đồng tháp có hàng không ạ,neutral,khác
"Mới mua chưa đc 1tháng, dùng cũng mướt nhưng lâu lâu đag vào ứng dụng và treo và tự thoát ra, ko hỉu lý do",negative,khác
mh mua s25 ngày 29/8 mọi thứ đều ổn.chỉ có gọi video zalo là bị vàng có cách nào khắc phục không qtv.mình đã gỡ cài đặt tải lại và khởi động máy mà cũng không hết.dùng điện thoại khác gọi thì rất ok..chỉ s25 gọi là hình bị vàng..,negative,khác
Mới mua một tuần cảm thấy hài lòng pin dùng cũng được một ngày vì máy mới nên ok,positive,pin
mới mua tháng 7 dùng ít mà pin còn 97 là sao vậy,neutral,pin
Em mua điện thoại oppo find n3 giờ muốn dán màn hình mà khó quá. Tại điểm điểm e mua hàng k có dán. Xin hỏi giờ muốn dán thì đi đâu ạ. E ở huyện yên mô tỉnh ninh bình,neutral,màn_hình
Fpt nguyễn văn linh Hưng Yên có sẵn hàng ko ạ và đc khuyến mãi j ạ,neutral,khác
100% tụt xuống cực kỳ nhanh thành 95,positive,hiệu_năng
"Đã mua. Máy rất đẹp, pin khoảng 1 ngày rưỡi. Hàng Apple thì khỏi bàn cãi gì nhiều",positive,pin
Đặc quyền bảo hành thêm 1 năm iPhone 17 Series1.300.000đ,negative,khác
máy xài vá ngoan xuất sắc pin trâu mỏng nhẹ,positive,pin
Bỏ ra 13tr đến giờ trải nhiệm quá tệ. Fan Mi đến tầm này bỏ thôi. Pin thì kém loa thì rè cam thì chụp xấu.cập nhên hyos thì cái ứng dụng tin nhắn thì thành 2 cái không xoá dc mới mua đc có 3 ngày cảm thấy rất tệ.,negative,pin
Chất lượng tốt,positive,khác
"Thất vọng iPhone 16 Minh mua về chua dùng ngay , sau 1 tháng 5 ngay bỏ ra kích hoạt dùng thì máy treo trắng màn hình không đang nhập được, phải mang đi hãng bảo hành, ko được đổi mới.",negative,màn_hình
"Dùng dc 1 tuần, rất ok, hi vọng ko lỗi gì, pin trâu xài bt 3 ngày mới hết",positive,pin
Hết lỗi nọ về lỗi kia cái đầu tiên thì bị lỗi cáp màn đã đổi cái khác thì khi cắm sạc bị đơ đơ máy kèm thêm mất đèn flast khi có cuộc gọi đến,negative,màn_hình
Mình muốn mua iPhone 15 256GB,neutral,khác
"Chi nhánh đường 3/2, hưng lợi ninh kiều cần thơ còn hàng ko ạ?",neutral,khác
"pin 5,000 mAh sử dụng thoải mái cả ngày, cùng với công suất sạc nhanh 45W giúp sạc đầy pin chỉ trong khoảng hơn 1 giờ cũng khá nhanh",positive,pin
"Thiết kế đẹp mắt, cầm chắc tay lắm. Màn hình to và sáng rõ, nhìn rất đã mắt.",positive,màn_hình
Mình đã mua máy tại số 3 kinh dương vương hồ chí minh nhân viên hỗ trợ hồ sơ góp cho mình nhanh gọn gàng và rất nhiệt tình cảm ơn ạ,positive,hiệu_năng
Tuần rồi đặt giao tại nhà nhưng cửa hàng thiếu người báo phải đợi thêm 1 tiếng nhưng nhân viên giao qua hỗ trợ sao chép dữ liệu rất tận tình nên thôi cũng hài lòng,neutral,loa_âm_thanh
Bị lỗi sạc điện thoại không vào pin khi mới mua có 10 ngày mong tgdd liên hệ sớm,negative,pin
Xã Liên Hương còn 17 ko shop,negative,khác
"Giao hàng nhanh gọn, đóng gói kỹ càng. Nhân viên FPT nhiệt tình tư vấn, hướng dẫn sử dụng chi tiết từng bước cho mình. Rất hài lòng với dịch vụ ở đây.",positive,hiệu_năng
Rất đẹp dùng rất tốt,positive,thiết_kế
"Ổn, thời gian dài nữa mới biết ntn",neutral,khác
"Máy ok tốt, sẽ giới thiệu cho bạn bè.",positive,khác
Bản 512 có sẵn hả shop,neutral,khác
bạn Khánh hỗ trợ rất nhiệt tìnhĐiện máy Xanh 633 Lê Văn Việt,neutral,khác
M muốn đổi từ 15 sang 15 plus thì ntn Máy ngoại hình 100 % luôn ý.,neutral,thiết_kế
Sản phẩm tốt... chức năng tốt...ko bị lỗi,negative,khác
Từ samsung a73 5g lên s24fe thì chi phí sao shop,neutral,khác
"Pin sài 10p tụt 2%, mình mới mua ngày hôm qua. Mình muốn trả hàng và đổi sang sản phẩm khác",positive,pin
CH co san iphone 15 vang 256GB ko em,negative,khác
"Máy rất đáng mua, có thương hiệu lớn, hiệu năng mạnh trong tầm giá, camera đẹp, sạc nhanh với viên pin tiêu chuẩn, có kháng bụi kháng nước, có 5G, có NFC, màn hình thì siêu đẹp rồi, nói chung không có gì để chê, nên mua",positive,pin
Muốn nhờ tgdd hướng dẫn cách tắt nguồn máy này ạ,negative,khác
"Mình đặt máy online, bên FPT gọi lại xác nhận rất cẩn thận, hỏi cả nhu cầu sử dụng để tư vấn đúng phiên bản. Giao hàng nhanh, nguyên seal, tem chính hãng đầy đủ nên khá yên tâm.",positive,hiệu_năng
"Mới mua chưa được 1 tháng, không chơi game, không sạc qua đêm. Sạc 28 lần pin còn 99% sạc 30 lần pin còn 98%",negative,pin
Máy xài rất mượt nhaNhân viên siêu thị thị trấn tân phú đồng nai rất nhiệt tình,positive,hiệu_năng
Máy mới mua được 5 ngày sạc pin hết cả 5 ngày. Sao pin nhanh hết vậy shop. lướt FB xem Youtube 4 đến 5 phút là hết 2 phần trăm pin,negative,pin
thu cũ oppo reno 4 khong ạ,negative,khác
Có ai dùng bị sóng đt yếu k ạ,negative,khác
Ở Cần Thơ còn con màu đen không cửa hàng,neutral,khác
Sản phẩm có ở sóc Trăng ko ạ,neutral,khác
"Màn hình cong tràn viền đẹp lắm , nhìn sang hơn hẳn bản thường. Màn hình AMOLED siêu sáng, hiển thị rõ, vuốt chạm ở phần cạnh cũng mượt mà, cảm giác rất thích tay.",positive,màn_hình
Trải nghiệm loa kép khi video call không lọc tạp âm rất tệ,negative,loa_âm_thanh
Samsung Galaxy Z Fold 6 có thiết kế như thế nào?,negative,thiết_kế
"Ở phường Cửa Nam, HN có cửa hàng nào còn sản phẩm ko shop?",neutral,khác
NV giao hàng nhanh chóng và rất nhiệt tình,positive,hiệu_năng
"Máy mượt, ba mình sử dụng rất thích nhưng mới mua tháng trước 5tr1 giờ check lại còn 3tr8",positive,khác
"Tốt, chụp ảnh đẹp",positive,camera
Đổi máy ss a23 đang xài tốt thì đc bao tiền,positive,giá
"Mới mua về ngày đầu sài thấy ổn qua ngày 2 cập nhật lên máy bị tình trạng hao pin tuột pin mặc dù ko sử dụng đang dùng tự nhiên máy khởi động lại , máy mua hôm 19/7 , mình muốn đổi máy mới",negative,pin
"Màu máy Coral Green mình chọn rất đẹp: vừa nổi bật mà vẫn tinh tế, nếu bạn thích máy màu sắc để cá tính thì nên chọn màu này; FPT Shop có đủ màu để bạn xem mẫu trực tiếp.",positive,màn_hình
Giá này là giá đập hộp ạ,neutral,giá
"E đã đặt hàng ip 17 256 màu tím và tt thành công. Hiện màu đó ko có sẵn, có thể đổi cho e sang màu nào cũng dc đang sẵn hàng dc ko fpt shop ơi.",neutral,khác
"Đã mua ip 17 pro trước tết 2026 và có trãi nghiệm rất tệ. Máy sài cực kì nóng nhưng đem ra cửa hàng bảo do chưa cập nhật phần mềm nên nóng, ok mình cập nhật phần mềm lên và máy vẫn rất nóng. Bên cửa hàng ko chịu đổi cho mình họ bảo mức độ nóng này chưa tính là nóng, khi nào máy nóng mà tự sập nguồn luôn thì mới tính là nóng.Mình đã bỏ tiền ra mua sản phẩm mà mà sài trong sự bất an rất sợ tình trạng cháy nổ của ip nên mình đã phải trả lại sau hơn 1 tuần sử dụng và mất 20% vì cửa hàng hoàn toàn từ chối trách nhiệm. Hơn 10 năm tin tưởng và sử dụng sản phẩm của TGDD và đây là lần cuối. À mình đã mua lại 1 cái ip ở cửa hàng khác, sau thời gian sài thấy khá là ổn áp nên mình mới viết bài đánh giá này",positive,giá
Nt bị đơ máy nhưng trên hệ thống kiểm tra ko bị lỗi bắt buộc phải mang máy về hãng kiểm tra 710 ngày,neutral,khác
Sp tốt oke dùng mượt,positive,khác
poco C71 có NFC ko shop,neutral,khác
"bắt kích hoạt ở của hàng, nhân viên active mất luôn quickstart để chuyển dữ liệu từ máy cũ. Lần đầu cũng như lần cuối mua tgff",negative,khác
Mục đích mình sử dụng đơn giản lên cũng chẳng biết đánh giá sao. Nhưng có đặc điểm là mình không còn thấy nhức mỏi mắt như lúc mình dùng oppo và live. Nghe gọi đây doc nét ko bị vấp,neutral,giá
Mình mua thì có được tặng quà gì ko shop,neutral,khác
Mình mới mua được 1 tuần . Giờ xem video trên FB cứ bị khựng lag. Rất khó chịu trong khi ứng dụng chạy nền không có thua hẳn những chiếc đt cũ khác cần tư vấn đổi trả sang thiết bị khác Thất vọng về con đt trong tầm giá,negative,giá
"Máy dùng khá là ổn,pin trâu và mượt. Không bị chậm thông báoVừa hôm quá 10tr190. Hôm này đã xuống 9tr6 thật không thể tin được",positive,pin
Giá sao shop,neutral,giá
Sử dung ok nhưng mới mua đc 5 tháng mà pin tuột quá,positive,pin
"Mua cho em gái học cấp 3 dùng, bản 6/128GB đủ để cài app học online, chụp ảnh đi chơi với bạn bè, pin cũng khoẻ nên không lo sạc nhiều, giá tầm trung mà được màn AMOLED 120Hz thì quá ổn.",neutral,pin
"Chào shop, máy này chi nhánh Đà Nẵng còn hàng không ạ? Và hssv có được giảm không shop?",neutral,khác
Sp tốt oke dùng mượt,positive,khác
Dùng ổn không quá nóng máy mới mua tối ngày 13 h dùng ổn lắm pin trâu,positive,pin
Xiaomi Poco M6 Pro 8GB 256GB có hỗ trợ NFC không?,positive,khác
mình đẫ đặt trước iphone air (đã đặt cọc) nay muốn đổi lai nhận iphone 17 pro max được không ?,positive,khác
Pin tụt rất nhanh,positive,pin
Tại sao lên ios 26.3.1 ip của tôi lại không sử dụng được các chức năng thu phóng ở nút chụp ảnh như ios 18.6. Nút chụp ảnh chỉ chụp ảnh mà không thể thu phóng được nữa,negative,camera
Sp này shop trên đường nguyễn văn quá còn ko?,positive,khác
Cảm giác sạc nó cứ bị nóng máy làm sao ý,negative,giá
"Mọi thứ đều ok. Chỉ riêng phần loa nghe chán , mở to nghe rè rè, âm thanh nghe không bằng con đt 5triệu",negative,loa_âm_thanh
mình mua 25.1 mà đến giờ bị tụt 4% pin r,negative,pin
Điện thoại ít xài mà pin thì cứ tuột nhanh như gì á sạc 4 lần mà tuột 1%. Thất vọng thật sự,negative,pin
E mua mấy đc gần tháng bị rơi vỡ màn hình 1 đường nhỏ giờ thay màn có được k ạ,neutral,màn_hình
Em có thể đăng ký trả góp online được ko,positive,khác
Shop cho Giá iphone 16 128g hôm nay,negative,giá
Đặc quyền bảo hành trọn đời900.000đ1.800.000đ,negative,khác
"Rất tệ cách bảo hành của 1 siêu thị lớn, lề là lề mề, công bố chính sách bảo hành ko quá 15 ngày, nhưng rồi vẫn vượt quá số ngày cam kết, cầm tờ giấy hẹn đến cửa hàng nhưng cũng chỉ nhận đc những lời đùn đẩy đủ lí do, Tôi cần đc gặp nhân sự có quyền hạn giải quyết việc này cho tôi, thực sự bực bội",negative,khác
Do you have model with LL with only e-sim not physical sim model?,positive,khác
"Chắc là mình may mắn máy rất tốt sạc cũng không nóng giữ pin lâu Mấy bạn cứ bảo là nóng máy pin thì tuột nhanh mình không biết mấy bạn dùng cục sạc gì Chứ theo các nhân mình,mình dùng sạc anker Năm năm rồi Máy nào dùng cũng ổn Pin không là vấn đề Chứ dùng phụ kiện của Apple rất tệ Sạc nhanh nóng máy khả năng rất cao.",positive,pin
Đổi 24utra lên 25utra,positive,khác
Mình hay mua đồ ở đây rồi nên quen mặt. Lần này tặng bố con Redmi Note 15. Bố cũng rất hài lòng luôn.,positive,khác
Máy rất tốt rất hài lòng về sản phẩm,positive,khác
"Máy đẹp, sử dụng mượt, ổn định",positive,thiết_kế
Có thu note10+ khi mua ssA56 ko shop,neutral,khác
"Mình muốn trả góp 17prm màu trắng , trả trc 15tr . Trong 6 tháng",negative,khác
máy sài quá tuyệt vời,positive,khác
An Giang mới giao mất mấy ngày shop.,negative,khác
Dạ cho hỏi samsung a53 5g...nếu muốn đổi sang ss s25ultra thì sao ạ,neutral,khác
Cho mình hỏi là iphone 15 hiện giờ có giá bao nhiêu và sinh viên fpt mua thì có được giảm giá không ạ,neutral,giá
Thật sự để mà nói thì đã lâu lắm rồi mới dùng lại ss công nhận tốt Thật sự,positive,khác
Quảng ngãi còn 14 128g đỏ hok shop,negative,khác
Xài xịn khỏi chê luôn. Siêu thị 01 Cộng Hòa nhân viên dễ thương cực,positive,khác
17 256gb còn hàng ở hà nội không ạ?,negative,khác
"Máy ổn định, pin trâu, màn hình đẹp.",positive,pin
Sai rất là tuyệt vời,positive,khác
Sao mới dùng có 2 ngày cam nó như bị thay vậy ?,neutral,khác
Máy hay bị đơ khi có cuộc gọi tới lúc màn hình khóa.không gạt sang để nghe cuộc gọi đến.cập nhật iOS mới nhất vẫn bị,negative,màn_hình
Điện thoại mua được hơn 1 tháng tại điện máy xanh đang dùng trên tay đột nhiên liệu sập nguồn không lên được nữa. Đi bảo hành thì phức tạp. Giờ đi sữa bỏ tiền ra mua máy zin mới được 1 tháng thành máy đã quá sửa chữa. Trong khi dùng rất cẩn thận chưa hề có và chạm gì. Rất thất vọng,negative,giá
Máy oke . Nếu sài nghe gọi coi fb video thời gian ngắn thì pin sài hơn 1 ngày sạt 100% 7h sáng sài tới 19h còn 48%,negative,pin
Mấy bác sao ấy chứ.tôi sử dụng gần 2 tháng này có lỗi gì đâu dùng rất mượt.. cảm biến vân tay và khuôn mặt rất nhạy và chính sát... không như các bác nói,positive,màn_hình_cảm_ứng
Đồng Tháp (Tiền Giang cũ) còn hàng ko Shop?,neutral,giá
Iph 15pro max lên 17pro max thì cap thêm bnhieu vậy shop,positive,khác
"Máy không seal , không củ sạc , không tai nghe . Hộp cũng không còn nilon bảo vệ . Biết vậy không mua , không khác gì xài hàng cũ. Lần đầu thử trải nghiệm mua online tại TGDD và cảm giác rất thất vọng",negative,giá
hôm qua mình mới mua máy. cho mình hỏi sao k kết nối được imess và facetime với sđt dc vậy ạ. e thử các cách hướng dẫn trên mạng rồi. kbiet nvay có đổi 11 dc k ạ huhu,neutral,khác
"iphone 15 thường 256 con tại chi nhánh hoàng văn thụ, tân bình không ạ",neutral,khác
Minh muon đổi máy iphon15 promax lay cay 17 promax thi phai bù bao nhieu ạ?,neutral,khác
"Cho mình hỏi ở khu vực quảng ninh còn ip 15 màu vàng k ạ, hoặc ở tỉnh khác ship cũng được ạ",neutral,khác
Tôi đã mua máy tại thế giới di động. Máy rất mượt và pin rất tốt tôi rất ưng ý. Đặc biệt là cam chụp rất đẹp. Dù là máy cũ nhưng mà chất lượng thì cũng là tốt. Tuy loa còn hạn chế một chút nhưng tôi lại dùng điện thoại khác để nghe nhạc,positive,pin
GIAO HÀNG NHANH,positive,hiệu_năng
"Nói chug máy dùng ok.loa không được to lắm..mà cho mình hỏi mình mua 21/10/2025 giờ mới để ý...camera khi quay video hình nó chuyển động chậm hơn tay mình cầm máy di chuyển..vd mình quay bên trái sang phải mình dừng lại tầm gần 1s khung hình trong điện thoại mới tới nơi..rất khó chịu.ko biết mỗi máy mình bị thế hay tất cả máy khác đều như vậy nữa...chụp ảnh thj đỡ hơn 1 tý nhưg vẫn đỳ lay 0,mấy s ý...",neutral,camera
Còn hàng ở Bình Phú Thạch Thất Hà Nội không Shop Iphone 14 trắng 128g,negative,khác
"Vừa mua ở thế giới di động Bắc Ninh , Sau một ngày sử dụng , Mình thấy pin trâu hơn con xiaomi 13t của mình . Và giờ mọi thứ vẫn bình thường , sử dụng một thời gian nữa sẽ đánh giá tiếp vì vừa chuyển từ adr Qua ios nên chưa quen với các thao tác lắm . Nhân viên ở cửa hàng rất vui vẻ và nhiệt tình tư vẫn , Ý định trước khi đi mua là Màu trắng đến cửa hàng nghe tư vẫn mua luôn màu Đen .",positive,pin
trả góp là đưa trước hơn 1tr là được cầm máy dko ạ,neutral,khác
17 thường trắng ở Hội An còn hàng không ạ?,neutral,khác
GIAO HÀNG CHẬM VÀ MONG LÀ GIÁ SẼ GIẢM HƠN,neutral,giá
Điện thoại bi xước camerA bên trong. Chụp bị nhòe mình đem ra cửa hàng. Mà phải gửi đi hãng thậm định đúng lỗi mới cho đổi hả shop. Mất 7 10ng lo lắng quá.,negative,camera
15 THƯỜNG 128GB lên 17 pro bn ạ,negative,khác
đây là máy cũ hay máy mới đây ạ,neutral,khác
sản phẩm quá đỉnh,positive,khác
Sản phẩm dùng rất tốt,positive,khác
"Sau khi sử dụng gần 2th thì mọi thứ rất ok pin sài khá lâu , lúc tính mua nghe lỗi nhiều mình cũng phân vân lắm nhưng đến bây giờ thì mình rất hài lòng",positive,pin
Mua k dc nhân viên tư vấn giảm 200k,neutral,khác
Trải nghiệm 15 ngày thấy Sơn trầy nhanh quá mặc dù dùng ốp lưng,positive,hiệu_năng
"Máy rất mượt, nhưng thấy hơi hao pin. Mới dùng thấy ổn vs tầm giá",positive,pin
Iphone 15 thường 256G đập hộp còn ở Hạ Long Quảng Ninh không ạ?,negative,khác
Ip17prm thì ngon rồi. Pin trâu cực kì cam đẹp sạc nhanh ok nhất là không nóng máy nha đẹp nua Ai mà mua ip16prm hối hận lổ tiền thôi. Tôi mới đầu mua cũng sợ lổi mà mua roi quá ngon 37.990 đúng đồng tiền,positive,pin
"Đang xài rất ổn , pin thời lượng cả ngày là có thật , đáng giá với túi tiền vừa phải đối với sv dân lao động như mình , nên mua",positive,pin
"Làm ăn không uy tín Máy lỗi thì đổ thừa do khách, không gởi hãng thì mất phí Bỏ tiền ra mua cái tệ hại cho bản thân",negative,giá
"Rất đẹp, rất mượt",positive,thiết_kế
Hiện tại ở Xã Tháp Mười tỉnh Đồng Tháp đang có sẵn iPhone 17 màu nào ạ,neutral,khác
sinh viên có giảm giá k ạ,neutral,giá
Quả máy mới mua hum 20 tháng 5 năm 2024 mà trượt lúc được lúc không máy thì dùg ô khê,negative,khác
17 promax góp thì đưa trc bnhiu ạ,negative,khác
Tốt dùng mượt,positive,khác
Mới dùng nên thấy ổn,positive,khác
cái team imei mặt lưng điện thoại mình gỡ ra thì có ảnh hưởng gì không,neutral,khác
"Sản phẩm tìm kiếm nhiều: Macbook Neo | Samsung A37 | Samsung A57 | Samsung S25 | Samsung A56 © 2007 - 2024 Công Ty Cổ Phần Bán Lẻ Kỹ Thuật Số FPT • Địa chỉ: 261 - 263 Khánh Hội, P. Vĩnh Hội, TP. Hồ Chí Minh • GPĐKKD số 0311609355 do Sở KHĐT TP.HCM cấp ngày 08/03/2012.GP số 47/GP-TTĐT do sở TTTT TP HCM cấp ngày 02/07/2018Điện thoại: (028) 7302 3456 Email: fptshop@fpt.com Chịu trách nhiệm nội dung: Nguyễn Trịnh Nhật Linh.",neutral,khác
Mới mua hôm qua máy mượt pin trâu,positive,pin
máy e mua từ 1/8 mà dùng đến bây giờ dung lượng pin tụt 6% thì giờ lỗi này đổi trả đc máy không ạ,negative,pin
Poco x7 có tại vạn ninh khánh hoà ko ạ,neutral,khác
Sản phẩm rất tuyệt vời,positive,khác
"2 năm nay Samsung làm dòng A quá được cảm giác như quay lại chời trau chuốt của dòng A 2017 đổ về trước. Nói chung trong tầm giá này hàng chính hãng ko có model nào tốt hơn A56 A36 được. Mọi thao tác trên máy đều mượt mà, trước khi mua nghe nhiều ý kiến phần camera ko mượt nhưng chắc là tối ưu phần mềm chưa kịp thôi, lên OneUI8 xong cảm giác còn đỉnh hơn, thời lượng pin tốt hơn, camera vẫn đẹp ko bị bóp hiệu năng rất mượt mà. Vả lại hứa hẹn update OS 6 năm chắc mấy hãng Android ở VN bây giờ mình Samsung làm đc thôi.",positive,pin
OPPO A58 này có hỗ trợ cảm biến vân tay kh?,positive,bảo_mật
"Mình dùng Redmi Note 14 5G để xem phim + lướt mạng ngoài trời, màn AMOLED 120Hz + độ sáng cao giúp nhìn rõ mà không bị chó",positive,màn_hình
Chơi game với chụp ảnh quá tốt luôn,positive,camera
Giá ở chi nhánh đăk rlap đăk nông là bao nhiêu ạ,neutral,giá
18 tuổi chưa đủ tháng góp được kh ạ,negative,khác
Máy lỗi gửi bảo hành hẹn 14 ngày là xong. Gửi ngày 28/3. 3/4 gọi hẹn 7/4. 5/4 gọi báo lễ hẹn 10/4.10/4 báo dự kiến 16/4. 11/4 gọi lên bảo dự kiến 20/4. Ủa vậy hẹn 14 ngày là 14 ngày như thế nào. Là bảo hành dữ chưa,negative,khác
"Mẹ ơi đúng ngon luôn,hàng xiaomi mà trên 10 củ nó vẫn là cái gì đó quá đẳng cấp",positive,khác
em 18t không nợ xấu gì hết mua trả góp a56 có cần chứng minh thu nhập hay gọi thẩm định người thân không ạ,neutral,thiết_kế
Mới mua con máy này cho mẹ xem video tiktok YouTube xem mượt lắm.,positive,khác
"Sử dụng chip Snapdragon 6 Gen 3, mang lại hiệu năng ổn định, mượt mà cho các tác vụ hàng ngày và chơi tốt các game ở mức setting cao",positive,hiệu_năng
"E này chạy siêu mượt, mở nhiều app cùng lúc cũng không giật lag gì cả, pin thì trâu hơn cả mong đợi luôn, đi chơi 2-3 ngày không cần sạc lại.",positive,pin
"Đã trãi nghiệm hơn 1 tuần thấy trơn chu mượt, màn 6.9 tưởng to và khó cầm nắm nhưng không , cảm giác máy cầm đầm tay nhẹ hơn con 14prm 1 chút. Pin cũng trâu với tác vụ bình thường không chơi game thì em xài 2 ngày sạc lần.",neutral,pin
Máy mới mua dc 4 tháng lỗi nút giảm âm lượng bị cứng còn bảo hành dc k,negative,khác
Lên hồ sơ ko duyệt bên Home mấy ngày sau ra lên hs lại đc ko ạ . Tại bửa ko biết trả trc có 30% ko duyệt h làm hs lại trả trước 50% có lên đc ko shop . Mua ip14 ạ,neutral,khác
13 thường lên 17 prm 512g cần bù bao nhiêu,neutral,khác
"Tôi mua 17prm 256GB với giá 37.990.000Nhưng không được tặng kèm bất kì cái gì cả Đến tấm kín cường lực cũng phải mua với giá 198.000Các phiếu mua hàng giá trị còn lại không được cung cấp Trong hoá đơn có ghi , nhưng tôi không hề nhận được Phải chăng nhân viên thế giới di động đã ăn chặn các phiếu mua hàng đó của tôi Tôi mua ở TGDĐ xã Gio Linh tỉnh Quảng Trị huyện Gio Linh cũ",neutral,giá
"Xài rất tệ, máy ko đc mượt cấu hình rất chậm, nói chung rất là tệ",positive,khác
cho mình hỏi Redmi note15 8G/256G bảo hành bao nhiêu năm vậy ạ,neutral,khác
Dùng tốt so với giá tiền,positive,giá
"tư vấn trang tốt , nhân viên thực tế nhiệt tình",positive,khác
Cho mjk hỏi s25 utra tại xã thiên Lộc Hà Nội còn không ạ,neutral,khác
S mà dt toàn quay 5g j kỳ v. Mà chup hinh thua xa reno 2f ngay xua,negative,khác
Ngoại trừ apple intelligence chưa hỗ trợ tiếng Việt thì còn lại chưa có gì để chê. Đáng từng xu.,neutral,loa_âm_thanh
Điện thoại có hỗ trợ sạc không dây không,positive,khác
Mua điện thoại n bắt buộc phải chọn gói bảo hành 300k ạ?,negative,khác
"Máy rất mướt , lướt đúng đã luôn mn , sp tốt mà còn có hãng dưới quy nhơn nữa quá tiện luôn",positive,khác
Mình iphone 16 pro max 256 lên 17pro,positive,khác
"Máy mạnh, thiết kế đẹp, màn hình tiệc vời. nhân viên tư vấn ok",positive,màn_hình
Có sài sạc dc sạc 67w hay 80w không shop,positive,khác
quá tuyệt vời,positive,khác
Máy tệ. Camera bị treo thường xuyên. Mang tới cữa hàng nhân viên bảo bị lỗi phần mềm chờ cập nhật lên ios là hết. Đem về cập nhật lên ios mới nhất vẫn bị. Bây giờ mà trả được là trả ngay và liện. Rất chi là bực.,negative,camera
"Mình chấm qua app loại 1, giờ lên đời từ s25u thì bù bao nhiêu shop",neutral,khác
Để hk Sài cũng hao pin,negative,pin
"Máy xài mượt , tốt !",positive,khác
"Pin tụt nhanh ko biết có ổn ko ,",positive,pin
em có 10tr muốn mua trả góp có đc k ạ,neutral,khác
Tôi cần hổ trợ. Tôi ở long thành đồng nai,positive,khác
Máy quá tốt tôi đang dùng Ss qua mà máy dùng rất là hay nhân viên hỗ trợ nhiệt tình sẽ ủng hộ sau này,positive,khác
Sản phẩm này tiền giang cũ có hàng k ạ,neutral,giá
"khi gọi Zalo, Viber camera trước hình bị vàng màu. Làm thế nào khắc phục",negative,camera
Shop có hỗ trợ thu lại honor play 10 4/128g mới mua chưa được 2 tuần không vậy ạ,neutral,khác
"Camera chụp tốt trong điều kiện đủ sáng, ảnh sắc nét, màu trung thực.",positive,camera
"Mình mua máy 22/5 xài chưa được 3 tháng đã tụt 2% pin Máy rất nóng, lúc mua hỏi nhân viên sao nóng giữ vậy. NV nói là lần đầu nó chạy máy nên vậy nhưng qua 23 ngày là hết. Nhưng k về vẫn nóng, đc 1 tháng đầu máy ổn qua tháng kế tiếp Pin sạc đầy xài xong tụt rất nhanh. Tới giờ chưa đc 3 tháng kiểm tra còn 98% pin trong khi đó xài máy ip7 sau 1 năm hơn mới có hiện tượng tụt pin. Rồi giải quyết làm sau",negative,pin
Hôm trước cho 5 sao . Giờ cho 1 sao luôn . 4g 5g rất tệ . Chơi game toàn bị lag,negative,khác
ip 15 thường 99% là bao nhiêu ạ,neutral,khác
"cụm camera nâng cấp của A56. Camera nét và chống rung tốt sẽ giúp tôi quay video TikTok,làm conent khá tốt.",positive,camera
Điện thoại hay nóng máy,neutral,khác
"Mới mua iphone 17 256 xanh lá xô chưa được 1 tháng Nút âm lượng máy có vấn đề Nút giảm âm lượng nảy kêu tanh tách , còn nút tăng thì vẫn bấm được nhưng bị mềm và ấn không kêu tanh tách. Vì đeo ốp cứng nên thi thoảng ấn rất bị khó Liệu đây có phải là lỗi được đổi trả sản phẩm khác không Hay lại phải bù thêm phí Nếu dùng về lâu dài e rằng nút sẽ gặp vấn đề.",negative,khác
Sản phẩm tốt... chức năng tốt...ko bị lỗi,negative,khác
Máy dùng nhanh hết pin,negative,pin
"Còn sẵn máy tại thuận thành, bắc ninh k shop",neutral,khác
Cảm giác rất vip.Mượt không tí gợnĐúng la max của đỉnh.Màn hình đẹp.Zoom xa hơi vỡ tí.,negative,màn_hình
"Nói chung con vợ này quá oke rồi hẹ hẹ hẹ, tiếc mối 120hz thì nai xừ",positive,khác
"Mình đang dùng con Xiaomi redmi 10 2022 ,vậy mình có thể đổi để lên đời con này đc k ạ",positive,khác
"Cũng tạm. Hàng trưng bày có bị xước màn hình rồi nhưng mọi thứ dùng ổn. Pin 100% nhưng hơi đuối. Tóm lại giá rẻ hơn mọi chỗ, máy zin all, chế độ bảo hành đổi trả kém hơn chỗ khác. OK",negative,pin
S22 lên đời s24 có hỗ trợ không ạ,neutral,khác
Mua gần tháng thì hay bị sập nguồn mặc dù pin đầy cứ đag dùng là nó đơ lag xong sập nguồn luôn mới đổi sag con khác ngày 1/12 tệ hơn cả ooppo a53mua năm 2019 nữa,negative,pin
Mua có được tặng loa trong cửa hàng luôn à,neutral,loa_âm_thanh
"Tôi rất hài lòng với sản phẩm này của tgdd , đt iPhone 14 lướt nhanh chụp hình trong sáng",positive,hiệu_năng
"Mình mua được 1 tuần nhận xét như này pin dùng thoả mái từ tối hôm trc sạc đến 10h tối hôm sau dùng vẫn ok , chip a15 nói chung ổn nhanh vs các tác vụ cơ bản rất mượt ko bị chững như con xs max trc. Mua chip quan trọng hơn ram là hợp lí. Dung lượng 128g con này thấy ko báo ảo đựng dữ liệu cũng mấy nghìn cái video . Chỉ một điểm yếu của nó là máy ảnh nó ảo hơn xs max . Màn hình thì ko thấy bị mỏi mắt khi xem nhiều có thể do lần đầu mua máy ở tgdd còn trc mua xs max mua ngoài quán nó thay màn r . Nói chung thấy chất lượng so vs tầm giá",positive,pin
Mới sài có 8tháng pin còn 95%. Quá bưa.,negative,pin
SAM PHAM TOT SAC PIN NHANH LOA KEP MOI NGUOI NEN MUA,negative,pin
"Nhìn chung là sảm phẩm rất ok, nhân viên cũng tư vấn cũng nhiệt tình",positive,khác
"Ok nhanh tốt , đúng hàng giá hợp lý",positive,hiệu_năng
5 sao tuyệt vời,positive,khác
mình muốn mua iphone 14,neutral,khác
"Với số tiền bỏ ra thì em này quá ok , pin xài cả ngày , mượt cam khá ok ngoại hình đẹp , sang , chơi game cũng quá ok luôn , sẽ cứ mua mà xài ko hối hận đâu",positive,pin
Không cần bàn về chất lượng vì quá tốt,positive,khác
Ip 17-512gb có sẵn ở thạch thất k ad,negative,khác
Cho mình hỏi là mình có redmi note 12 4-128 giờ mình mới đổi qua con này có được hong ạ?,neutral,khác
"Sản phẩm đúng như mô tả, giao hàng nhanh và đóng gói cẩn thận.",positive,hiệu_năng
Cái này máy mới luôn phải không ạ?,positive,khác
Tôi muốn mua trả góp 1 tháng là bao nhiêu tiền và có qua nhà nhận tiền mỗi tháng trực tiếp được không,neutral,giá
"Mới mua 4 tháng, muốn bán lên 17",neutral,khác
Sản phẩm tốt. Nguyên seal nguyên kiện,positive,khác
"Giá sau giảm là 4890k là 17690k hả shop,khu vực Lương tài - Bắc Ninh ( cũ) thì mua có địa chỉ nào gần nhất ạ",neutral,giá
Mình muốn mua iPhone 14 plus cũ,neutral,khác
Mình muốn mua trả góp ạ,neutral,khác
Tôi đang sử dụng sản phẩm rất OK,positive,khác
"Giá iphone 16 128g mua tại cửa hàng bao nhiêu ạ, hssv có giảm gì không ạ",neutral,giá
"Cảm ứng mới sài 1 tháng bị nhảy chữ phải tắt khởi động lại, chụp hình cũng thường không như qc 200mp",negative,màn_hình_cảm_ứng
bên mình còn ip 13 màu hồng k ạ,neutral,khác
Gio mua dc tặng quà gi k shop,neutral,khác
dt nay o cac sieu thi da co ban chua vay shop,neutral,khác
Giá tốt hơn nơi khác,positive,giá
Hà Trung - Thanh hóa có ko,neutral,khác
"Chắc là mình may mắn máy rất tốt sạc cũng không nóng giữ pin lâu Mấy bạn cứ bảo là nóng máy pin thì tuột nhanh mình không biết mấy bạn dùng cục sạc gì Chứ theo các nhân mình,mình dùng sạc anker Năm năm rồi Máy nào dùng cũng ổn Pin không là vấn đề Chứ dùng phụ kiện của Apple rất tệ Sạc nhanh nóng máy khả năng rất cao.",positive,pin
"Cảm ứng mới sài 1 tháng bị nhảy chữ phải tắt khởi động lại, chụp hình cũng thường không như qc 200mp",negative,màn_hình_cảm_ứng
Dùng tốt nhưng dễ vỡ kính mặt lưng,positive,khác
"Điều đầu tiên mình rất ưng khi đi mua hàng ở TGDĐ đó là chính sách hỗ trợ khách hàng siêu tốt, mình mua con Galaxy A15 4tr5 dùng được 1 năm, đến khi mang ra TGDĐ thì vẫn được hỗ trợ thu cũ lên đời con Xiaomi 15T Pro này, mà còn được thu lại với mức giá khá cao, giá thu khoảng tầm 85% so với giá mua lúc trước. Các bạn nhân viên hỗ trợ mình cũng rất tận tình và chu đáo. Máy dùng oke, không có gì phải bàn cãi, có điều pin tụt hơi nhanh so với dung lượng 5500mah, chắc do chip khoẻ quá nên ngốn điện hơi nhiều. Nói chung là 10/10, không có nhưng",positive,pin
"Xài rất đã, pin rất trâu, mấy thánh chưa xài thì đừng vội đánh giá nghen.",positive,pin
"Mượt chụp ảnh đẹp, mỗi tội pin ko lâu như mong đợi. Xài từ sáng đến chiều là đã hết sạch pin",positive,pin
Máy phản hồi chậm. Pin tụt nhanh hơn tụt quần. Nhìn pin nó tụt giống như đồng hồ đếm ngược chứ không nghĩ là báo % pin. Nản.,negative,pin
"Cực hợp cho mấy bạn thích máy đẹp nha. Cam chụp sáng ngon, thiếu sáng hơi fail",positive,thiết_kế
"Máy nóng quá, nhất là lúc sạc điện hay khởi động lại. Chạy tác vụ cũng vậy, nóng hơn con S21 cũ đang dùng.",negative,khác
Dùng tạm ổn nhưng pin nhanh hết. Giờ e không muốn sử dụng nữa shop mua lại giá bao nhiêu ạ,neutral,pin
"Mua 1 em Deep Blue 256GB mua từ 19/9/2025 . 1 em Silver 256GB mua 6/10/2025 trải nghiệm cực kỳ tốt, pin cực kỳ trâu , tiếc là chủ nhật ngày 12/10/2025 thì thằng bạn ra uống bia , mình đi rửa bát nó tháo cả cái ốp 1 củ 4 của mình ra và làm rơi em màu Deep Blue và bị móp mất . Cái kết có hậu lại được đổi 1 em màu Silver mới V . Thế là có 2 em Silver rồi",positive,pin
iPhone 13 còn màu trắng ko. Chính sách trả góp ntn vậy,negative,khác
Ip17prm thì ngon rồi. Pin trâu cực kì cam đẹp sạc nhanh ok nhất là không nóng máy nha đẹp nua Ai mà mua ip16prm hối hận lổ tiền thôi. Tôi mới đầu mua cũng sợ lổi mà mua roi quá ngon 37.990 đúng đồng tiền,positive,pin
"Thông báo chậm , vào ứng dụng download còn chậm , ko mượt nhu ios",negative,loa_âm_thanh
"Shop ơi mình muốn hỏi xíu ạ là ở Hà Nội mình còn cửa hàng nào đang có sẵn mẫu iphone 15promax hoặc 14 promax new còn bán không ạ, mình cảm ơn shop ạ",neutral,khác
"Mình mới mua IP 17 Promax ở Hải Phòng, nhân viên tư vấn bán hàng ko nói và khi về mình mới để ý phát hiện ra là IP mã ZP/a và đã được kích hoạt từ trước 28/1/2026 trong khi ngày mình mua là 3/4/2026 Quá thất vọng",negative,khác
MÁY XÀI OK NHƯNG KHÔNG MỞ ĐƯỢC QUAY MÀN HÌNH,negative,màn_hình
15prm titan tự nhiên zin 256gb pin 90% thì bù khoảng bn để đổ 17pro vậy ạ,neutral,pin
KM tặng kèm có gì nổi bật không xốp?,neutral,khác
Đồi ip12 promax 256GB lên 17pro trả góp có được không ạ,neutral,khác
Tốt Nhưng mà để qua đêm tuột 6%,positive,khác
Mua ở cửa hàng thì có giữ giá 5tr790k đến hết 2/9 ko,neutral,giá
Tại sao lúc zoom camera lên khoảng 6.0x nghe rung kêu tích nhẹ v ạ,neutral,camera
bên mình có thu mua lại ss a 12 hk ạ,neutral,khác
"Iphone 16e rất tốt vượt mong đợi. Lúc mua giá 15.790.000đ, bây giờ giảm còn 13.990.000đ quá rẻ nên mua",positive,giá
Poco x7 5g ở sa đéc có hàng không shop,neutral,khác
Làm sao để mua với giá 10tr mấy đó,neutral,giá
Mới dùng đc 1 tháng....tự nhiên đơ lúc mở màn hình cở 5 phút tự động ngắt máy khởi động lại,negative,màn_hình
"còn hàng kg xanh navy , đổi máy s23 ultra",negative,khác
"mua iphone 16 pro max thật không vui tí nào...lỗi búa xua...nghe cộng đồng mạng kêu quá trời...tôi có lẽ may mắn hơn...chỉ gặp lỗi bàn phím và kết nối wifi lúc đầu...nhưng tới bản ios 18.1.1 mới cập nhật tối hôm trước xong,sáng sớm thì sim kết nối chập chờn,đến 3h chiều thì máy báo không có sim...ối giời ơi không thể nghe ,gọi được....quá buồn vì mất thời gian vọc vạch kiểm tra sim,chế độ máy bay,đặt lại kết nối mạng,khởi động lại......nhưng vẫn lì ra...cứ tịt sim,...nếu cài đăt gốc thì phải tốn thời gian cài lại,tối ưu cho máy,tải thêm ứng dụng,sao lưu nữa...mệt rồi đây...tgdd theo tôi nghĩ cần tích cực thông báo cho apple càng sớm càng tốt...rõ đã tốn nhiều tiền mà còn mệt ...",negative,giá
Có dc tra góp ko shop,neutral,khác
Có thu dt củ ko,neutral,khác
Mình mua bên thế giới di động các bạn bảo điện máy xanh với tgioi di động là 1 . Mua ip 16 promax hqa . Cứ bị lỗi cứ khởi động lại hoài kèm theo máy nhanh hết pin . Sang thắc mắc thì nói do phần mềm . Cài lên ios 18.0.1 vẫn bị . Giờ câu trả lời vẫn cứ là do lỗi phần mêm hãng . Thất vọng vô cùng luôn . Lỗi kêu 1 đổi 1 mà giờ cứ kêu về dùng đi có gì báo lại,negative,pin
Oppo find N3 flip có dán màn hình sẵn mặt trong không ạ,negative,màn_hình
Mjk muốn đặt hàng bản 8.256gb có được k shop???,neutral,khác
dùng ok ko để đi giới thiệu,positive,khác
Em xin tư vấn trả góp bên mình với ạ,neutral,khác
Điện thoại mua ngày 16/9 đến ngày 12/11 còn 98% pin,negative,pin
Mình đả gửi inphone 14 di kiểm tra máy mình đả dùng 23 ngài bị tróc sơn rất phiền phức bỏ tiền mua sài mà phải đi hầu nửa rất bực bội mong hảng inphone phải hồi mình sớm để mình còn tínhchứ kéo dài thời gian qua thang thứ 2 mình lổ thêm 30% là ko dươc àk.đúng xui đưa ngai mình máy lổi tróc sơn,negative,giá
Máy này sạc khoản bao lâu thì mới đầy pin a,negative,pin
OPPO A58 8GB có hỗ trợ Dual SIM không?,neutral,khác
"máy dùng tốt, mua 10 ngày rồi vẫn chưa nhận được loa",positive,loa_âm_thanh
"Pin tụt nhanh ko biết có ổn ko ,",positive,pin
shop ơi mk muốn mua trả góp iphone 16 128gb trong vòng 12 tháng thì phải trả trước bao nhiêu ạ ?,neutral,khác
mới sài dc 2 ngày máy khá nóng khi sài 2sim để chế độ auto phải tắt bớt 1 sim về chế độ 2G để đỡ nóng máy,positive,khác
Đổi trả máy cũ lấy máy mới xog có trả góp được không shop,neutral,khác
Sản phẩm ok,positive,khác
Pin tụt nhanh tắt nguồn khởi động lại tụt mấy phần trăm,negative,pin
Mới mua mà sài máy bị treo hoài,negative,khác
"sản phẩm dùng tốt, màu sắc đẹp",positive,màn_hình
sản phẩm này còn màu xám tại Long Thành - Đồng Nai không ạ?,positive,khác
khu vực sơn la còn máy ko ạ???,negative,khác
ở nho quan ninh bình có hàng này không ạ,neutral,khác
"Máy mới mua gần dduowjc 1 tháng, mà dùng lướt bình thường bắt wifi mà nhanh tụt quá. Sáng đầy mà dùng chưa đến 1 ngày đã hết pin",negative,pin
Dùng được. Bạn cho mình hỏi giá thay thế camera sau của Ip17 tiêu chuẩn và khi thay có mất kháng nước không ạ.,neutral,camera
"Điện thoại mới sử dụng được 1 ngày, thấy cũng tạm ổn. Sẽ quay lại đánh giá sau khi sử dụng lâu.TGDD xưa nay luôn k làm tôi thất vọng với thái độ phục vụ của nhân viên. Nhưng lần này tôi cho 1 sao với thái độ của quản lý cửa hàng. Sẽ k bao giờ quay lại ở cửa hàng đó",negative,giá
"Máy sau cập nhật 2 lần thì mau hết bin, màn hình xem nhiều video tiktok bị bể nét, sau lần update mới nhất thì cả video trên FB cũng bị tương tự, chán dị tr",negative,màn_hình
Pin nhanh tụt.loa nghe ko hay.dc cái mở khóa khuôn mặt nhanh,negative,pin
"Máy khá tốt , cam sau chụp khá nét, có điều máy khi sạc pin chỉ tới 80% r ngừng, mk đang thắc mắc vấn đề này",positive,pin
"Mình có mua 1 máy ở điện máy xanh thới lai cần thơ. Khi mua thì nv đưa máy đã khui seal. Về xài đc vài ngày thì khi lướt tik tok loa bị rè. Đem lên bảo hành thì nói muốn 1đổi 1 thì đợi test máy 15 ngày. Với lại do ứng dụng tik tok chưa cập nhật phần mềm. Về xài thêm thì lại bị nv, mình ra bảo hành nv lại nói do đt 2 loa nên rè, bịch lại 1 loa, và do ng quay clip xài hệ điều hành khác nên clip nghe rè.. M ng nếu có mua máy dòng này nên cân nhắc kĩ dòng đt này. Để đt thiết kế 2 loa mà bị rè thì cũng như ko.",negative,thiết_kế
"Shop giao hàng nhanh quá, đóng gói cẩn thận nữa. Nhân viên tư vấn nhiệt tình, hướng dẫn sử dụng chi tiết luôn.",positive,hiệu_năng
Có poco f7 với poco f7 pro ko phop,neutral,khác
"Trước dùng iPhone, sam sung nay sang oppo thì thấy máy tầu nhiều quảng cáo quá",negative,khác
Dùng ổn không quá nóng máy mới mua tối ngày 13 h dùng ổn lắm pin trâu,positive,pin
Chị mua iPhone 16 128g ngày 5/2/2025Sao trong phần bảo hành lại thấy là gói bảo hành đã hết hạn,negative,khác
"Mình cần bán lại, 256g , màu đen mới mua ngày 22/4, mình dx tặng cái mới nên dư cần bán xxxx716808",neutral,khác
SAMSUNG A16 4G 128 GIÁ BAO NHIÊU Ạ. nếu em là sinh viên thì cầm thẻ sinh viên theo mua có được giảm không ạ,neutral,giá
"Máy poco m6 pro em mới mua, không biết bị lỗi gì. Lâu lâu màn hình màu sắc bị nhòe, kèm giật nhẹ. Lúc gặp lỗi nếu kéo độ sáng xuống thấp thì sẽ không thấy nhưng kéo sáng lên thì sẽ thấy lại. Khi khởi động lại máy thì sẽ hết. Lúc bị lỗi có quay màn hình lại, nhưng khi vào xem video thì bình thường không có gì hết.",negative,màn_hình
"Điện thoại rất mượt nha, pin khá trâu, sạc nhanh. Camera với Ai thì khỏi bàn r. Thiết kế mình thích nhất. đẹp điên lên dc, với bản pro tưởng nhỏ lắm mà mình thấy cầm đầm , vừa tay nha. Ko chơi game nên kbt hiệu năng, nhưng antutu mình đo dc 2tr1 điểm thì mình nghĩ quá dư sức r. Nói chung là nên mua nha hehe",positive,pin
Dùng bền ko ạ,positive,khác
Tại Vĩnh Long còn màu tím không ạ,neutral,khác
"Dùng rất oke, mượt mà, pin dùng 2 ngày nếu chỉ lên mạng bình thường.",positive,pin
"Mình vừa mua được 1 ngày , hình thức sp tốt nhân viên TV nhiệt tình , nhưng test chưa được kỹ hôm nay mở nghe nhạc mới phát hiện loa bên dưới bị rè rất khó nghe .",positive,loa_âm_thanh
iPhone 13 cho nhánh đỗ xuân hợp có màu hồng không ạ ?,neutral,khác
Mới mua dùng thấy ổn. Máy thiết kế đẹp. Hàng mới nên an tâm về chất lượng,positive,thiết_kế
Bình dường còn hàng ko ạ,neutral,khác
"Dùng được vài tuần rồi mà chưa có vấn đề gì. Hiệu năng cực kỳ ổn định, chiến game hay dùng ứng dụng nặng đều rất mượt mà.",positive,khác
Hàng sử dụng tốt,positive,khác
"Shop đóng gói kỹ quá, giao hàng nhanh chóng. Nhân viên nhiệt tình tư vấn giúp mình chọn sim phù hợp luôn.",positive,hiệu_năng
"mua ngày 2/3/2024 tới ngày 17/3/2023 phải gửi đi bảo hành vì có vẻ camera bị lỗi. quá tệ sản phẩm 20 mấy triệu chứ k phải 2 triệu, bảo kiểm tra 15 ngày, bỏ ra tiền mua đt dùng được 2 tuần xong k có đt xài, tgdd nếu cho mượn điện thoại thì cọc tiền điện thoại cho mượn trị giá 10 triệu",negative,camera
"Không thấy đợt giảm giá mới, tặng thêm 1 năm BH và thu cũ đt lên nguồn 1 triệu nữa shop nhỉ",negative,giá
Gọi luôn nhé,positive,khác
Máy mới mua dc 4 tháng lỗi nút giảm âm lượng bị cứng còn bảo hành dc k,negative,khác
"Thiết kế Find X9 đẹp mê hồn, cầm vừa tay mà sang trọng nữa, mình thích nhất là viền màn hình siêu mỏng nhìn rất đã mắt.",positive,màn_hình
"Máy đẹp, xài mượt, cam ổn. Nhưng pin sạc hơi lâu so với kỳ vọng của mình",positive,pin
Mình là female nhé,positive,khác
iphone 14 256 màu đỏ còn không shop,negative,khác
"Tuyệt vời lắm luôn, dùng rất ưng nha",positive,khác
"Sạc nhanh siêu tiện lợi, chưa đầy một tiếng đã đầy pin. Chất lượng camera tốt, quay video sắc nét. Rất đáng để mua.",positive,pin
Giá này là dùng cho cả online và mua tại cửa hàng hay sao ạ?,neutral,giá
Đang dùng con note 13. Sohp có hổ trở đổi máy ko,positive,khác
Đc cái hỏi ad ko thềm trả lời,neutral,khác
Hài lòng.tuy giá cáo nhưng cấu hình chơi game hết ý,negative,giá
Chụp hình thừa cả Oppo a93Cảm thấy thất vọng pin 6000 nhưng kém Chạy YouTube chậm khi nhấp màng hình 2 lần đứng lát mới chạy,negative,pin
Cà mau giá nhiều shop,negative,giá
Chu kì 40 hơn 1 tháng tụt 1% không hoạt động khi cắm sạc tình trạng nóng máy khi sạc,negative,khác
Điện thoại hiện tại có ở FPT Phường Ô Môn không shop,neutral,khác
quá tệ máy đầu tiên bị bụi cam bảo hành đổi máy khác mới khích hoạt là bị trầy nhắm mắt lấy luôn mang về dùng lâu lâu cục rung kêu két két. tốn tiền mất thời gian,negative,giá
"Mọi thứ đều ổn, không có gì khen mà cũng chẳng tệ để chê. Chỉ có điểm trừ là cạnh viền cấn tay, không bo cạnh êm tay như iP15, iP16.. À quên, loa ngoài nghe rất hay nhé, bass ấm, dải âm sâu và trầm.",negative,loa_âm_thanh
"s24 bị hư màng hình, đổi s26 cần bù bao nhiêu",neutral,màn_hình
256 bạc ở Vinh khi nào có hàng shop,neutral,khác
Mới mua hôm kia cảm nhận cá nhân máy cũng tạm mượt chụp hình xấu nhược điểm hao pin cực kỳ,negative,pin
Mình đang dùng Poco M6 pro 4g bản 512Gb nếu đổi mình cần bù khoảng bao nhiêu ạ?,neutral,khác
"128GB đủ để lưu video 1080p, album ảnh nhiều mà không lo đầy.",neutral,khác
máy hiện tại pin dùng tụt nhanh lắm ạ,negative,pin
"Máy thiết kế đẹp, mỏng và cao cấp, cầm chắc tay. Màn hình hiển thị cực kỳ sắc nét, màu đẹp, dùng ngoài trời vẫn rõ. Chỉ hơi tiếc là bề mặt máy khá trơn nên nếu không dùng ốp thì cần cầm cẩn thận hơn, nhưng bù lại nhìn rất sang.",positive,màn_hình
"Điểm chưa ưng Pin chưa ấn tượng Nhân viên tư vấn nói chip Snap tập trung về pin nhưng cảm giác dung lượng pin thực chỉ được 5000mAh,trung bình 10% dùng trong 1 tiếng. Sạc nhanh 45W hãng công bố đầy pin trong 70p nhưng phải hơn 1h30p mới đầy. Pin dễ tuột nhanh hơn khi mở cam, khi call video. Pin để qua đêm tuột 34% Lag khi vào phần chỉnh ảnh Dùng được trong nước nhưng thỉnh thoảng tay ướt bấm bị loạn màn hìnhĐiểm ưng Chụp ảnh ok, nhất là chụp đêm, tái tạo màu rực rỡ bắt mắt Mỏng nhẹ cầm chắc tay Có chơi Tốc chiến thấy mượt chưa bị giật lag AI hữu ích cho những người cần dùng để phục vụ công việcTóm lại Mình dự định mua Reno 10 5G nhưng nhân viên được tư vấn sang em này. Do ngại màn hình cong và cũng 1 phần thích thiết kế dòng 13 nên chốt. Nói Reno 13F là bản cắt giảm so với bản thường và Pro là đúng nhưng so với số tiền 12tr bỏ ra thì chỉ ở mức 7.5/10 đối với người dùng cơ bản như mình",neutral,pin
"Ko liên quan tới đt, từ khi mua hàng nhận dc rất nhiều cuộc gọi mời chào từ cờ bạc game gủng, ko biết có bị bán thông tin ko.",neutral,khác
Có 17 pro cam 256 chua shop,neutral,khác
Chờ người cùng dùng đánh giá mà hơi lâu.máy lỗi bắt wf muốn đổi chả biết làm kiểu gì để đổi .bỏ ra hơn chục triệu mua cục tức chán ghê,negative,giá
"năm nay màu cam hot quá, chị muốn đổi iphone 11 lên 17 shop thu bao nhiêu",neutral,khác
"Máy chạy mượt, pin trâu, nhân viên rất nhiệt tình",positive,pin
Không cần bàn về chất lượng vì quá tốt,positive,khác
"Mới mua nhưng cảm ứng kh đc nhạy, có lúc nhấn kh ăn",negative,màn_hình_cảm_ứng
"Tiêu chuẩn rơi vỡ, kháng nước.... Mà rất dễ trầy đặc biệt là camera và viền. Đã trả máy mất 20%",positive,camera
Ip 17 pro có khuýen mãi j k shop,negative,khác
Mình muốn mua 512g có sẵn mây nguyên hộp không hay phải chờ a .lh 09xxxx2703,neutral,khác
Chuẩn bị qua mua,negative,khác
"S26 năm nay ngon quá, nhất là khoản pin được nâng cấp, mình đặt màu Tím làm quà 08/03 cho các chị em, khá ổn khi trừ hết các khuyễn mãi.",positive,pin
Máy mới mua 10 ngày camera sau có hạt bụi. Nhân viên xác nhận có bụi. Bảo gửi máy về hãng thẩm định. Goodbye ĐMX từ bây jo,negative,camera
Có được tặng sạc ko shop,positive,khác
Ở Đoan Hùng còn máy k ad,negative,khác
"Pin sài 10p tụt 2%, mình mới mua ngày hôm qua. Mình muốn trả hàng và đổi sang sản phẩm khác",positive,pin
lộc ninh bình phước còn hàng kh ạ,neutral,khác
"RAM 8GB giúp máy đa nhiệm mượt mà, chuyển đổi giữa các ứng dụng mạng xã hội và làm việc nhanh chóng mà không bị lag. Dung lượng 128GB thoải mái để mình lưu trữ hình ảnh và tài liệu học tập trong thời gian dài.",positive,hiệu_năng
Sp này shop trên đường nguyễn văn quá còn ko?,positive,khác
Sản phẩm rất ok,positive,khác
Pin 7000 mà sụt pin còn nhanh hơn con pin 5000.màu sắc màn hình nhìn ảo ảo kiểu gì ý.nói chung số với câi tầm giá mua con máy này là quá sai lầm,negative,pin
mua cái iphone 14 128g blue xong hư cái chân sạc chưa biết lỗi của ai mà bảo hành sửa chữa báo giá 12.100.000 Đ tiền mua cái mới hỏi thì nó do bên bảo hành báo giá TGĐ Đ làm ăn như cái QQ,negative,giá
"Màn hình lớn ram 8GB quá ngon, hệ điều hành color os mượt quá mượt pin trâu quá trâu",positive,pin
"Màn hình 6.7 inch lớn với tấm nền Super AMOLED, tần số quét 120Hz cho trải nghiệm cuộn lướt cực kỳ mượt mà, nhìn dưới nắng vẫn khá rõ nét",positive,màn_hình
khi nào màu hồng về lại thế a,neutral,khác
Điện thoại này sóng sánh có mạnh không ạ,negative,khác
Sản phẩm tốt,positive,khác
"Xài rất đã, pin rất trâu, mấy thánh chưa xài thì đừng vội đánh giá nghen.",positive,pin
"Điện thoại s24 ultra, chỉ bị nứt nhẹ 1 góc kính cường lực, khoảng 1cm, ngoài ra không trầy xước gì, mọi chứa năng bình thường, thì khi thu cũ đổi mới sẽ tính máy loại mấy, thanks",neutral,khác
Poco m7 ở cần thơ còn hàng không ạ,neutral,khác
Ở thegioididong có dán màn hình và mặt sao máy này chưa ạ,negative,màn_hình
ở xã chư sê còn hàng không ạ,neutral,khác
Sản phẩm dùng rất tốt,positive,khác
Cho hỏi iPhone 14 còn màu trắng kg shop? Nếu đưa trước 50% còn 50% góp thì tiền lãi tính như thế nào shop?,neutral,giá
"Mới mua 3 ngày,kết nối mạng yếu lắm ,sóng cũng yếu",negative,khác
Tiếc quá mk mua đc 2 hôm k được tặng loa hôm nay đc tặng loa quá buồn. Máy dùng mượt nhưng hơi nóng,negative,loa_âm_thanh
Nhân viên tư vấn nhiệt tình máy tới hiện tại dùng vẫn ok,positive,khác
Cho chị hỏi iPhone 15 128gb giá bán hiện tại là bao nhiêu?(sau khi đã trừ km),neutral,giá
"Tầm tiền này mua được bản 12 bộ nhớ 512 quá hời, anh chị,nhân viên tư vấn nhiệt tình nữa,",neutral,giá
Mua 7/8 tới h pin còn 97%,negative,pin
"Fpt ở Nguyễn Khang còn hàng này không, giá bán giờ là bao nhiêu mua tại cửa hàng shop",neutral,giá
Ở gia lai an khê có may ko shop,negative,khác
trải nghiệm tuyệt vời,positive,khác
Máy hay bị sập nguồn liên tục. Giờ tôi phải làm sao. Có đổi máy liền cho tôi được ko,negative,khác
"Phiên bản A56 ram 12G có thể nói là chiếc điện thoại tuyệt vời với mức giá chỉ hơn 11 tr, điện thoại mượt và xử lý nhanh.",positive,hiệu_năng
Bảo hành rơi vỡ Bolttech cho iPhone 879.000đ1.099.000đ,negative,khác
Lúc mới tôi mua tận 5 củ 890 lậnSử dụng tới bây giờ vẫn ok dù lỡ làm rớt nhiều lần,positive,khác
"Ưu điểm Thiết kế đẹp, pin trâu, camera sau ổn, chơi liên quân ổn đinh 60fps đồ họa trung bình. Nhược điểm Dùng các tác vụ fb,tiktok,ytb... hơi khựng, không được mượt cho lắm. Camera trước khá tệ.Tóm lại ai cần đt bền, pin trâu, dùng các tác vụ thông thường. Thì em nó là 1 gợi ý khá toàn diện.",positive,pin
Tôi đang sử dụng sản phẩm rất OK,positive,khác
Mình mới mua ip16prm 256g tháng 10 sạc 13 lần vẫn nguyên hộp bên mình có thu cũ đổi lên đời 17prm ko ah,neutral,khác
Rất hài lòng với sản phẩm này,positive,khác
Đổi máy cũ có phải đúng hiệu không hay máy cũ hiệu gì cũng được,negative,khác
Điện thoại này có NFC k shop?,negative,khác
"Mua 11t290k chán quá chơi game lác ,giật chậm. Không bằng máy tàu",negative,khác
"Mình mới mua sản phẩm ở TGDD nói chung pin trâu, dùng ok. Nhân viên tư vấn nhiệt tình",positive,pin
"Mình mới mua sản phẩm ở TGDD nói chung pin trâu, dùng ok. Nhân viên tư vấn nhiệt tình",positive,pin
"Sản phậm tệ, nhân viên bán hàng xog ko quan tâm khách hàng sau bán hàng",negative,khác
Sản phẩm rất đẹp,positive,thiết_kế
Bảo hành rơi vỡ Bolttech cho iPhone 1.439.000đ1.799.000đ,negative,khác
Sai rất là tuyệt vời,positive,khác
"Mua sau 2 tháng bắt đầu lỗi màn hình,tự tắt màn hình rồi sáng lại,rất ức chế. Số lượng bị theo thời gian sử dụng ngày bị vài lần.",negative,màn_hình
Samsung Galaxy Z Fold6 5G mang lại trải nghiệm sử dụng tuyệt vời với màn hình gập linh hoạt.,positive,màn_hình
"sản phẩm mượt, ko gì để chê",positive,khác
"Nhân viên FPT Shop tư vấn rất nhiệt tình, giải thích rõ về các gói trả góp và chính sách đổi trả nếu có lỗi từ nhà sản xuất. Rất chuyên nghiệp và đáng tin cậy.",positive,khác
Pin không dùng tuột vẫn nhanh,negative,pin
"Do không được trải nghiệm trước khi mua, giờ mua xong mới được trải nghiệm thấy loa bé và rè không biết có phải loa bị lỗi không",negative,loa_âm_thanh
"S26 năm nay ngon quá, nhất là khoản pin được nâng cấp, mình đặt màu Tím làm quà 08/03 cho các chị em, khá ổn khi trừ hết các khuyễn mãi.",positive,pin
"Lướt fb, tik tok nó lag quá nhỉ, lướt 2,3 video là quay miết, thoát ra vô lại vẫn v",negative,khác
Khi nào có giá giảm tiếp vậy ạ. Liên hệ tớ,neutral,giá
Mình mới mua 4 tuần rất OK nha pin Trâu máy hong nóng nha quá OK luôn,positive,pin
Máy mua 21/1 dùng máy lâu lâu bị đơ em muốn đổi máy,negative,khác
S25 ultra có máy cũ ko shop,negative,khác
Shop ơi khi nào màu tím 256G có hàng lại ạ,neutral,khác
ip 12 thường có thu ko ạ,neutral,khác
Pin rất ok.,positive,pin
sau 1 tháng dùng thì tôi thấy con này có vài ưu điểm là màn tràn viền lên xem phim 3d khá thích cảm ứng khuôn mặt khá nhạy xem phim 3d lướt YouTube thoải mái trợ lý AI dùng khá tiện và hữu ích nhược điểm là vân tay con máy này nhận diện hơi chậm máy thi thoảng có hơi lác 1 chút,positive,màn_hình
Không cần bàn về chất lượng vì quá tốt,positive,khác
Máy tệ. Camera bị treo thường xuyên. Mang tới cữa hàng nhân viên bảo bị lỗi phần mềm chờ cập nhật lên ios là hết. Đem về cập nhật lên ios mới nhất vẫn bị. Bây giờ mà trả được là trả ngay và liện. Rất chi là bực.,negative,camera
"em nhận hàng rồi shop ơi, màu xanh đẹp hơn trong hình, máy thiết kế cầm năm khá thích ngoài hình cũng đơn gian nhìn ưng mắt hơn các dòng máy khác, hiệu năng thì để trải nghiệm 1 thời gian mới biết đươcj, nhưng cứ cho shop 10 đ về chất lượng hàng hóa đến tay và dịch vụ vận chuyển",positive,thiết_kế
"tư vấn trang tốt , nhân viên thực tế nhiệt tình",positive,khác
Điện thoại đột nhiên lóe sáng 2 bên màng hình màu xanh khi màng hình tắt bị lôi ko shop,negative,màn_hình
Cho mình hỏi điện thoại này trương trình trả góp như thế nào ạ,neutral,khác
"Hiệu năng ổn định, không bị giật lag.",positive,hiệu_năng
Máy mới màu xanh có sẵn ở cơ sở nào ở Hà Nội,positive,khác
"mình mới mua iphone 13 ngày 14/5 trên trang tgdd isos 15 sao máy mình mở ra đã 17.3.1. pin xuống nhanh, máy lúc nào cũng trong tình trạng nóng",negative,pin
"Với giá tiền này sản phẩm sử dụng ổn, để SD 1 thời gian xem ntn",neutral,giá
Sử dụng điện thoại rất ok nhân viên thế giới di động rất nhiệt tình và chu đáo đã sử dụng 2 tháng rất ok,positive,khác
Máy này có chưa phop,neutral,khác
"Mình dùng được 5 tháng muốn đổi máy khác, bên mình có hỗ trợ thu lại không ạ",neutral,khác
Cho em hỏi sao điện thoại samsung a56 khi đặt báo thức lại ko hiển thị đồng hồ trên góc màn hình ạ,neutral,màn_hình
"Gần 1 tháng sử dụng thấy mọi thứ đều ổn , các anh chị nhân viên nhiệt tình",neutral,khác
Máy mua chưa tới 1 tháng kết nối wifi chập chờn có khi tự out wifi còn lại mọi thứ đều ổn,neutral,khác
"Máy để qua đêm tuột pin xuống còn 81%,84%. Mới xuất hiện tại 2 hôm nay. Mình mua hồi 7/5 pin còn 99%.",negative,pin
Máy mới mua về dùng hơi nóng nhưng được nhân viên hỗ trợ kiểm tra giờ dùng ổn,neutral,khác
M đã mua hàng trên sàn shopee và có điểm xu fpt. bây giờ đặt qua web muốn dùng xu ý thì làm ntn,neutral,khác
"Máy đẹp,dùng OK",positive,thiết_kế
"RAM 12GB mình chơi game nặng, mở nhiều ứng dụng cùng lúc không thấy lag, hiệu năng rất ổn định.",positive,hiệu_năng
Màn hình redmi note 14 mua ngày 8tháng2. Màn hình bị lem màu có còn bảo hành không shop,negative,màn_hình
"shop ơi, thu lại iphone 12 128gb, xanh dương, pin 75%, đổi ip17 256gb bù bao nhiêu vậy?",neutral,pin
"Vậy cở 1 , 2 tháng nữa vẫn còn hàng đúng ko ạ ( ko cần liên hệ tư vấn đâu ạ )",neutral,khác
"Ok, tuyệt vời, pin trâu",positive,pin
Mua sử dụng đến nay 6 tháng rồi. Mọi thứ quá ok miễn chê. Của bền tại người. Tránh để tụt pin dưới 10% và hạn chế sạc quá 90%. Giờ pin vẫn 100 OK. Mẹo để pin trâu Vào Trợ năng Chuyển động giảm chuyển động. Vào Màn hình và độ sáng bật Tắt chế độ Trong Suốt. Muốn OK nữa pin trâu như trâu rừng miễn chê thì vào Bảo mật tắt Dịch Vụ Định Vị đi là máy mát như sò lạnh. Chúc các bạn vui vẻ,positive,pin
Tốt nv nhiệt tình dù cao hơn với những bên khác nhưng chất lượng phục vụ ok,positive,khác
Máy best phân khúc luôn. Quá hoàn hảo cho một cây máy trong tầm giá dưới 3tr,positive,giá
Hiện giờ có ct thu cũ đổi mới ko shop ? Mình đang dùng fold4 mún lên fold 6,neutral,khác
Máy xài rất tốt với tầm giá này,positive,giá
Mua được 3 tháng thấy ngon nhất trong tầm giá. OS mượt pin trâu chụp ảnh đẹp.,positive,pin
"Điểm mình thích ở FPT Shop là khi mua còn được hướng dẫn kỹ về bảo hành. Có một lần máy mình cài nhầm ứng dụng gây treo, ghé lại shop được hỗ trợ reset miễn phí.",positive,khác
"Mình mua máy từ ngày 9/11 vừa rồi sài 1 thời bị dính lỗi này ad ơi, và mình đã cập nhật lên bản ios18.1 RC rồi nhưng vẫn chưa mấy phần panicfull vs restcounter vậy ad, mặc máy mình sài chưa bị sụp nguồn bao giờ, vậy cho mình bị lỗi như này có ảnh hưởng gì không nhỉ",neutral,hệ_điều_hành
"Check giúp mình chi nhánh nào còn hàng, IP 17 bản 256, Hà Nội",neutral,khác
Sản phẩm tốt,positive,khác
"Sp tốt, nhẹ hơn nhiều so với dòng 14prm mình đang sài, vẫn đang trải nghiệm dc 2 ngày. Nhân viên nhiệt tình , ship hoả tốc nhanh chóng. Thân thiện và nhẹ nhàng",positive,hiệu_năng
"Đã nhận được con Xiaomi 15T này rồi nè, đẹp mê ly luôn. Màn hình lớn mà viền mỏng cực kỳ sang trọng, cầm chắc tay nữa chứ. Thích cái cảm giác nắm trong tay quá.",positive,màn_hình
Dạ sinh viên thì còn bn shop ha ( IP 16 128GB Hồng ) mình có thu cũ ip đổi qua đt khác k ạ,neutral,khác
"Bắt WiFi kém, thỉnh thoảng bị đơ, đặt biệt xài rất nhanh nóng, nóng hơn tưởng tượng, tệ",negative,hiệu_năng
Sao điện thoại redmi note 14 không có hiển thị phím ảo vây,negative,màn_hình
"sài dc có tầm 1 tuần mà thao tác nhắn tin đã có dấu hiệu chậm và đơ rồi, ae cân nhắc khi mua.",negative,khác
Máy hỏng kiểu gì cũng thu à,negative,khác
Camera chụp ảnh đẹp trong điều kiện ánh sáng đủ.,positive,camera
điện thoại này dùng esim hay phải dùng sim vật lý shop,positive,khác
Sản phẩm còn hàng ở lục nam bắc ninh không shop,positive,khác
"Máy rất đáng mua, có thương hiệu lớn, hiệu năng mạnh trong tầm giá, camera đẹp, sạc nhanh với viên pin tiêu chuẩn, có kháng bụi kháng nước, có 5G, có NFC, màn hình thì siêu đẹp rồi, nói chung không có gì để chê, nên mua",positive,pin
mình có iphone 14pro 512gb màn bị sọc xanh giờ shop thu mua lại thì đc bnhieu ạ?,neutral,màn_hình
A25 5g thu cũ bao nhiêu ạ,neutral,khác
"Lướt top top thấy lỗi ở phần phân tích cải tiến cũng hơi hoang mang, nhưng xài 1 thời gian cảm thấy tất cả đều ổn, pin cầm máy mượt... Không có vấn đề gì cả, hy vọng bảng cập nhật mới sẽ ổn hơn nữa để mn yên tâm.",negative,pin
Cần tư vấn 17pro bạc,neutral,khác
Em có thể đăng ký trả góp online được ko,positive,khác
có dc tặng kèm theo sạc k a,positive,khác
San pham nay choi game muot k ak...pin co lau het k ak,positive,pin
c ơi cho e hỏi là e đang dùng ip12 trắng và muốn lên đời thì cho em hỏi có thu mua cũ đổi mới k ạ,neutral,khác
"sản phẩm được sale sâu, có rất nhiều gói khuyến mãi đa dạng và có nhiều khuyến mãi phụ kiện đi kèm",neutral,khác
Tôi mua iphone 16 128 gb mới vào ngày 762025 đáng ra được bảo hành 1 năm nhưng khi kiểm tra mục bảo hành của điện thoại thì chỉ còn 10 tháng .....,negative,khác
Dạ bên mình còn 14th màu xanh dương hoặc màu trắng không ạ,positive,khác
Bên mình còn sản phẩm k,positive,khác
ĐT 15 thường màu xanh và 16 thường màu xanh tím loại 128g ở TP Quảng Ngãi hiện cửa hàng nào có sẵn vậy shop,neutral,khác
"Cho e hỏi iphone 17pro 256gb màu trắng, khu vực TP Vũng Tàu có ở cửa hàng nào vậy ạ?",neutral,khác
Tôi không hài lòng về chiếc iphone 17 này. Tôi là người sử dụng android. Nhu cầu sử dụng cao. Tôi mua iphone vì tính bảo mật. Thời gian quảng caos là 27 giờ sử dụng nhưng thưc tế pin tuột rất nhanh. Tôi cần 5g liên tục. Đừng bao giờ nói với tôi rằng tôi phải tắt cái này cái kia. Một chiếc điện thoại mà tắt mọi kết nối chỉ để nằm chờ cho hết pin rồi sạc thì sử dụng để làm gì Tôi thấy có người đánh giá pin sài 1 ngày rưỡi. Chỉ với lần đầu tiên thôi. Từ lần thứ 2 trở đi rất tệ,negative,pin
Mình mua sản phẩm này ở thegioididong thái bình trước Tết. Sử dụng OK lắm với tầm tiền bỏ ra,positive,giá
"Con máy này xứng đáng với đồng tiền bỏ ra, màn hình đẹp, pin trâu lại nhiều khuyến mãi nữa, mọi người nên chốt đơn ngay đi đừng đợi sale sau nhé.",positive,pin
Đổi S21 utra lấy S24 ko e,negative,khác
"Chụp ảnh đẹp, camera rõ nét, không ngờ trong tầm giá này lại tốt như vậy.",positive,camera
"Máy tốt, đẹp.",positive,thiết_kế
Mình mua rồi rất ok nhiều chức năng của máy,positive,khác
Oppo reno 14f có bấm nút nguồn tắt màn hình đc k,negative,màn_hình
cho mình hỏi Iphone 15 128 giá bao nhiêu ạ ?,neutral,giá
Còn thu cũ đổi mới mới không shop,negative,khác
máy chụp hình rất đẹp rất đáng tiền,positive,giá
Dạ em xin giá iphone 13 128gb tại Hoà Lạc với ạ.,neutral,giá
Iphone 17 xanh xô thơm 256gb có sẵn ở cửa hàng nào Hà Nội ạ,neutral,khác
Sao dt ip 13 mình mới mua đươc 2 ngày mà cảm giác nó rất hao pin. Cầm lên lướt lướt là tụt pin liền lun. Sài nt zalo không mà không Sài đc cả ngày. Do máy hay sao ấy,negative,pin
mới sài dc 2 ngày máy khá nóng khi sài 2sim để chế độ auto phải tắt bớt 1 sim về chế độ 2G để đỡ nóng máy,positive,khác
dùng mượt ok,positive,khác
Dịch vụ sữa chữa và bảo hành của apple quá tệ.,negative,khác
Cho mình hỏi gói trả góp này còn ko ạ?,neutral,khác
"Tôi rất thích thiết kế hiện đại của dòng S Edge, và chính sách dịch vụ hậu mãi của shop nên mua đến con thứ ba của FPT Shop rồi. Tin tưởng vào thương hiệu Samsung và dịch vụ của shop.",positive,thiết_kế
Cho mình hỏi iPhone 15 khi mình mở nhạc thì phát cả loa trong và loa ngoài như vậy là bình thường hay bị lỗi phần mềm ạ,neutral,loa_âm_thanh
Máy này phần viền ở dưới máy mỏng hay giày ạ,negative,khác
"Khu vực xã Sóc Sơn, TP Hà Nội loại 256G màu đỏ còn hàng không shop",neutral,khác
Cảm giác rất vip.Mượt không tí gợnĐúng la max của đỉnh.Màn hình đẹp.Zoom xa hơi vỡ tí.,negative,màn_hình
Tây Ninh còn hàng k shop,neutral,khác
Chu kì 40 hơn 1 tháng tụt 1% không hoạt động khi cắm sạc tình trạng nóng máy khi sạc,negative,khác
"Mới mua luôn dùng rất tốt, nên mua.",positive,khác
Đẹp độc lạ,positive,thiết_kế
Chất lượng hoàng hảo,positive,khác
Điện thoại mua ngày 16/9 đến ngày 12/11 còn 98% pin,negative,pin
Nhân viên nhiệt tình,neutral,khác
Rất hài lòng với sản phẩm này,positive,khác
Mới mua 1 đêm sai chút xíu nóng máy muốn đổi sang khác vẫn phải mất 20% sao ạ,neutral,khác
Mình mới mua tháng 9 giờ muốn bán bên mình thu lại bao nhiêu,neutral,khác
Shop bảo hành cho iPhone 1 hay 2 năm?,negative,khác
đổi ip5 lấy ip7 bù bao nhiêu ạ,neutral,khác
Mới mua chưa được 1 tháng pin còn 99%,negative,pin
"Mái bị lỗi trong 30 ngày đầu, không được hổ trợ đổi máy ngay",negative,khác
Rất ưng. Nhân viên nhiệt tình. Với giá tiền này thì tuyệt vời..còn không biết phiên bản này 1.0.7 lên 2.0 có bị lsao ko,positive,giá
"Mới mua hôm qua pin tụt nhanh máy nhanh nóng camera siêu tệ, dễ ra trả lại phàm",negative,pin
hiện tại mùa máy có còn giảm giá kh ạ,neutral,giá
Qua thấy giá 26tr980 mà,negative,giá
Xiaomi 12S đổi oppo reno12F 5G có đc ko shop và bù báo nhiêu ạ?,neutral,khác
"Máy này có còn hàng ở FPT ngã tư ghẽ , xã mao điền, thành phố Hải Phòng không shop",neutral,khác
NHÂN VIÊN HỖ TRỢ NHIỆT TÌNH,positive,khác
Em xin thông tin mua trả góp ip 17 256gb của fpt với ạ,neutral,khác
"tư vấn trang tốt , nhân viên thực tế nhiệt tình",positive,khác
Màu xanh lá xô thơm còn hàng ở cơ sở An Lão Hải Phòng kh ạ,neutral,khác
Hàng quá đẹp,positive,thiết_kế
dạ mua trả góp có được giảm 500k khi thanh toán qua vn pay kh ạ,neutral,khác
"Máy mới mua đc 2 tuần,trải nghiệm khá ok, mình k dùng nhiều tác vụ nên thấy máy khá mượt. Có điểm trừ duy nhất là máy để qua đêm bị tụt tầm 5% dù đã để chế độ máy bay, tắt các chế độ liên quan nhưng vẫn bị tụt, k biết sao luôn",negative,khác
Pin tụt rất nhanh,positive,pin
mình trả góp thì ntn.,neutral,khác
Khu vực Vĩnh Long còn ko shop,negative,khác
Đt sài rất tốt mạnh mượt,positive,khác
ở trâu quỳ gia lâm giá bao nhiêu,neutral,giá
điện thoại note 14 bị rơi do va đập mà mới mua trong 5 tháng còn có ưu đãi thay màn hình miễn phí không,negative,màn_hình
Bảo hành rơi vỡ Bolttech cho iPhone 959.000đ1.199.000đ,negative,khác
Sao giá mua ở cửa hàng cao hơn giá online,neutral,giá
cho e hỏi ip17 xanh lá 256gb ở HCM có sẵn ở chi nhánh nào không ạ? Nếu đặt trước thì phải đợi bao lâu shop,neutral,khác
Lúc tôi mua đt có mua gói bh 1 đổi 1 trong 11 tháng. Giờ đt t mua đc 5 tháng thì bị lỗi pin mang ra cửa hàng thì nv bảo ko cho đổi vì từ tháng thứ 2 trở đi dù có lỗi rõ ràng đi nữa cũng phải gửi về hãng. Vậy sao lúc t mua bh ko tư vấn cho t vậy đi mà bảo 1 đổi 1 trong 11 tháng Giờ là t quyết định mang đt về xài hư t mua cái mới và sẽ ko ủng hộ ở đây thêm một lần nào nữa,negative,pin
"Sau 2 tháng trải nghiệm, máy cấu hình ổn định có thể genshin ở mức cấu hình cao, mlbb max setting, chụp ảnh thì ổn định chế độ AI chụp ảnh thì hơi phóng đại độ sáng, pin có thể sử dụng trong ngày, sạc nhanh 120W, thông báo thì có vẻ hơi trễ 5 tới 15 phút do hệ điều hành hyperos không phải do máy, nhưng tất cả trải nghiệm điều rất ok, đáng để mua để làm máy chính",positive,pin
"Rất tốt, mượt và camera chụp hình đẹp sắc nét",positive,camera
Mình cảm ơn hãng đã cho mình đổi trả sang dòng khác khác mà ko bị mất phí. Điện thoại tốt trong tầm giá.,positive,giá
sao mình chọc khe sim nhưng k mở được shop ạ,neutral,khác
Lỗi mất kết nối wifi liên tục.,negative,khác
Máy rất tốt rất hài lòng về sản phẩm,positive,khác
Về lâu về dài không biết nữa nhưng cấu ra3gb rom 64gb ăn đứt Samsung a06 r6gb 128gb ôm không thể tin nổi,positive,khác
iphone 17 256gb màu tím đặt hàng về Tây Ninh thì cỡ bao nhiêu ngày có,neutral,khác
"Điện thoại em mới mua hồi cuối tháng 4 và hiện tại dung lượng tối đa pin tụt mất 1 phần trăm, em cần được giải thích cho tình huống này ạ",positive,pin
"Mình làm hs bên shop hết 1 lần rồi nhưng ko lên đc , giờ muốn lên HS 1 lần nữa đc ko shop",neutral,khác
"Máy mua từ 3/1/2025 đến nay là 9/11/2025 còn chưa đầy 1 năm chưa hết bảo hành pin đã tụt còn 84%, chắc 1 năm thay pin 1 lần hả shop, tiền đâu mà trả gọi điện tư vấn thì bảo đi thay pin, thà bỏ tiền mua máy mới còn hơn",negative,pin
Shop ở tỉnh an giang á ( sau khi xáp nhập) còn máy này ko ạ,negative,khác
nếu mua máy ngày mai ở chi nhánh minh khai thì giá máy bao nhiêu ạ,neutral,giá
"Không sài để qua đêm bị tuột pin, không nên mua, bộ phận chăm sóc khách hàng nói bình thường, không Sài bị tuột pin mà bình thường được.",negative,pin
"Ad cho minh hoi máy ip 16 promax 256,mau den mua hoi tháng 1/25 giờ đổi sang 15plus mất phí bao nhiu % ạ",neutral,khác
ưu đãi giảm 1 triệu khi đổi đt cũ kéo dài đến khi nào ạ,neutral,khác
"Mới mua nhưng về sạc nóng máy, lỗi camera, ko xem video trong bộ sưu tập, ko đc đổi luôn tại cửa hàng.",negative,camera
"Nhân viên nhiệt tình, máy xài êm 10đ",positive,khác
15 thuong moi mua 1 tuan doi len 16 bu them bao nhiu a shop,neutral,khác
Mình mua sản phẩm này ở thegioididong thái bình trước Tết. Sử dụng OK lắm với tầm tiền bỏ ra,positive,giá
"Máy mua hồi 1/6, một tuần nay vào buổi tối pin sạc đầy rồi bị tụt cỡ 50%. Ban ngày thì pin vần xài bình thường",negative,pin
"Máy đẹp, chạy mượt, rất ưng",positive,hiệu_năng
Đẳng cấp luôn,positive,khác
Sài rất tốt,positive,khác
Giá khi mua trực tiếp tại shop là bao nhiêu ạ,neutral,giá
Mình mua rồi rất ok nhiều chức năng của máy,positive,khác
Rất Hài lòng về sản phẩm trong tầm giá này,positive,giá
cho mình hỏi khu vực hạ long còn hàng không?,neutral,khác
"Mình ở tỉnh lẻ nhưng vẫn được giao hàng tận nơi nhanh, đóng gói kỹ càng. Nhận máy kiểm tra đúng IMEI, tem chuẩn hãng, thấy rất hài lòng.",positive,hiệu_năng
Lúc mới tôi mua tận 5 củ 890 lậnSử dụng tới bây giờ vẫn ok dù lỡ làm rớt nhiều lần,positive,khác
Có ở Vĩnh Long không ạ,neutral,khác
Dùng tốt nhưng dễ vỡ kính mặt lưng,positive,khác
Từ máy 15pro 128gb lên 17 256 thì bù bao nhiêu vậy ad,neutral,khác
Pin tuột nhanh quá,positive,pin
"Máy vừa mới mua bị hư do nhà sản xuất nhưng không cho đổi, mua thì kêu chính sách bảo hành đổi 1 1. bịp",neutral,khác
Shop ơi ip 12 pro 128gb lên ip17 bn ạ,positive,khác
Mới mua đc 1 tuần đã dính lỗi reset và panic rồi Nói chung ip 16 lỗi tùm lum. Bực mình thật sự,negative,khác
Máy mới mua tụt pin nhanh,negative,pin
E muốn đổi 12 pro max sang 17 pro max màu cam thì phải thêm bn tiền n,positive,giá
Đã Sài đc 1thang OK hết tất cả,positive,khác
"Nhân viên FPT tư vấn nhiệt tình lắm, giao hàng nhanh mà đóng gói kỹ cẩn thận, mình rất hài lòng về dịch vụ của shop.",positive,hiệu_năng
Gọi video rất xấu mess với zalo rất xấu,negative,thiết_kế
máy tra gop bnhieu một tháng vậy shop,negative,khác
"có bản 128 hay 256GB k ạ , cho em hỏi sinh viên thì hưởng được ưu đãi giảm giá gì",neutral,giá
Ip17prm thì ngon rồi. Pin trâu cực kì cam đẹp sạc nhanh ok nhất là không nóng máy nha đẹp nua Ai mà mua ip16prm hối hận lổ tiền thôi. Tôi mới đầu mua cũng sợ lổi mà mua roi quá ngon 37.990 đúng đồng tiền,positive,pin
"Xã phú bình ,tỉnh thái nguyên còn hàng này ko shop",negative,khác
"Mua ngày 23/7 ,hôm thứ 7 vừa rồi chụp ảnh ko nhìn thấy màn hình nh vẫn thấy có ảnh, mấy tiếng sau thì lại chụp bt. như này là lỗi gì Dmx Loa cũng hơi bé. Nhiều khi nghe gọi khó nghe.",negative,màn_hình
Ở sa đéc IP 13 còn ko v shop,neutral,khác
giao hàng nhanh nhan viên fpt rất nhiệt tình htro khách,positive,hiệu_năng
dùng được 3 tháng rồi rất hài lòng về chất lượng và cách phục phụ của nhân viên tgdd vui vẻ nhiệt tình chi nhánh cần giuộc,positive,khác
Cho mình hỏi huế còn hàng hôk,neutral,khác
"xứng đáng cho 10 sao,với mức giá như vậy là quá ok rồi còn có mạng 5G nữa.Tất cả đều ok",positive,giá
Còn bản 256g màu bạc ở xã an minh tinh an giang k ạ,neutral,khác
Máy đẹp dùng rất thích,positive,thiết_kế
Rất Hài lòng về sản phẩm trong tầm giá này,positive,giá
Điện thoại xin quá shop ơi,positive,khác
Cho em hỏi ram 8GB là đã tính ram mở rộng chưa ạ,neutral,hiệu_năng
Mới mua loa nhỏ pin tụt nhanh ra đổi nhân viên bảo phải gửi đi thẩm định mới biết lỗi 1đôi 1 đc bỏ ra số tiền lớn chất lượng quá tệ,negative,pin
"Điều đầu tiên mình rất ưng khi đi mua hàng ở TGDĐ đó là chính sách hỗ trợ khách hàng siêu tốt, mình mua con Galaxy A15 4tr5 dùng được 1 năm, đến khi mang ra TGDĐ thì vẫn được hỗ trợ thu cũ lên đời con Xiaomi 15T Pro này, mà còn được thu lại với mức giá khá cao, giá thu khoảng tầm 85% so với giá mua lúc trước. Các bạn nhân viên hỗ trợ mình cũng rất tận tình và chu đáo. Máy dùng oke, không có gì phải bàn cãi, có điều pin tụt hơi nhanh so với dung lượng 5500mah, chắc do chip khoẻ quá nên ngốn điện hơi nhiều. Nói chung là 10/10, không có nhưng",positive,pin
E đang dùng Zeno 7 muốn lên đời Zeno 13 phải thêm bao nhiêu tiền ạ,neutral,giá
Tốt nhưng pin 4500mAh hơi thấp so với các sản phẩm cùng phân khúc.,negative,pin
Xin hỏi note 15 pro 5g bản 256 lên 512 có bị mất giá nhiều k ạ,neutral,giá
Mình vừa mua nhưng mỗi lần máy sắp hết pin về 20% lại không thấy thông báo cần sạc pin vậy ạ. Toàn tự nhảy về pin đỏ mà chẳng thông báo gì.,negative,pin
Chế độ bảo hành như nào ạ,negative,khác
"Mình chọn POCO X7 vì thích màn hình 1.5K 120Hz, vuốt mượt không bị giật, xem phim và chơi game đều đã, RAM 12/512 thoải mái lưu ảnh quay video cả tháng.",positive,màn_hình
"Đã xài hơn 2 tháng nay ,lúc đầu mới mua chơi liên quân bị khựng nhiều nhưng vài tháng sau có vẻ đã tối ưu nên thấy k còn khựng nữa chơi khá mượt ,pin vẫn rất tốt tui đã cài sạc đầy 95% sử dụng mọi tác vụ và chơi game hơn 1 ngày, 2 tháng nay chưa gặp lỗi gì lướt fb tiktok vẫn rất mượt ,camera chụp và quay theo tui 8đ ,loa 7đ ,có thể tui dễ chịu nên thấy mọi thứ đều rất ổn và khá hài lòng ,tui vẫn chưa update pb mới vì máy đang rất mượt nên k cần thiết phải update",positive,pin
Mua được 5 thág thì rất nhiều điều bất ổn . Đag dùng thì màn hình chớp tắt rồi tự bật lên lại . Wifi rất yếu . Chập chờn lúc có sóg lúc không dù ngồii cách cục model wifi có 10m . Lướt tictok lâu lâu bị đơ cứg ngắc k bấm gì dc kể cả phím cứg .lâu lâu màn hình tự nhiên tăng độ ság đột ngột dù k bật ság tự động. Pin thì tụt nhanh hơn người yêu cũ tụt quần . Bao nhiêu đây lỗi do nhà sản xuất thì rất mong bên cửa hàg có thể đổi cho tôi máy mới,negative,pin
"Công nhận pin đỉnh để qua đêm không tụt tý gì, dùng sướng hơn 15prm nhiều",positive,pin
Tôi hôm quá mua sao không nhận được loa,negative,loa_âm_thanh
Pin tụt rất nhanh,positive,pin
Còn iphone 15 màu vàng 128 gb k,negative,khác
"Anh đẹp không chê vào đâu được, mấy bánh bèo mua con này qua hợp",positive,thiết_kế
"Bắt sóng 4g và sóng điện thoại yếu, wifi yếu, chức năng tạm ổn với giá. Ưng ý phần khung kim loại và pin",negative,pin
Máy đẹp chụp hình tốt nfc quét không cần gỡ ốp lưng luôn.không đòi hỏi gì thêm ở tầm giá này nữa.có 1 cái khá khó chịu là khi gọi điện thoại bật loa ngoài loa rất to mặc dù đã giảm âm lượng xuống hết mức.pin thì dư sử dụng 1 ngày xài ngon nha mng,positive,pin
"Mình mua máy tại FPT Shop, được nhân viên mở hộp kiểm tra máy kỹ, thử camera, thử cảm biến vân tay & màn hình test điểm chết trước khi giao",neutral,màn_hình
ship hàng toàn quốc ạ,neutral,khác
Mua được 3 ngày nhắn tin bị lác quay video máy nóng có lúc bị đơ,negative,khác
"Hiệu năng mạnh mẽ nhờ vào chip Snapdragon 8 Gen 3, chạy mượt mà mọi tác vụ.",positive,hiệu_năng
"Máy chạy mượt, pin trâu, nhân viên rất nhiệt tình",positive,pin
Cho tôi hỏi giá cuối ki km là bn tiền ? Màu tím nhé,neutral,giá
"Điện thoại rất đẹp,samsung cao cấp dùng sướng khỏi nói nhân viên nhiệt tình",positive,thiết_kế
Máy quá tốt tôi đang dùng Ss qua mà máy dùng rất là hay nhân viên hỗ trợ nhiệt tình sẽ ủng hộ sau này,positive,khác
"Khu vực dốc láp, vĩnh yên còn hàng k shop",negative,khác
"Dạ Iphone 15 màu hồng có sẵn hàng tại cửa hàng Phường Thới An, TP.HCM không ạ",neutral,khác
sao máy ảnh k rõ nét,negative,khác
Mới mua poco M6 4G đen giá 3tr740 muốn đổi qua poco m6 pro bù bao nhiêu shop,neutral,giá
"Cho hỏi giờ mua tại shop có giá 4.9tr ko , hay phải chờ đến 11/11 hay như nào ạ ?",neutral,giá
hiện có hàng tại shop 282 phạm văn thuận Biên hòa gần vòng xoay không shop?,neutral,khác
"Tôi thích ở dòng này pin không bị ảo như oppo hay các dòng khác, pin 3000 mấy ngang các con oppo 5000, Pin không tuộc ảo.",negative,pin
Mình mới mua 29/12 giờ không thích nữa muốn đổi dòng máy khác thì mất phí bn ạ,negative,khác
Muốn mua góp thì làm sao ạ,neutral,khác
"Cảm nhận bạn đầu là máy Sài mượt , và máy rất mát. Trước mình hay dùng máy dùng chip snap 820 và 865+ máy khá nóng . Camera thì tạm chấp nhận được, mình tìm bản google cam cho máy mà không có",positive,camera
"Cho e hỏi là e lắp 2 sim Vinaphone va viettel đều đăng ký mạng sinh Viettel vào mạng và hiện thị 3g, còn Vinaphone có sóng gọi đi được nhưng không vào mạng được. Kể cả lắp 1 sim Vinaphone cũng vậy ạ. Em cảm ơn",neutral,khác
Em muốn trả góp nên trả bao nhiêu trước,neutral,khác
Sao mình mua 13 thương ma cảm thấy pin tụt kha nhanh với hay bị đo,negative,pin
muốn đổi oppo a5i đỏ thì cần bù bao nhiêu tiền ạ chi nhánh ở phường chu văn an hải phòng,neutral,giá
mua trả tiền thẳng + giảm tối đa là còn khoản bao nhiu vậy shop,neutral,giá
Dt còn bảo hành mới mua 1 tháng thì shop thâu lại giá ntn ạ,negative,giá
Mình còn đang trả góp đt bây h có thể góp thêm cái nữa được ko,negative,khác
Sản phẩm tóit,positive,khác
sao giảm giá chỉ có màu cam thôi ạ,neutral,giá
Dùng đc 3 tháng ko dùng ốp mà bị chóc sơn zui,negative,khác
Mình ra tgdd để hỏi về việc pin iphone 14 thường để qua đêm pin tụt 12%.nhân viên tư vấn cho mình kêu bình thường mà hôm qua bảo hành gọi cho mình kêu mang ra để chuẩn đoán.khó hiểu quá.,neutral,pin
"Sử dụng hơn tháng rất tệ ko biết là do phần mềm hay gì đó lỗi liên tục đặc biệt là Facebook và Yotubi ko phải do mạng mỗi lần quay vòng vòng là phải tắt nguồn khởi động lại mới sử dụng bình thường được đã mang ra thế giới Di Động nhưng cũng vô dụng đc chỉ dẫn đem lại OPPO bảo hành, mua một đống tiền chứ có ít đâu mà tệ quá tệ thua cái A5 thời xưa, do chưa có thời gian đi ra chụ sở bảo hành,.",negative,giá
Ip17 màu tím chi nhanh Tô Ngọc Vân có hàng ko ạ,neutral,hiệu_năng
Mua sử dụng chưa được 1 tháng mà máy lướt nhiều lúc không đi vô messenger thì nó cứ quay vòng vòng hoài k load được mấy tin nhắn cũ. Lúc mua ở thế giới di động thì hộp đã được khu sẵn rồi,neutral,loa_âm_thanh
Chưa được 1 tháng mà sao đôi khi màn hình trắng cần bảo hành,negative,màn_hình
Điện thoại samsung j7pro bi be man hinh con len nguon đc giam 1tr ko vay,negative,khác
Oppo A5 pro 5G rất tốt mọi thứ đều ok,positive,khác
"Phụ huynh nhu cầu đọc báo , nhắn tin thì dùng 128gb đủ k shop",neutral,khác
"máy dùng tốt, mua 10 ngày rồi vẫn chưa nhận được loa",positive,loa_âm_thanh
Dùng khá ok. Pin khá trâu,positive,pin
"tôi bị khởi động lại máy suốt, không hài lòng sản phẩm",negative,khác
Giá s25u hôm nay nhiêu b,neutral,giá
4G hơi yếu chơi liên quân thi thoảng bị lag,negative,khác
Khu vực yên mỹ hưng yên mình còn sản phẩm không,positive,khác
Pin tốt. Máy quá ok,positive,pin
e muốn đổi từ 15 pro max 256 lên 17 pro bạc 256 thì cần thêm bao nhiêu ạ,neutral,khác
Dt mới mua pin sạc 100% để chế độ may bay .sáng tut còn 96% . cảm thấy pin ko ổn rồi,negative,pin
Máy app rác khá nhiều. Các bạn muốn mượt mà với ram 4gb thì hãy về xóa hoặc tắt các app rác đi nhé Để lại ứng dụng nào không thể xóa hoặc tắt thôi. Hãy bật thêm 4gb ram ảo lên nữa. Chúc các bạn dùng mượt và lâu dài.,neutral,hiệu_năng
"Màn hình đẹp, sắc nét, tần số quét cao mang lại trải nghiệm rất tốt.",positive,màn_hình
Đây là con điện thoại đáng để đầu tư. Mình khuyên ai đang tìm kiếm một chiếc smartphone tầm trung tốt nên cân nhắc Redmi Note 15 này ngay và luôn.,positive,khác
"điện thoại dùng mượt, chụp hình đẹp, pin dùng mãi chả thấy hết để sạc, rất hài lòng. Ai đang định mua thì chọn luôn không phải lăn tăn nhé",positive,pin
"Máy của mình mua từ hôm đầu ra mắt tới giờ chưa được 1 năm nhưng pin đã chai khá nhiều, không biết có lỗi gì hay có trong diện có thể kiểm tra và bảo hành không ạ",negative,pin
"Ủa sao trên mạng bán 30.690 mà thế giới di động phước thái,long thành bán 31500",neutral,khác
Trải nghiệm rất tuyệt,positive,khác
"Máy đẹp, chạy mượt, rất ưng",positive,hiệu_năng
"Giao hàng nhanh gọn lẹ, đóng gói kỹ càng cẩn thận. Nhân viên shop tư vấn nhiệt tình, hướng dẫn sử dụng chi tiết nữa chứ.",positive,hiệu_năng
Ip 14 còn màu gì ạ,negative,khác
ở quận 4 còn không gọi cho mình 09xxxx4467,neutral,khác
Mới mua. Cảm thấy hài lòng. Nhân viên phục vụ tốt.,positive,khác
lỗi phần mềm liên hệ tổng đài thì bảo đem xuống đmx hay tgdd để kiểm tra nhưng đem xuống bảo lỗi phần mềm k giải quyết được,negative,khác
Máy lỗi gửi bảo hành hẹn 14 ngày là xong. Gửi ngày 28/3. 3/4 gọi hẹn 7/4. 5/4 gọi báo lễ hẹn 10/4.10/4 báo dự kiến 16/4. 11/4 gọi lên bảo dự kiến 20/4. Ủa vậy hẹn 14 ngày là 14 ngày như thế nào. Là bảo hành dữ chưa,negative,khác
Dạ máy Samsung Galaxy A16 4GB 128GB có còn áp dụng giảm giá không ạ? Và mua trực tiếp tại cửa hàng thì có chênh lệch mức giá so với mức đang hiện trên web không ạ ?,neutral,giá
Vì sao ở phan chân máy lại có khe hở. Rất de cho bui lọt vào. Đay la do thiết kế hay máy lỗi,negative,thiết_kế
"Rất hối hận khi mua chiếc điện thoại này Định mua nó để chơi game liên quân, không ngờ khi mua về chơi nó giật như điên, thêm cái bị lỗi nút di chuyển nữa. Chán",negative,khác
"Giá tại FPT hiện khoảng 3tr1 cho bản 4/128, nhưng có chương trình giảm giá còn có 2tr7 trả góp 0% lúc khuyến mãi,mình canh đợt sale nên thấy lời hơn hẳn so với mấy chỗ nhỏ lẻ",neutral,giá
Minh dùng thấy pin tạm ổn,positive,pin
Xài oke lắm nhà mượt mà,positive,khác
Shop còn 14pro 128g không ạ,neutral,khác
"Máy chạy rất mượt, không nóng máy khi sử dụng lâu.",positive,khác
iP15 256gb còn đủ màu ở Hà Nội k shop ơi,positive,khác
"Mới mua máy về đã chạy ios 18.5 dùng khoảng 1 tuần vào cài đặt bị đơ vài lần phải tắt đa nhiệm mới ổn. Dùng đến ngày thứ 29 dính lỗi resetcounter mang lên đổi trả nv nói phải gửi hãng thẩm định mất 15 ngày , quá chán luôn còn thời gian đổi trả mà khồn được đổi ngay mang về theo dõi thêm bị resetcounter nhiều thì mang bảo hành.",negative,hệ_điều_hành
"xứng đáng cho 10 sao,với mức giá như vậy là quá ok rồi còn có mạng 5G nữa.Tất cả đều ok",positive,giá
Dung lượng pin dùng tạm ổn,positive,pin
ip 16plus 256 gb màu xanh mong két ở Yên Bái (Lào Cai) có không ạ,positive,khác
"Tôi mua iPhone 15 128GB tại Thế Giới Di Động ngày 03/09/2025, dùng rất kỹ, không rơi, không vô nước, không sửa chữa gì cả. Bình thường tôi ít nghe gọi, chủ yếu dùng để làm việc và lướt web, nên tới nay 23/10/2025 mới phát hiện mic của máy bị rè nặng, gọi điện hoặc gọi video thì bên kia nghe tiếng rè rất to, lúc có lúc không nghe được.Một chiếc điện thoại giá hơn 15 triệu mà vừa qua 1 tháng đã lỗi mic thì thật sự quá thất vọng Tôi chọn mua tại Thế Giới Di Động vì tin tưởng hàng chính hãng và dịch vụ bảo hành uy tín, nhưng giờ gặp lỗi thế này thì thật sự mất niềm tin.Mong Thế Giới Di Động kiểm tra và hỗ trợ đổi máy hoặc xử lý bảo hành sớm, chứ lỗi phần cứng thế này thì người dùng không thể chấp nhận",negative,hiệu_năng
"Giảm 42 phần trăm là áp dụng cho chương trình trả góp luôn hả shop, thủ đức còn hàng không shop, trong ngày mai e ghé shop nhận hàng luôn được không.",neutral,khác
cho mình hỏi ở FPT Linh Đàm có điện thọa SS A56 5g không shop?,neutral,khác
Banh nhân viên giao hàng rất nhiệt tình,positive,khác
Máy dùng ok,positive,khác
"Mình không rành công nghệ nhưng dùng iPhone 16 Plus thấy rất dễ. Máy mượt, pin trâu, và chụp ảnh gia đình đẹp lung linh. Rất đáng đầu tư",positive,pin
"ss s25 mượt, màn hình đẹp, mỏng nhẹ. tuy nhiên phần tối ưu phần mềm thứ ba một vài ứng dụng chưa tối ưu bằng iphone.",positive,màn_hình
"Tốt cho trải nghiệm, hại cho túi tiền",positive,giá
Sài rất đã rất mượt nhân viên thì tư vấn rất nhiệt tình nhiều ưu đãi nhiều giảm giá săn cob 12/256 chỉ 9 triệu rưõi rất hài lonhf,positive,giá
Lúc mới tôi mua tận 5 củ 890 lậnSử dụng tới bây giờ vẫn ok dù lỡ làm rớt nhiều lần,positive,khác
Này có ở hoà thành k shop,neutral,khác
Có trả góp 0 lãi suất không ạ?,neutral,khác
Sản phẩm này có hỗ trợ sạc nhanh không?,positive,hiệu_năng
"Tại sao iPhone 16 prm lại chụp ảnh mờ hơn các loại ip khác, màu không đẹp",negative,camera
"Mình là khách quen của FPT Shop rồi nên hôm nay mua tặng cho em gái con A07 8GB 256GB. Mày mã thiết kế sang trọng, cấu hình mạnh mẽ nữa. Rất hài lòng.",positive,thiết_kế
xiaomi 15t pro mua thẳng ko nhận quà có mã nhân viên thì còn bao nhiêu vậy shop. bản 512 bg,neutral,khác
"Mua hôm 12/12, nhân viên tư vấn nhiệt tình, đt thì lướt mượt, máy nhẹ, camera đẹp,chỉnh sửa AI siêu đỉnh, thiết kế đuôi cá cũng đẹp với người thích màu mè như mình. Mình rất hài lòng luôn",positive,camera
Hổm mua 13.2 nay lên 15.7 vãi chưởng,positive,khác
Em mua ss a15 bên a gần 1 năm giờ thứ lại bn,negative,khác
mua cái iphone 14 128g blue xong hư cái chân sạc chưa biết lỗi của ai mà bảo hành sửa chữa báo giá 12.100.000 Đ tiền mua cái mới hỏi thì nó do bên bảo hành báo giá TGĐ Đ làm ăn như cái QQ,negative,giá
"Mẹ ơi đúng ngon luôn,hàng xiaomi mà trên 10 củ nó vẫn là cái gì đó quá đẳng cấp",positive,khác
Qua làm hồ sơ góp không được nhanh lắm nhưng nhân viên hướng dẫn rất vui vẻ và nhiệt tình,negative,hiệu_năng
"Em mua trả góp bằng thẻ ngân hàng chính của em nhưng đk lại không đc cứ để là không hỗ trợ thẻ phụ, thẻ tín dụng kinh doanh... là sao ạ",neutral,khác
ip 17 màu xanh lá xô ở cam ranh còn k ạ,neutral,khác
"Mình mua và sử dụng củng được vài tháng ròi ,mua vì hàng đập hộp cho an tâm nào dè sài chán ,máy nóng mau tuột pin ,60hz chậm , màu hồng đẹp",positive,pin
28/2 su đụng toi tháng 7 sam sung quá vẫn ổn định sam sung qua đinh người giao hang rất dễ thương nua điện thoại rất tốt một like,positive,khác
Ổn.mượt. Pin ok.,positive,pin
Mau hết PIN,negative,pin
Mình mua ngày 24 tháng 7 đến này dùng thấy ok. nhân viên hỗ trợ nhiệt tình,positive,khác
"Con máy chạy mượt mà như nước chảy, mở nhiều app cùng lúc vẫn không giật lag gì hết. Pin cũng trâu lắm, xài cả ngày mới hết.",positive,pin
tư vấn em ạ,positive,khác
Lỗi panic và reset mọi người nên cẩn thận khâu bảo hành đợi lâu đấy,negative,khác
Làm sao lấy được gói gemoni ai pro 6 tháng,negative,khác
"Xã Bình Sơn, Quảng Ngãi còn hàng ko ạ",neutral,khác
Máy mình mua hồi tháng 6 mà pin tụt còn 93% vậy có phải là lỗi pin không ạ,negative,pin
"Không khác gì với những đời trước là bao, pin cũng không trâu như mong đợi, không xứng đáng với giá 30tr",negative,pin
"Trước giờ điều mua hàng TGDD, rất tin tưởngVì vậy hôm nay không để ý, lúc tính tiền xong, chưa khui hộp gì hết, hết mới phát hiện cái hộp đt bị móp méo, nói nhân viên đổi cho cái khác để làm quà tặng, mà nó không đổi, chán",negative,giá
"Mua điện thoại gần 1 tuần, xài zalo hay bị nhỡ cuộc goi trong khi mạng mạnh, thông báo zalo chậm, cảm ứng có khi chậm, chụp hình không đẹp, được cái pin cũng khá trâu.",negative,pin
Trả góp thì cần điều kiện gì vậy ạ Cụ thể mua góp 6 tháng thì góp như thế nào,neutral,khác
"Màu máy Coral Green mình chọn rất đẹp: vừa nổi bật mà vẫn tinh tế, nếu bạn thích máy màu sắc để cá tính thì nên chọn màu này; FPT Shop có đủ màu để bạn xem mẫu trực tiếp.",positive,màn_hình
Mình muốn mua iphone 17 Promax 512,neutral,khác
Mình mới mua hôm nay sao mà nhạc chuông nhỏ quá vậy,positive,khác
"Bỏ mấy chục triệu ra để nhận về cục tức. Chế độ bảo hành kiểm tra thì lề mề, bên này đùng đẩy trách nhiệm cho bên kia. Sợ thật sự",negative,khác
Có bán sẵn sạc 45 W của máy ko shop ? Giá sao ?,neutral,giá
Máy lỗi có được đổi trả tại nhà không?,neutral,khác
"sản phẩm mượt, ko gì để chê",positive,khác
mua hàng tại các shop lớn như này có thể yên tâm về chất lượng sản phẩm hơn nữa shop hỗ trợ bảo hành tại tất cả các cửa hàng trên toàn quốc rất tiện lợi cho người mua hàng,positive,khác
"Giá ngoài đời với trên mạng bằng nhau hay sao ạ , hay trên lệch vài trăm ngàn",neutral,giá
Pin tuột mau,negative,pin
Thu cũ s23 ultra đổi s25ultra bản 512Gb thì bao nhiêu ?,neutral,khác
Mới ghim sạc 1 lần sao tự dưng báo chu kì sạc 2 lần là sao nhỉ,neutral,khác
"Samsung A07 là chiếc điện thoại phổ thông rất đáng mua, pin 5000mAh dùng thoải mái cả ngày rưỡi mới cần sạc. Bản 128GB là điểm cộng lớn trong tầm giá này, tha hồ tải ứng dụng mà không lo hết bộ nhớ. Nhân viên FPT Shop tư vấn mẫu này cho mình để làm máy phụ rất hợp lý.",positive,pin
Cưa hàng mình còn A16 bản 4G không shop,neutral,khác
"Không biết máy sạc bao lâu đầy vậy ạ, sao em sạc từ 16% lên 59% tận gần 50p, đã bật sạc nhanh",positive,hiệu_năng
Mình đen s22 màu xanh ra thu cũ đổi mới có được không ạ,neutral,khác
Xài oke lắm nhà mượt mà,positive,khác
Tháng 10 này còn suất hỗ trợ 1tr khi mua bằng thẻ credit/debit techcombank không?,neutral,khác
ịp promax lên đời 17 pro max cáp thêm bao nhiêu ạ ·,neutral,khác
chụp ảnh đẹp,positive,camera
Không thể chấp nhận được mang máy đi bảo hành hơn 10 ngày chưa có kết quả gị. Giờ muốn trả máy lại cho tgdđ do máy bị lỗi chứ ko phải do khách hàng không thích dùng vẫn bị mất 20% giá trị sp . Ủa cầm tiền đi mua máy . Máy hư . Mìn mất tiền trong time chính sách đổi trả.tưởng chính sách của tgdđ tốt hơn mua. Sai lầm,negative,giá
"Máy mạnh, thiết kế đẹp, màn hình tiệc vời. nhân viên tư vấn ok",positive,màn_hình
SẢN PHẨM DÙNG ỔN,positive,khác
Fpt vị thanh còn con m6 pro này không ạ,neutral,khác
"Máy lỗi sóng như máy lock, bắt wifi kém .. Chơi game nhẹ feefine nếu không sài wifi chỉ sài mạnh còn Thua cả máy samsung 5tr",negative,khác
máy mua hồi tháng 6 tới h ít sạc mà pin tụt 91% v có phải máy bị lỗi pin k mọi ng,negative,pin
14promax 1T (tím) muốn lên 17promax 1T cam thì cần bù bao nhiêu vậy shop,neutral,khác
"Mua hôm 12/12, nhân viên tư vấn nhiệt tình, đt thì lướt mượt, máy nhẹ, camera đẹp,chỉnh sửa AI siêu đỉnh, thiết kế đuôi cá cũng đẹp với người thích màu mè như mình. Mình rất hài lòng luôn",positive,camera
"Mới mua ngày hôm qua 3/10/2025 giới thiệu bin 7000 mà tui xài thấy có trâu bò gì đâu nghe truyện offline mà còn mau gì đâu, TGGD có cho mình đổi cái khác được không chứ mình không hài lòng với cái này với lại shop ko có khuyến mãi gì hết",negative,khác
K lấy quà với góp sao v shop,negative,khác
Tôi xài OK cảm ơn TGDĐ,positive,khác
"Đã mua đc khoảng 45 hôm , mình cảm thấy về vấn đề xử lý và load thì ko vấn đề gì , chỉ có điểm ko dc ưng ý là pin 5000 mà tụt khá là nhanh , để độ sáng 50% thì khá là tối dù ở trong nhà",negative,pin
Máy đẹp. Chụp hình đẹp hơn 15 nhiều.,positive,thiết_kế
em muốn mua trả góp thì trả trước tầm bao nhiêu vậy ạ ?,neutral,khác
"Bị trộm mất con realme c60 nên đổi sang con này, dùng tạm ổn nhưng bị cắt giảm chức năng khá nhiều, đôi lúc cần chụp màn hình hoặc tắt màn hình hoặc tắt nguồn toàn phải dùng phím cứng",negative,màn_hình
Mua ở HN tới Đà Nẵng có được bảo hành ko,negative,khác
Pin ko trâu lắm rất thất vọng,negative,pin
Tôi đứng hon 1 tháng rồi. Nhìn chung là máy rất ổn. Tuy nhiên tôi nhận thấy mấy bát wifi và phát wifi hoi kem. Tình năng điều khiển mi không sử dụng đc.,positive,khác
Đt mình Xiaomi redmi note 14pro+5g dùng được gần 4tháng rồi giờ thu lại nhiêu ạ,positive,khác
"Máy đẹp, sử dụng mượt, ổn định",positive,thiết_kế
màu xanh lá khi nào về hàng ạ,neutral,khác
Mình mua sản phẩm này ở thegioididong thái bình trước Tết. Sử dụng OK lắm với tầm tiền bỏ ra,positive,giá
"Sài max êm lun á mn 8GB RAM đa nhiệm mượt, pin siêu trâu, thích dã man luônnn 🤩",positive,pin
Máy trong thời điểm hiện tại còn bị chậm thông báo không shop,neutral,khác
Rết tệ máy bị panicfull và res mnhf dùng để ý cứ 16 h chiêu hôm trước thì đúng 16h chiều hôm sau máy ko dùng tự tắt nguồn rồi khởi động lại lúc máy để ko còn đang dùng thì ko bị. Buồn thật,negative,khác
"Camera đặt dọc nhìn lạ mắt và gọn gàng hơn đời trước, khả năng quay video chống rung tốt. Màu trắng tinh tế nhưng dùng lâu cần vệ sinh kỹ vì dễ thấy bụi bám ở các kẽ nút bấm.",negative,camera
"Con máy chạy mượt mà lắm, mở nhiều app cùng lúc cũng không giật lag. Pin thì dùng cả ngày không cần sạc, rất đáng đồng tiền bát gạo.",positive,pin
Đg dùng 12 lên 15 khi mở ra thật tuyệt vời vì nó đẹp theo màu đen nhìn rất lịch sự sang trọng vò cầm rất đã tay màn hình rất đẹp tôi rất ưng,positive,màn_hình
Mình mới mua máy bị lỗi bong bóng chat zalo và mes ko hiển thị,negative,màn_hình
17 tím 256gb có hàng sẵn ở hà nội chưa ạ,neutral,khác
"Camera Pro có thêm thuật toán xử lý tốt hơn, ảnh portait đẹp và sắc nét hơn bản thường.",positive,camera
Trả góp trước 9tr dc kh ạ,negative,khác
"Đã mua tại FPT Shop Nam Định, sản phẩm tốt, dùng mượt mà. Có ốp đi kèm sịn xò và sạch sẽ ko bám vân tay. Máy cứng cáp chắc chắn và cầm nắm nhẹ nhàng. Thảo tác mượt mà, màn 120hz vuốt nhanh nhạy",positive,màn_hình
Có nên cập Nhật lên ios 18.2 k shop e đang 17.7.2,neutral,hệ_điều_hành
Có áp dụng đồng thời thu cũ đổi mới và trả góp ko bạn,neutral,khác
có dc tặng kèm theo sạc k a,positive,khác
mua hàng tại các shop lớn như này có thể yên tâm về chất lượng sản phẩm hơn nữa shop hỗ trợ bảo hành tại tất cả các cửa hàng trên toàn quốc rất tiện lợi cho người mua hàng,positive,khác
Em thanh toán qua thẻ tín dụng ở đâu ạ,positive,khác
"Ad cho em hỏi ,là em mua ở fptshop nào cũng có máy giá 12tr này hay sao ạ? Em ở vĩnh lộc tphcm ạ",neutral,giá
bên minh còn iphone 12 không shop,neutral,khác
"hi , bên mình có sẵn ip 15 plus 256gb không a",neutral,khác
chỉ cần điện thoại còn lên nguồn là được giảm 500k hả ad?,neutral,khác
Mua điện thoại có kèm theo sạc không hay phải mua riêng ạ,neutral,khác
"sản phẩm đúng với mô tả , đẹp , chất lượng",positive,thiết_kế
Dùng được 1 tháng rồi thấy OK,positive,khác
Tôi từng mua hàng của TGDD cũng là khách hàng thân thiết mà giờ TGDD gap sự cố thì phủi bỏ trách nhiệm ko bảo hành và thực hiện như trước,negative,khác
Mình đang dùng ip X trắng 256G đổi lên ip 17 trắng thì bù thêm bnhiu b,positive,khác
còn ở thanh hóa k ạ,neutral,khác
Bên mình có hỗ trợ giao hàng trong ngày không ạ. Nhà e cách store độ 10km,neutral,khác
"Sau 2 tháng sử dụng máy rất ok nha, sạc nhanh, pin khá trâu sài tác vụ cơ bản 78 tiếng bình thường, chơi game hay tác vụ nặng thì 56 tiếng mượt mà, loa hay và to, camera đầy đủ ánh sáng chụp ko có gì để chê, còn ánh sáng kém thì ảnh cũng đáp ứng tạm ổn, quay video thì khỏi phải bàn, màng đẹp nói chung tất cả điều ok hết nhưng phần sơn hơi dễ tróc nhất ngay cụm camera sau vs các phím cứng.",positive,pin
FPT có bản ip17 pro max esim ko,neutral,khác
Đẹp hài lòng,positive,thiết_kế
"Màn hình tương đối, maug sắc ổn, cấu hình cũng đủ mạnh, pin trâu. học sinh sinh viên sài con này chơi game rất ok rồi nha",positive,pin
mình dùng 11 128gb thì đổi lên ip 17 thường thêm bao nhiêu shop,neutral,khác
"E này đẹp mê ly luôn nha, cầm chắc tay không bị trơn trượt. Mặt kính bóng bẩy nhìn sang trọng lắm.",positive,thiết_kế
Ở chi nhánh thống nhất nha trang đã về mẫu màu hồng cam ch,positive,khác
"Rất tệ cách bảo hành của 1 siêu thị lớn, lề là lề mề, công bố chính sách bảo hành ko quá 15 ngày, nhưng rồi vẫn vượt quá số ngày cam kết, cầm tờ giấy hẹn đến cửa hàng nhưng cũng chỉ nhận đc những lời đùn đẩy đủ lí do, Tôi cần đc gặp nhân sự có quyền hạn giải quyết việc này cho tôi, thực sự bực bội",negative,khác
nó bị chóc nhâm nhâm,negative,khác
"Cửa hàng ở khu vực q12, tân phú, bình tân có còn máy hum ạ",neutral,khác
Không hài lòng với thái độ của nhân viên,negative,khác
sản phẩm này ở tp.hải dương còn không ah?,positive,khác
15/12 này e ra cửa hàng fpt shop mua trực tiếp ko biết còn giảm giá ko nhỉ,neutral,giá
Thu cũ đổi mới là như nài v shop?,neutral,khác
"Tôi mua kèm tai nghe tại sao chỉ được tặng loa, không được giảm giá",negative,giá
E muốn mua ip15 128gb thì trả trc bao nhiêu,neutral,khác
"Tôi đã dùng điện thoại Samsung nhiều năm, máy chạy ổn định và rất bền. nay đổi qua conSamsung Galaxy A07 tại FPT Shop là lựa chọn an toàn và đáng tin cậy",positive,khác
"Sản phẩm tìm kiếm nhiều: Macbook Neo | Samsung A37 | Samsung A57 | Samsung S25 | Samsung A56 © 2007 - 2024 Công Ty Cổ Phần Bán Lẻ Kỹ Thuật Số FPT • Địa chỉ: 261 - 263 Khánh Hội, P. Vĩnh Hội, TP. Hồ Chí Minh • GPĐKKD số 0311609355 do Sở KHĐT TP.HCM cấp ngày 08/03/2012.GP số 47/GP-TTĐT do sở TTTT TP HCM cấp ngày 02/07/2018Điện thoại: (028) 7302 3456 Email: fptshop@fpt.com Chịu trách nhiệm nội dung: Nguyễn Trịnh Nhật Linh.",neutral,khác
"Mình mua Poco C71 vì màn hình lớn 6,88 inch, coi YouTube hoặc đọc truyện rất đã mắt, viền màn hơi dày nhưng chấp nhận được với mức giá này",negative,màn_hình
"ad ơi. sao cập nhật lên io 17.2 bị hao pin quá ad, có cách nào quay lại bản cũ ko ad",neutral,pin
Tôi đã mua máy tại thế giới di động. Máy rất mượt và pin rất tốt tôi rất ưng ý. Đặc biệt là cam chụp rất đẹp. Dù là máy cũ nhưng mà chất lượng thì cũng là tốt. Tuy loa còn hạn chế một chút nhưng tôi lại dùng điện thoại khác để nghe nhạc,positive,pin
"Mai Sơn, Sơn La có hàng k ạ?",neutral,khác
"quá tệ điện thoại lỗi đem ra đổi mà check thì bảo ko bị gì,ko muốn đổi cho khách hàng,thua xa dòng 11",negative,khác
"mới mua iphone 13 128GB 17/09/2024 sạc nhanh ko nóng, nhưng tuột pin quá nhanh chỉ facebook và zalo . 13h đến 16h30 từ 100% còn 70 mấy %, mua xong tự nhiên muốn xài lại samsung ghê",negative,pin
Đặc quyền Bảo hành thêm 2 năm iPhone (BT)1.000.000đ2.000.000đ,negative,khác
Giá tốt đã mua 1c cho người nhà,neutral,giá
IPHONE 15 256G CÒN SẴN Ở HÀ NỘI KO Ạ,negative,khác
Cà mau còn máy 4/128g k shop ?,negative,khác
"Chính sách bảo hành chính hãng của Samsung khi mua tại FPT Shop rất rõ ràng. Tôi còn mua thêm gói bảo vệ toàn diện, dùng máy không phải lo lắng nhiều.",neutral,khác
Con đt này có ở Huế ko shop,negative,khác
Sản phẩm rát tốt,positive,khác
"đã mua ở tgdd dùng được 5 tháng, ngày sạc 2 lần, mà 2 tuần trước check pin là 99%, mà giờ vào xem thì nó tụt xuống 95% mà chỉ nghe gọi, chơi game nhẹ, mà tụt ghê thật, spham quá tệ",negative,pin
Đơn hàng mình mua hôm thứ 7 mà hôm nay thứ 2 nó vẫn đang ở trạng thái chờ xử lý là sao ta,neutral,hiệu_năng
"16GB RAM + 512GB là cấu hình mạnh mẽ, đa nhiệm không giới hạn, lưu trữ thoải mái.",positive,hiệu_năng
"Pin màu tuột, mua trước đó cái realme và cái này đều nói hết hàng, rồi lấy cái trưng bày ra cho khách, quá tệ.",negative,pin
"quay video máy nóng ran,tối màn hình lại,các chức năng khác bình thường",negative,màn_hình
"Mình mua màu tím, may mắn mua được mà không phải cọc giữ máy Năm nay ip17 thường chắc chắn sẽ ưa chuộng",neutral,khác
Cần tư vấn trả gớp,neutral,khác
Còn ở thốt nốt không vậy giá là 5.690k đúng không sợ ra ngoài mua giá khác không đủ tiền,neutral,giá
May rất ok. Nhưng hài lòng nhất là nhân viên của dmx.rất nhiệt tình với khác hàng,positive,khác
Ứng dụng tìm điện thoại người khác tìm mình thì đc mà mình tìm người khác ko đc thì có phải bị lỗi ko vậy,negative,khác
Mua được 5 tháng pin tụt còn 95%,negative,pin
Còn ở thành phố cao Bằng k,neutral,khác
"sao thấy QC 21,990k bạn",neutral,khác
Cho em hỏi điện thoại Samsung S25 ultra em mua vào hồi tháng 3 vừa rồi. Nay em lắc điện thoại có hiện tượng kêu cặch cặch là sao vậy ạ. Em có mở cam lên tiếng hành lắc rồi mà nó cũng kêu ạ. Mong shop giải đáp giúp em với ạ. Em xin cảm ơn,neutral,loa_âm_thanh
Máy mua chưa được 2 tháng sạc 47lần pin tụt còn 99%,negative,pin
ip15 có khe sim ko ạ? ở khu vực hn thì shop nào còn máy màu xanh dương ạ? khi mua máy đã kèm gói bảo hành chưa ạ,negative,khác
Bên mình còn dòng Xiaomi 13pro ko ạ,negative,khác
sp còn màu xám ở phú mỹ - bà rịa vũng tàu không ạ,neutral,khác
Hiện tại iphone 14 còn không và giá bao nhiêu vậy shop,neutral,giá
Chưa dc tháng sạc 25 lần k sạc qua đêm k dùng lhi sạc mà còn 99,negative,khác
"Máy mượt lắm nha mọi người,ok luôn",positive,khác
"Điện thoại rất đẹp, cấu hình mạnh mẽ trong tầm giá, rất đáng mua",positive,giá
Bắt sóng wifi kém,negative,khác
"Hôm kia, mình thấy có chiếc màu xanh lam khói. Mình lập tức đặt mua và đến nhận hàng tại 708 Nguyễn Trãi TPHCM. Anh nhân viên hỗ trợ mình rất nhiệt tình, hướng dẫn mình cách sử dụng cũng như bảo quản chiếc điện thoại. Chiếc điện thoại màu xanh nhẹ rất đẹp và hợp với sở thích của mình.",positive,thiết_kế
em có Hornor x6b muốn thu cũ đổi mới bù tối thiểu tầm bao nhiêu vậy shop,neutral,khác
"Thiết kế đẹp mắt, hiện đại và sang trọng, phù hợp với nhiều đối tượng người dùng.",positive,thiết_kế
"Đã mua ip 17 pro trước tết 2026 và có trãi nghiệm rất tệ. Máy sài cực kì nóng nhưng đem ra cửa hàng bảo do chưa cập nhật phần mềm nên nóng, ok mình cập nhật phần mềm lên và máy vẫn rất nóng. Bên cửa hàng ko chịu đổi cho mình họ bảo mức độ nóng này chưa tính là nóng, khi nào máy nóng mà tự sập nguồn luôn thì mới tính là nóng.Mình đã bỏ tiền ra mua sản phẩm mà mà sài trong sự bất an rất sợ tình trạng cháy nổ của ip nên mình đã phải trả lại sau hơn 1 tuần sử dụng và mất 20% vì cửa hàng hoàn toàn từ chối trách nhiệm. Hơn 10 năm tin tưởng và sử dụng sản phẩm của TGDD và đây là lần cuối. À mình đã mua lại 1 cái ip ở cửa hàng khác, sau thời gian sài thấy khá là ổn áp nên mình mới viết bài đánh giá này",positive,giá
Phường Hòa Lợi shop còn sản phẩm Xiaomi Poco X7 không ạ,negative,khác
"Không biết máy sạc bao lâu đầy vậy ạ, sao em sạc từ 16% lên 59% tận gần 50p, đã bật sạc nhanh",positive,hiệu_năng
Máy tốt nhưng mức giá cao làm cho Z Fold6 không phù hợp với đại đa số người dùng.,negative,giá
Dùng được gần 2 tháng bị lỗi tải và xem video là sao vậy,neutral,khác
Góp cần trã truoc ko add,neutral,khác
Máy bị bể có thu cũ đổi đt kho shop,neutral,khác
Em cảm ơn cho cô cái gì hết,negative,khác
"Mua ngày 25/10 thì phải. Máy mới, mà bàn phím lâu lâu thì giật giật. Có khi bấm không được luôn phải tắt nguồn lại mới được. Vào album ảnh thì chậm bấm vài ảnh xem đợi vài giây nó lại nhảy qua ảnh khác. Gần 31tr chứ k rẻ. Đề nghị kiểm tra, Dù đã đọc bình luận nhiều người đánh giá nhưng dùng iphone quen nên vẫn mua mà chán 13prm cũ dùng 4 năm còn mượt hơn.",negative,giá
"Mới mua chưa được 1 tháng, không chơi game, không sạc qua đêm. Sạc 28 lần pin còn 99% sạc 30 lần pin còn 98%",negative,pin
"Máy dùng khá là ổn,pin trâu và mượt. Không bị chậm thông báoVừa hôm quá 10tr190. Hôm này đã xuống 9tr6 thật không thể tin được",positive,pin
Tốt máy đẹp,positive,thiết_kế
"Dùng thích lắm, nhân viên hỗ trợ nhiệt tình",positive,khác
Em muốn đổi IPhone 16 Promax 256Gb máy mua hồi tháng 7 ở bên mình pin 100% sạc dưới 400 lần lên 17 Promax 256gb thì bù bao nhiêu ạ,neutral,pin
Nhân viên tư vấn nhiệt tình máy tới hiện tại dùng vẫn ok,positive,khác
Máy để qua đêm sao tuột tầm 15% pin,negative,pin
Có hàng 17 pro màu trắng ở hội an ko ad,positive,khác
"Màn hình AMOLED + viền mỏng giúp máy nhìn đẳng cấp hơn, xem phim và chơi game đều đã mắt.",positive,màn_hình
"sản phẩm này còn hàng ở cửa hàng nào Hà Đông, Hà Nội không shop",positive,khác
Nhân viên nhiệt tình ok,positive,khác
"Máy còn hàng ở ngã tư nông trường không, nếu còn thì còn màu gì vậy?",neutral,khác
